crime_date,day_of_week,month,year,day_of_year,is_weekend,is_holiday,total_crimes,total_arrests,domestic_crimes,theft_count,battery_count,damage_count,assault_count,deceptive_count,other_offense_count,narcotics_count,burglary_count,motor_theft_count,robbery_count,outdoor_count,indoor_count,other_location_count,mean_temp_f,min_temp_f,max_temp_f,dew_point_f,sea_level_pressure,visibility_miles,wind_speed_knots,max_wind_speed_knots,gust_speed_knots,precipitation_in,snow_depth_in,fog,rain_drizzle,snow_ice_pellets,thunder
2017-01-01,1,1,2017,1,1,1,1281,168,416,187,207,116,46,220,80,12,23,34,43,254,766,227,27.4,18.0,39.9,18.8,1018.0,9.5,4.5,11.1,15.9,0.0,,0,0,0,0
2017-01-02,2,1,2017,2,0,0,613,110,131,120,105,73,38,54,45,28,30,37,33,204,264,139,34.0,17.1,39.9,27.9,1020.0,7.2,5.2,8.0,,0.0,,0,1,0,0
2017-01-03,3,1,2017,3,0,0,721,133,137,148,114,82,55,78,43,38,43,34,36,245,315,157,38.2,25.2,39.9,36.9,1010.5,2.4,5.9,18.1,22.9,0.11,,1,1,0,0
2017-01-04,4,1,2017,4,0,0,614,108,116,161,95,57,34,60,54,25,30,32,29,198,263,151,18.2,9.0,39.0,9.0,1015.7,9.7,14.9,18.1,28.0,0.0,,0,0,0,0
2017-01-05,5,1,2017,5,0,0,612,115,111,132,83,68,42,65,57,25,30,44,29,202,268,135,9.3,6.1,19.0,-1.5,1018.4,9.9,11.5,17.1,19.0,0.0,,0,0,1,0
2017-01-06,6,1,2017,6,0,0,601,104,93,123,81,68,44,46,41,29,35,57,31,193,259,146,4.4,0.0,12.9,-6.4,1023.4,10.0,10.2,14.0,,0.0,,0,0,0,0
2017-01-07,7,1,2017,7,1,0,618,145,127,120,120,62,42,44,45,32,28,45,36,213,267,135,6.5,0.0,18.0,-4.8,1032.5,10.0,8.0,14.0,22.0,0.0,,0,0,0,0
2017-01-08,1,1,2017,8,1,0,591,99,121,105,115,70,45,28,54,25,21,47,35,226,238,125,9.2,0.0,18.0,-4.2,1038.7,10.0,8.2,13.0,21.0,0.0,,0,0,0,0
2017-01-09,2,1,2017,9,0,0,715,148,112,158,91,91,38,60,51,37,57,53,27,223,298,191,21.5,3.0,28.0,10.5,1027.9,9.7,11.1,17.1,21.0,0.0,,0,0,1,0
2017-01-10,3,1,2017,10,0,0,707,114,124,152,105,94,47,70,57,21,52,25,35,195,335,168,37.5,27.0,51.8,32.2,1007.7,8.5,18.0,31.1,46.0,0.03,,0,1,1,0
2017-01-11,4,1,2017,11,0,0,663,137,101,147,119,57,38,58,54,30,33,36,34,215,274,170,31.6,25.0,51.1,26.3,1010.9,8.3,12.1,27.0,39.0,0.19,,1,1,0,1
2017-01-12,5,1,2017,12,0,0,644,130,116,151,94,61,42,44,71,24,40,30,33,191,305,145,26.1,21.0,43.0,23.2,1015.9,6.0,10.9,19.0,21.0,0.33,,0,1,1,0
2017-01-13,6,1,2017,13,0,0,801,153,118,188,115,74,45,64,58,38,62,48,47,259,338,201,19.9,16.0,28.0,9.7,1037.4,10.0,8.5,11.1,,0.05,,0,0,0,0
2017-01-14,7,1,2017,14,1,0,685,148,111,136,118,80,48,49,52,38,26,40,32,250,284,149,28.9,16.0,35.1,19.3,1034.4,9.9,4.9,8.9,,0.0,,0,0,0,0
2017-01-15,1,1,2017,15,1,0,656,125,138,149,127,70,34,42,43,29,38,30,43,223,297,136,26.0,19.9,36.0,17.5,1030.7,9.6,2.4,6.0,,0.0,,0,0,0,0
2017-01-16,2,1,2017,16,0,0,653,102,118,165,119,68,46,42,40,21,43,31,32,206,296,149,32.6,19.9,36.0,28.2,1025.1,5.7,3.7,8.9,,0.04,,0,1,1,0
2017-01-17,3,1,2017,17,0,0,708,124,101,186,89,81,52,63,43,31,42,28,30,214,300,188,37.2,30.2,39.0,36.2,1012.6,4.2,7.4,11.1,,1.34,,0,1,0,1
2017-01-18,4,1,2017,18,0,0,708,135,100,166,98,68,47,62,52,24,66,42,28,229,310,164,34.7,33.1,39.0,32.9,1018.3,5.1,9.2,13.0,19.0,0.48,,0,1,0,0
2017-01-19,5,1,2017,19,0,0,738,164,114,169,105,82,47,63,51,56,33,39,36,216,316,202,35.8,30.0,42.8,33.4,1015.8,4.2,5.7,8.9,15.0,0.0,,0,1,0,0
2017-01-20,6,1,2017,20,0,0,783,168,134,186,122,94,49,49,54,45,47,36,42,255,328,196,39.0,30.2,42.1,37.6,1005.5,2.7,6.2,9.9,,0.61,,0,1,0,0
2017-01-21,7,1,2017,21,1,0,787,161,157,193,139,98,51,45,49,37,33,31,42,294,300,189,48.2,37.9,59.0,44.3,1000.4,4.6,7.2,14.0,20.0,0.03,,1,1,0,0
2017-01-22,1,1,2017,22,1,0,742,174,163,169,143,80,45,31,63,33,33,31,35,277,295,168,42.8,37.9,59.0,39.6,1002.6,6.7,4.2,8.0,,0.0,,1,1,0,0
2017-01-23,2,1,2017,23,0,0,790,149,124,197,128,102,54,63,46,29,56,30,33,261,325,200,39.4,37.0,46.0,36.1,1006.5,8.3,7.9,12.0,18.1,0.01,,0,0,0,0
2017-01-24,3,1,2017,24,0,0,735,147,128,182,113,99,45,61,51,28,43,29,27,228,321,183,36.6,34.0,42.1,32.7,1010.8,9.9,5.7,8.9,,0.0,,0,0,0,0
2017-01-25,4,1,2017,25,0,0,748,151,119,189,118,67,52,59,48,26,60,44,30,254,305,184,37.2,35.1,42.1,34.3,1005.3,5.2,9.6,17.1,22.9,0.05,,0,1,0,0
2017-01-26,5,1,2017,26,0,0,676,151,99,170,102,51,53,47,39,34,43,47,34,221,262,189,33.2,30.0,42.1,29.6,1006.0,8.4,11.3,17.1,21.0,0.04,,0,1,1,0
2017-01-27,6,1,2017,27,0,0,783,176,132,175,121,65,40,71,60,59,52,47,33,242,344,191,27.8,24.1,34.0,20.6,1012.7,9.8,12.4,17.1,24.1,0.0,,0,0,1,0
2017-01-28,7,1,2017,28,1,0,731,140,143,169,128,91,44,50,37,35,44,40,34,255,319,153,26.7,24.1,30.9,20.2,1009.0,9.2,11.0,15.0,24.1,0.0,,0,0,0,0
2017-01-29,1,1,2017,29,1,0,634,141,119,127,118,96,24,30,39,36,30,37,32,244,276,112,26.8,24.1,28.9,16.5,1010.2,9.2,8.9,15.0,24.1,0.0,,0,0,1,0
2017-01-30,2,1,2017,30,0,0,757,132,123,171,137,82,35,72,46,24,52,38,32,237,314,202,22.1,15.1,30.0,9.7,1014.0,10.0,8.5,15.0,,0.0,,0,0,1,0
2017-01-31,3,1,2017,31,0,0,735,149,118,166,99,78,52,58,48,36,49,31,53,237,303,189,36.0,15.1,39.0,29.3,1004.7,9.6,13.6,21.0,27.0,0.04,,0,1,0,0
2017-02-01,4,2,2017,32,0,0,848,183,138,179,120,66,55,112,67,38,50,36,39,253,394,186,34.6,30.0,39.0,25.7,1015.8,9.7,10.6,15.9,24.1,0.03,,0,0,1,0
2017-02-02,5,2,2017,33,0,0,672,112,89,163,103,62,41,78,41,32,45,32,33,204,286,179,20.6,14.0,37.9,6.9,1027.1,10.0,12.1,17.1,24.1,0.0,,0,0,0,0
2017-02-03,6,2,2017,34,0,0,671,171,112,151,96,65,36,57,49,58,43,35,26,225,278,163,19.1,14.0,28.0,3.5,1030.6,10.0,10.6,15.0,22.9,0.0,,0,0,0,0
2017-02-04,7,2,2017,35,1,0,639,139,122,156,112,67,43,33,43,37,26,48,27,219,280,137,21.6,10.0,33.1,5.5,1028.0,10.0,8.6,17.1,24.1,0.0,,0,0,0,0
2017-02-05,1,2,2017,36,1,0,695,139,153,166,162,77,27,41,41,23,22,44,37,240,297,156,32.7,12.0,37.9,17.2,1014.5,10.0,11.0,20.0,27.0,0.0,,0,0,0,0
2017-02-06,2,2,2017,37,0,0,761,144,137,172,132,90,50,75,45,29,55,36,29,241,332,184,33.5,21.0,55.0,26.3,1015.4,9.0,4.9,11.1,,0.0,,0,0,0,0
2017-02-07,3,2,2017,38,0,0,695,129,103,159,119,73,47,74,47,25,47,35,26,205,312,173,43.8,41.0,50.0,43.1,998.7,2.8,6.4,17.1,28.9,0.24,,1,1,0,1
2017-02-08,4,2,2017,39,0,0,666,135,110,154,112,68,48,59,58,31,36,20,37,216,283,166,30.7,25.0,50.0,23.1,1011.0,8.9,10.6,15.9,27.0,0.23,,0,1,0,0
2017-02-09,5,2,2017,40,0,0,668,145,106,158,92,65,45,56,52,39,40,33,25,193,279,194,19.0,12.9,32.0,4.2,1023.3,10.0,11.3,15.0,21.0,0.0,,0,0,0,0
2017-02-10,6,2,2017,41,0,0,746,169,120,142,133,80,49,66,61,46,36,44,29,247,309,189,25.7,12.9,39.9,13.5,1018.6,10.0,12.0,24.1,29.9,0.0,,0,0,0,0
2017-02-11,7,2,2017,42,1,0,705,143,140,179,106,83,42,47,45,27,42,25,43,233,311,160,40.9,34.0,48.9,33.2,1009.8,9.3,5.0,9.9,,0.0,,0,0,0,0
2017-02-12,1,2,2017,43,1,0,679,138,148,148,155,84,52,39,39,30,21,26,37,250,287,139,39.3,34.0,48.9,28.8,1016.5,9.4,12.9,28.0,36.9,0.0,,0,1,0,0
2017-02-13,2,2,2017,44,0,0,719,142,109,169,99,90,61,54,55,29,40,37,29,235,287,195,34.6,25.0,46.9,19.9,1025.7,10.0,9.5,19.0,20.0,0.0,,0,0,0,0
2017-02-14,3,2,2017,45,0,0,712,130,144,157,132,63,59,45,64,25,49,31,24,226,317,167,39.7,25.2,50.0,26.4,1011.8,10.0,10.9,15.9,21.0,0.0,,0,0,0,0
2017-02-15,4,2,2017,46,0,0,675,155,130,151,117,68,49,51,56,39,40,20,31,238,257,173,33.2,26.1,50.0,17.2,1010.8,10.0,12.1,17.1,24.1,0.0,,0,0,0,0
2017-02-16,5,2,2017,47,0,0,671,138,109,182,109,57,39,50,44,34,30,40,26,244,271,154,33.4,27.0,41.0,12.8,1013.1,10.0,7.0,12.0,,0.0,,0,0,0,0
2017-02-17,6,2,2017,48,0,0,835,169,126,192,122,95,56,79,61,43,54,35,30,296,343,190,43.2,27.0,66.9,28.4,1005.5,10.0,6.9,14.0,20.0,0.0,,0,0,0,0
2017-02-18,7,2,2017,49,1,0,749,163,141,170,151,86,46,45,57,30,34,29,20,276,314,154,57.5,44.1,70.0,35.4,1004.8,10.0,7.9,9.9,15.9,0.0,,0,0,0,0
2017-02-19,1,2,2017,50,1,0,674,119,143,166,158,97,35,31,34,29,25,23,26,257,271,146,51.1,35.1,70.0,33.6,1013.8,9.7,2.8,8.9,,0.0,,0,0,0,0
2017-02-20,2,2,2017,51,0,0,712,158,122,149,132,91,52,47,45,32,33,32,22,250,297,161,53.0,35.1,70.0,39.8,1018.3,8.1,8.0,19.0,24.1,0.0,,0,0,0,0
2017-02-21,3,2,2017,52,0,0,679,155,131,164,118,69,54,51,50,29,28,21,25,235,270,169,60.1,41.0,70.0,49.8,1012.9,8.5,8.4,15.0,22.9,0.03,,0,1,0,0
2017-02-22,4,2,2017,53,0,0,703,159,130,146,139,68,54,52,63,27,32,22,28,237,284,178,57.7,48.9,68.0,51.9,1008.1,6.0,7.4,15.9,22.9,0.01,,1,0,0,0
2017-02-23,5,2,2017,54,0,0,655,148,111,123,107,76,46,53,64,58,23,30,24,202,272,177,51.6,37.9,68.0,44.2,1006.0,9.8,10.5,17.1,25.1,0.0,,0,1,0,0
2017-02-24,6,2,2017,55,0,0,660,143,132,155,115,63,53,54,48,32,42,25,19,205,296,155,39.4,37.9,39.9,36.7,1002.4,7.1,12.0,18.1,26.0,0.31,,0,1,0,1
2017-02-25,7,2,2017,56,1,0,599,147,127,124,111,72,39,39,34,40,28,32,24,173,280,142,29.3,23.0,39.9,21.6,1007.9,8.7,12.6,19.0,26.0,0.05,,0,1,1,0
2017-02-26,1,2,2017,57,1,0,576,145,143,126,133,63,26,35,51,39,15,27,24,212,244,116,32.3,21.0,48.9,17.2,1016.2,10.0,11.1,21.0,33.0,0.0,,0,0,0,0
2017-02-27,2,2,2017,58,0,0,633,117,128,143,119,57,48,56,45,31,29,30,31,216,244,173,41.1,21.2,54.0,27.7,1019.1,10.0,7.0,14.0,22.0,0.0,,0,1,0,0
2017-02-28,3,2,2017,59,0,0,631,147,108,154,111,53,43,65,31,24,48,30,16,202,274,151,51.3,45.0,60.1,44.6,1011.5,9.2,11.7,17.1,22.9,0.01,,0,1,0,1
2017-03-01,4,3,2017,60,0,0,754,142,142,148,107,54,43,133,70,41,36,31,23,193,371,175,47.1,32.0,60.1,43.8,999.3,5.6,9.4,24.1,32.1,0.64,,1,1,1,1
2017-03-02,5,3,2017,61,0,0,629,149,112,136,107,60,45,62,55,51,23,22,17,186,265,174,32.0,28.9,34.0,20.8,1022.0,9.1,10.6,20.0,28.9,0.08,,0,0,1,0
2017-03-03,6,3,2017,62,0,0,675,154,126,163,113,67,45,68,45,46,25,32,24,207,283,182,27.5,21.0,35.1,7.5,1032.8,9.9,10.6,15.0,21.0,0.0,,0,0,1,0
2017-03-04,7,3,2017,63,1,0,633,153,138,138,123,66,40,44,36,43,29,24,28,217,263,152,33.2,21.9,42.1,22.3,1033.7,8.8,9.4,18.1,21.0,0.01,,0,0,1,0
2017-03-05,1,3,2017,64,1,0,662,149,146,146,138,86,32,32,45,39,22,30,32,250,273,135,41.4,28.2,60.1,28.8,1024.6,10.0,12.8,19.0,25.1,0.0,,0,0,0,0
2017-03-06,2,3,2017,65,0,0,683,133,117,166,129,82,49,54,44,35,33,30,18,221,275,183,54.8,52.0,61.0,46.9,1013.2,10.0,16.0,22.9,35.0,0.0,,0,1,0,0
2017-03-07,3,3,2017,66,0,0,685,122,132,156,137,63,48,62,59,27,31,28,17,217,284,179,55.1,44.1,64.9,40.9,1007.8,9.7,20.4,27.0,42.9,0.24,,0,1,0,1
2017-03-08,4,3,2017,67,0,0,667,170,124,143,127,61,54,67,51,39,27,21,17,198,282,183,46.3,41.0,64.9,20.1,1014.2,10.0,18.9,31.1,48.0,0.0,,0,0,0,0
2017-03-09,5,3,2017,68,0,0,676,157,120,155,123,77,41,46,49,47,36,20,22,199,281,194,39.0,28.9,53.1,19.4,1021.1,10.0,7.6,17.1,25.1,0.0,,0,0,0,0
2017-03-10,6,3,2017,69,0,0,667,150,109,157,106,58,45,58,57,41,34,26,25,211,279,173,31.8,26.1,42.1,7.7,1026.7,10.0,11.8,17.1,22.9,0.0,,0,0,0,0
2017-03-11,7,3,2017,70,1,0,660,167,146,136,157,82,32,38,54,27,25,35,21,218,304,132,24.0,18.0,37.0,-5.0,1032.2,10.0,8.7,13.0,,0.0,,0,0,0,0
2017-03-12,1,3,2017,71,1,0,553,119,127,100,118,67,33,41,52,36,25,15,29,177,242,132,26.5,18.0,36.0,3.0,1031.6,10.0,4.7,13.0,,0.0,,0,0,0,0
2017-03-13,2,3,2017,72,0,0,541,103,106,123,107,43,44,46,44,22,32,15,17,131,258,149,29.5,18.0,36.0,22.1,1024.5,4.8,9.6,15.0,20.0,0.13,2.0,0,0,1,0
2017-03-14,3,3,2017,73,0,0,475,96,96,99,88,37,39,63,41,20,30,14,14,107,238,123,25.2,19.0,30.9,17.3,1026.2,4.6,12.5,19.0,25.1,0.32,3.9,1,0,1,0
2017-03-15,4,3,2017,74,0,0,609,135,114,138,110,67,44,60,44,41,29,25,15,180,264,160,23.5,16.0,33.1,7.0,1028.4,10.0,10.9,15.0,21.0,0.03,2.0,0,0,0,0
2017-03-16,5,3,2017,75,0,0,669,151,127,151,112,65,51,49,52,36,30,38,23,201,277,188,29.0,16.0,42.1,10.9,1026.9,10.0,5.5,8.9,,0.0,1.2,0,0,0,0
2017-03-17,6,3,2017,76,0,0,712,152,115,154,111,83,59,55,54,43,31,33,32,250,261,197,38.2,19.2,50.0,30.1,1019.4,7.0,8.1,13.0,,0.03,1.2,0,1,1,0
2017-03-18,7,3,2017,77,1,0,675,134,139,139,145,101,37,36,39,30,26,31,32,228,297,148,42.3,36.0,50.0,32.0,1019.0,9.6,11.9,17.1,29.9,0.0,,0,0,0,0
2017-03-19,1,3,2017,78,1,0,605,137,155,102,141,81,50,36,41,33,19,14,33,216,251,136,40.8,28.9,53.1,29.5,1026.8,10.0,5.6,11.1,,0.0,,0,0,0,0
2017-03-20,2,3,2017,79,0,0,696,145,129,138,133,81,50,66,52,30,33,21,32,228,293,170,48.6,29.1,54.0,38.3,1017.2,9.2,8.8,17.1,26.0,0.13,,0,1,0,1
2017-03-21,3,3,2017,80,0,0,651,143,131,143,127,62,45,52,49,37,23,22,29,203,274,172,43.7,35.1,54.0,29.0,1021.2,9.7,8.1,13.0,18.1,0.0,,0,0,0,0
2017-03-22,4,3,2017,81,0,0,647,130,130,147,121,73,60,36,38,26,38,21,31,181,289,173,33.5,28.9,37.9,19.3,1032.8,10.0,12.9,20.0,28.0,0.0,,0,0,0,0
2017-03-23,5,3,2017,82,0,0,666,142,122,130,130,71,47,53,45,46,25,33,31,223,246,192,36.8,28.0,50.0,20.4,1029.2,10.0,9.7,17.1,24.1,0.0,,0,0,0,0
2017-03-24,6,3,2017,83,0,0,780,159,132,162,145,86,66,56,49,42,43,34,33,278,310,189,58.3,29.1,82.0,39.3,1014.2,10.0,12.5,22.0,29.9,0.02,,0,1,0,1
2017-03-25,7,3,2017,84,1,0,695,156,164,157,145,84,46,33,53,39,32,29,27,250,296,148,42.7,41.0,46.0,37.9,1017.0,6.9,11.8,18.1,19.0,0.16,,0,1,0,0
2017-03-26,1,3,2017,85,1,0,702,147,158,157,150,98,60,41,48,36,22,19,26,265,287,150,51.3,41.0,62.1,47.2,1011.7,4.5,6.8,11.1,15.9,0.56,,0,1,0,0
2017-03-27,2,3,2017,86,0,0,722,149,145,151,134,72,59,60,53,34,38,29,39,238,291,191,50.4,45.0,62.1,46.8,1012.3,5.0,6.1,13.0,,0.29,,1,1,0,0
2017-03-28,3,3,2017,87,0,0,673,136,132,151,122,74,58,48,47,23,28,28,28,203,294,171,43.8,41.0,52.0,36.6,1017.9,9.9,9.3,12.0,28.0,0.0,,0,0,0,0
2017-03-29,4,3,2017,88,0,0,669,145,134,168,116,69,52,50,54,35,36,23,24,186,309,171,40.9,35.1,50.0,34.7,1022.9,6.7,9.0,17.1,20.0,0.0,,1,1,0,0
2017-03-30,5,3,2017,89,0,0,691,142,119,166,108,85,56,57,44,35,29,28,27,206,297,185,43.3,35.1,48.9,39.1,1011.7,6.8,12.1,19.0,29.9,0.91,,0,1,0,0
2017-03-31,6,3,2017,90,0,0,778,144,127,181,129,83,56,65,61,47,41,30,17,248,305,222,39.3,37.0,45.0,35.8,1008.9,6.0,14.1,19.0,27.0,1.13,,0,1,0,0
2017-04-01,7,4,2017,91,1,0,835,155,170,193,135,97,41,111,50,29,36,29,29,229,399,188,44.6,34.0,59.0,26.3,1020.6,10.0,5.8,9.9,,0.02,,0,0,0,0
2017-04-02,1,4,2017,92,1,0,691,138,157,145,156,89,49,33,48,30,26,27,35,268,285,138,49.7,34.0,61.0,27.1,1020.8,10.0,4.9,9.9,19.0,0.0,,0,1,0,0
2017-04-03,2,4,2017,93,0,0,698,139,134,159,115,83,55,70,42,31,27,23,35,215,301,180,50.4,42.1,61.0,39.7,1006.7,8.9,6.2,12.0,,0.17,,0,1,0,0
2017-04-04,3,4,2017,94,0,0,713,149,140,133,133,71,62,58,76,35,33,26,25,231,299,177,48.9,46.0,55.9,43.3,1001.4,8.0,8.9,13.0,,0.2,,0,1,0,0
2017-04-05,4,4,2017,95,0,0,633,111,134,153,127,55,37,56,47,21,38,28,24,202,284,145,44.8,39.9,55.9,39.3,1012.0,6.9,9.9,22.9,32.1,0.09,,0,1,0,0
2017-04-06,5,4,2017,96,0,0,668,132,114,166,112,71,60,47,45,29,32,30,20,228,256,182,42.9,37.4,50.0,33.8,1008.4,8.7,17.5,24.1,33.0,1.55,,0,1,0,0
2017-04-07,6,4,2017,97,0,0,706,147,126,163,108,87,45,57,57,43,35,30,28,225,309,169,43.8,37.0,54.0,22.4,1017.9,10.0,11.1,15.9,22.0,0.29,,0,0,0,0
2017-04-08,7,4,2017,98,1,0,696,146,140,158,151,105,39,50,40,34,23,26,18,247,291,156,49.9,37.0,68.0,27.1,1016.1,10.0,9.3,21.0,26.0,0.0,,0,0,0,0
2017-04-09,1,4,2017,99,1,0,761,173,174,158,172,99,70,32,48,43,25,27,23,288,298,173,64.1,57.0,75.9,44.1,1007.9,10.0,15.7,24.1,34.0,0.0,,0,0,0,0
2017-04-10,2,4,2017,100,0,0,684,138,140,129,112,82,56,77,60,35,26,30,28,218,301,161,68.8,46.9,78.1,53.2,1006.4,9.9,15.7,22.0,38.1,0.0,,0,1,0,1
2017-04-11,3,4,2017,101,0,0,704,177,133,178,107,65,53,51,64,59,24,20,24,231,306,161,46.8,42.1,53.1,39.6,1019.2,7.3,8.7,14.0,20.0,0.32,,1,1,0,1
2017-04-12,4,4,2017,102,0,0,729,140,145,174,127,84,52,63,54,21,32,28,29,233,327,163,47.7,36.0,59.0,35.7,1027.2,10.0,5.5,12.0,,0.0,,0,0,0,0
2017-04-13,5,4,2017,103,0,0,665,131,118,160,108,79,49,57,46,28,25,30,24,219,267,176,49.7,42.1,59.0,33.7,1026.9,9.5,8.6,14.0,24.1,0.07,,0,1,0,0
2017-04-14,6,4,2017,104,0,0,774,171,143,165,135,90,59,64,57,42,22,33,37,269,306,195,54.1,46.9,66.0,41.1,1023.2,10.0,7.7,8.9,,0.12,,0,0,0,0
2017-04-15,7,4,2017,105,1,0,820,150,160,167,191,106,52,61,45,24,31,38,36,307,336,176,69.7,46.9,82.0,54.7,1014.9,9.5,12.9,26.0,35.0,0.06,,0,1,0,0
2017-04-16,1,4,2017,106,1,0,687,147,172,116,187,108,43,26,52,20,21,19,32,278,275,132,68.1,59.0,82.0,52.5,1012.2,9.3,12.2,21.0,35.0,0.68,,0,1,0,1
2017-04-17,2,4,2017,107,0,0,753,150,152,160,140,78,68,60,63,28,41,29,28,259,308,180,58.8,44.1,73.0,35.5,1020.0,10.0,6.0,12.0,,0.59,,0,0,0,0
2017-04-18,3,4,2017,108,0,0,736,189,135,157,137,73,63,41,60,41,32,26,29,260,263,211,55.4,41.0,75.9,39.2,1020.4,10.0,9.3,22.0,28.9,0.0,,0,0,0,0
2017-04-19,4,4,2017,109,0,0,759,160,133,180,126,77,54,60,52,37,50,20,37,235,331,190,64.7,41.0,75.9,52.7,1015.4,10.0,8.5,14.0,,0.0,,0,1,0,1
2017-04-20,5,4,2017,110,0,0,713,148,126,188,113,79,61,42,43,34,38,18,29,236,303,172,56.5,45.0,73.0,46.6,1012.2,10.0,11.3,21.0,29.9,0.01,,0,0,0,0
2017-04-21,6,4,2017,111,0,0,816,204,147,195,133,64,53,59,75,56,58,35,28,288,321,205,50.4,44.1,57.9,35.4,1016.6,10.0,12.7,17.1,29.9,0.0,,0,0,0,0
2017-04-22,7,4,2017,112,1,0,701,135,153,140,150,80,58,41,54,40,36,26,25,265,287,149,49.7,42.1,60.1,29.8,1021.7,10.0,9.4,14.0,15.0,0.0,,0,0,0,0
2017-04-23,1,4,2017,113,1,0,703,134,143,156,149,73,61,28,52,31,23,25,44,263,269,169,54.5,37.0,72.0,26.3,1019.9,10.0,3.5,11.1,,0.0,,0,0,0,0
2017-04-24,2,4,2017,114,0,0,737,148,148,158,151,74,58,55,43,22,40,30,26,254,313,169,55.3,37.0,73.0,34.4,1015.4,10.0,7.2,12.0,,0.0,,0,0,0,0
2017-04-25,3,4,2017,115,0,0,758,156,135,180,126,84,62,55,53,31,32,34,26,269,297,188,63.7,39.9,79.0,43.5,1005.3,10.0,9.2,15.9,22.9,0.0,,0,0,0,0
2017-04-26,4,4,2017,116,0,0,758,169,141,151,160,85,73,39,56,47,42,21,25,221,319,217,69.5,52.0,79.0,54.1,998.1,10.0,11.9,18.1,27.0,0.0,,0,0,0,0
2017-04-27,5,4,2017,117,0,0,716,162,136,176,143,60,48,49,63,42,28,26,21,212,300,201,54.3,44.1,73.9,48.3,999.0,8.7,12.0,22.9,28.9,0.35,,0,1,0,0
2017-04-28,6,4,2017,118,0,0,832,216,166,176,166,72,61,58,48,50,37,36,29,273,331,228,48.4,39.9,62.1,38.2,1011.8,9.8,6.5,14.0,17.1,0.01,,0,1,0,0
2017-04-29,7,4,2017,119,1,0,617,111,130,140,110,83,40,41,41,27,28,39,24,206,272,136,45.5,39.2,55.0,36.9,1018.7,8.2,13.7,21.0,28.0,0.0,,0,1,0,0
2017-04-30,1,4,2017,120,1,0,658,118,136,129,121,98,56,31,48,33,27,28,33,255,254,146,43.6,39.9,46.9,41.3,1013.1,3.4,14.3,27.0,35.0,2.03,,0,1,0,1
2017-05-01,2,5,2017,121,0,0,867,133,164,183,135,68,51,144,76,32,45,24,30,206,433,215,49.6,43.0,57.0,43.5,998.0,7.6,10.1,19.0,28.9,1.24,,1,1,0,1
2017-05-02,3,5,2017,122,0,0,689,135,120,154,119,74,62,62,52,36,31,27,23,211,296,179,45.8,41.0,57.0,37.8,1004.4,9.6,15.8,19.0,28.9,0.1,,0,1,0,0
2017-05-03,4,5,2017,123,0,0,739,145,132,165,142,71,54,54,57,40,41,22,34,238,311,185,47.6,35.1,55.9,33.4,1019.3,10.0,5.8,12.0,,0.01,,0,0,0,0
2017-05-04,5,5,2017,124,0,0,741,141,136,189,141,76,59,54,39,47,34,15,35,258,301,180,48.7,35.1,55.9,34.5,1016.7,10.0,8.9,15.9,20.0,0.0,,0,0,0,0
2017-05-05,6,5,2017,125,0,0,800,167,132,162,143,81,65,67,62,51,37,25,26,265,306,228,49.1,41.0,61.0,37.3,1010.9,10.0,12.0,21.0,31.1,0.0,,0,0,0,0
2017-05-06,7,5,2017,126,1,0,713,137,174,175,153,81,48,42,42,32,21,34,33,264,320,128,51.0,41.0,61.0,36.2,1009.1,9.9,10.3,19.0,28.0,0.11,,0,1,0,0
2017-05-07,1,5,2017,127,1,0,631,126,150,141,161,79,37,24,40,13,20,24,32,236,277,118,48.3,36.0,59.0,24.6,1015.4,10.0,8.3,13.0,17.1,0.0,,0,0,0,0
2017-05-08,2,5,2017,128,0,0,708,156,132,172,120,65,41,60,54,43,34,22,34,236,285,181,46.1,34.0,59.0,25.8,1019.4,10.0,5.5,11.1,15.0,0.0,,0,0,0,0
2017-05-09,3,5,2017,129,0,0,707,148,135,170,123,64,63,50,53,34,39,26,28,241,293,169,48.1,34.0,61.0,33.2,1015.0,9.8,6.3,9.9,,0.15,,0,1,0,0
2017-05-10,4,5,2017,130,0,0,665,129,100,160,105,76,55,48,51,27,37,26,22,186,280,193,55.0,42.1,66.9,38.7,1014.0,9.5,5.3,12.0,,0.13,,0,1,0,0
2017-05-11,5,5,2017,131,0,0,738,153,118,176,140,76,61,40,42,38,45,35,24,257,286,192,54.8,44.1,66.9,46.7,1013.5,6.6,9.5,17.1,19.0,0.87,,0,1,0,1
2017-05-12,6,5,2017,132,0,0,849,181,135,213,141,86,73,61,68,48,38,32,22,288,343,213,58.6,45.0,73.0,41.2,1014.5,10.0,5.3,12.0,,0.0,,0,0,0,0
2017-05-13,7,5,2017,133,1,0,724,164,140,161,137,95,60,37,52,36,30,27,21,285,288,150,62.1,45.0,82.0,44.0,1012.1,10.0,7.2,15.9,24.1,0.0,,0,0,0,0
2017-05-14,1,5,2017,134,1,0,712,154,195,148,174,82,55,30,48,25,19,32,29,282,292,135,62.4,46.9,82.0,43.9,1011.5,10.0,6.3,14.0,,0.0,,0,0,0,0
2017-05-15,2,5,2017,135,0,0,874,162,167,201,179,94,55,76,59,44,40,33,33,305,324,241,62.5,50.0,82.0,42.9,1013.9,10.0,7.5,13.0,,0.0,,0,0,0,0
2017-05-16,3,5,2017,136,0,0,748,156,127,173,159,76,62,41,45,36,36,33,29,273,291,181,74.1,50.0,87.1,57.7,1008.9,10.0,10.2,20.0,29.9,0.02,,0,1,0,1
2017-05-17,4,5,2017,137,0,0,835,168,171,189,178,93,88,42,44,37,31,34,28,312,310,213,78.3,61.0,87.1,58.2,1004.5,10.0,16.7,27.0,39.0,0.0,,0,0,0,0
2017-05-18,5,5,2017,138,0,0,777,162,154,181,159,80,67,62,47,31,30,24,32,258,294,220,74.0,62.1,84.0,57.7,1005.2,9.8,18.1,27.0,42.9,0.37,,0,1,0,1
2017-05-19,6,5,2017,139,0,0,776,148,137,193,126,83,65,59,44,45,46,38,29,229,331,212,48.0,43.0,73.9,40.7,1018.7,9.4,15.6,21.0,29.9,0.0,,0,1,0,0
2017-05-20,7,5,2017,140,1,0,664,153,120,159,107,83,54,41,46,39,22,29,27,241,266,156,51.4,43.0,64.0,44.6,1018.1,8.5,10.9,15.0,20.0,0.23,,0,1,0,1
2017-05-21,1,5,2017,141,1,0,792,181,222,155,212,101,67,27,60,35,29,28,29,294,331,166,60.8,48.0,64.9,52.9,1013.0,7.7,9.1,17.1,25.1,0.39,,0,1,0,1
2017-05-22,2,5,2017,142,0,0,798,155,147,184,141,81,72,58,53,33,34,23,37,270,328,200,57.5,48.0,73.0,42.6,1015.4,10.0,11.4,15.9,26.0,0.05,,0,0,0,0
2017-05-23,3,5,2017,143,0,0,739,165,134,168,142,65,57,46,59,39,34,29,32,231,291,213,60.7,48.0,73.0,53.3,1009.3,9.1,7.4,15.9,21.0,0.01,,0,1,0,0
2017-05-24,4,5,2017,144,0,0,762,156,122,209,114,95,64,45,49,34,32,26,29,281,306,172,56.9,53.1,62.1,51.7,1002.6,7.9,10.1,19.0,24.1,0.5,,0,1,0,0
2017-05-25,5,5,2017,145,0,0,763,141,150,174,146,79,65,56,62,29,31,24,30,252,332,177,58.8,53.1,69.1,50.7,1002.0,10.0,10.6,15.9,22.9,0.17,,0,1,0,0
2017-05-26,6,5,2017,146,0,0,769,179,123,181,133,61,51,48,66,45,54,30,32,271,311,182,60.2,52.0,71.1,51.4,1009.0,9.2,5.2,12.0,,0.0,,0,1,0,0
2017-05-27,7,5,2017,147,1,0,801,212,157,174,174,100,54,39,33,51,38,16,27,302,313,185,61.7,52.0,78.1,52.8,1011.5,9.4,5.4,12.0,,0.53,,0,1,0,0
2017-05-28,1,5,2017,148,1,0,706,171,167,131,183,74,50,30,59,26,32,19,28,255,274,176,67.6,52.0,78.1,55.0,1007.7,9.6,5.4,14.0,20.0,0.0,,0,0,0,0
2017-05-29,2,5,2017,149,0,0,768,196,195,151,182,92,61,29,53,34,32,24,32,311,302,154,68.7,55.9,77.0,46.6,1008.2,10.0,10.5,22.0,33.0,0.0,,0,0,0,0
2017-05-30,3,5,2017,150,0,0,814,157,173,189,160,97,68,53,61,21,28,34,29,302,327,181,64.2,54.0,77.0,44.3,1012.7,10.0,9.5,21.0,31.1,0.0,,0,1,0,0
2017-05-31,4,5,2017,151,0,0,741,153,138,158,135,90,69,49,58,38,41,16,27,244,286,206,63.8,52.0,73.9,43.5,1014.3,10.0,9.3,15.9,22.0,0.0,,0,1,0,0
2017-06-01,5,6,2017,152,0,0,907,167,188,198,128,78,72,141,62,38,37,16,31,255,416,211,66.4,51.1,81.0,40.6,1016.9,10.0,4.8,9.9,,0.0,,0,0,0,0
2017-06-02,6,6,2017,153,0,0,840,164,146,207,160,93,71,54,43,45,44,36,29,296,341,201,70.5,51.1,86.0,41.5,1017.5,10.0,4.0,9.9,21.0,0.0,,0,0,0,0
2017-06-03,7,6,2017,154,1,0,825,169,181,190,191,106,45,44,48,27,32,32,41,332,305,187,73.4,53.1,86.0,48.6,1015.8,10.0,5.4,13.0,,0.0,,0,0,0,0
2017-06-04,1,6,2017,155,1,0,820,170,195,166,198,105,67,37,40,35,29,36,43,332,294,191,80.1,57.0,91.9,58.5,1010.1,10.0,7.5,13.0,21.0,0.0,,0,0,0,0
2017-06-05,2,6,2017,156,0,0,737,131,138,179,129,74,80,59,37,25,33,35,29,266,270,197,70.0,62.1,91.9,55.7,1008.9,10.0,9.9,21.0,27.0,0.0,,0,0,0,0
2017-06-06,3,6,2017,157,0,0,827,164,153,198,155,99,77,69,45,33,37,28,30,302,319,199,64.5,54.0,75.9,44.5,1015.9,10.0,12.6,19.0,26.0,0.0,,0,0,0,0
2017-06-07,4,6,2017,158,0,0,788,146,139,194,147,75,69,63,43,22,37,35,26,265,332,188,66.7,54.0,77.0,43.7,1019.0,10.0,8.9,15.0,,0.0,,0,0,0,0
2017-06-08,5,6,2017,159,0,0,769,143,128,190,133,87,61,56,49,17,37,31,32,291,287,190,69.1,53.1,82.9,42.9,1016.1,10.0,3.3,9.9,,0.0,,0,0,0,0
2017-06-09,6,6,2017,160,0,0,816,175,139,188,146,74,63,48,45,31,48,34,44,297,309,208,74.3,53.1,87.1,52.7,1008.5,9.9,7.5,12.0,15.9,0.06,,0,1,0,0
2017-06-10,7,6,2017,161,1,0,785,161,165,208,177,62,62,41,47,29,30,34,30,301,287,194,75.6,64.0,90.0,53.9,1009.5,10.0,9.9,20.0,31.1,0.0,,0,0,0,0
2017-06-11,1,6,2017,162,1,0,813,159,192,200,207,91,67,35,48,26,23,26,27,328,304,179,81.8,64.0,93.0,55.9,1011.3,10.0,13.1,19.0,26.0,0.0,,0,0,0,0
2017-06-12,2,6,2017,163,0,0,742,149,153,182,152,67,57,43,43,39,26,41,30,280,274,185,85.0,73.0,95.0,60.5,1012.2,10.0,11.6,18.1,21.0,0.0,,0,0,0,0
2017-06-13,3,6,2017,164,0,0,810,159,141,206,143,78,65,65,53,30,37,33,39,251,337,218,79.9,68.0,95.0,62.5,1013.4,10.0,6.5,15.0,25.1,0.0,,0,0,0,0
2017-06-14,4,6,2017,165,0,0,770,145,149,209,131,72,71,53,53,23,41,38,24,256,310,196,77.3,68.0,91.9,64.4,1012.0,9.6,7.9,22.0,28.9,0.0,,0,1,0,1
2017-06-15,5,6,2017,166,0,0,824,160,140,202,140,91,68,68,45,25,54,26,31,283,327,209,76.2,68.0,91.9,64.4,1009.8,9.5,8.1,18.1,25.1,0.6,,0,1,0,1
2017-06-16,6,6,2017,167,0,0,834,177,151,197,166,79,63,65,57,31,33,38,34,320,299,209,76.8,66.9,91.0,59.9,1008.5,9.8,8.8,26.0,34.0,0.27,,0,1,0,1
2017-06-17,7,6,2017,168,1,0,827,134,178,199,196,102,40,58,37,23,39,42,27,312,333,181,78.0,66.9,87.1,66.7,1003.6,9.8,8.7,15.0,22.0,0.12,,0,1,0,1
2017-06-18,1,6,2017,169,1,0,785,146,190,179,214,89,48,37,38,14,33,28,34,297,313,174,74.4,69.1,87.1,63.6,1002.6,10.0,10.0,19.0,28.0,0.31,,0,1,0,0
2017-06-19,2,6,2017,170,0,0,747,140,163,174,147,99,53,36,54,30,30,36,25,282,301,164,70.2,63.0,80.1,54.4,1008.5,10.0,9.3,25.1,31.1,0.0,,0,1,0,1
2017-06-20,3,6,2017,171,0,0,803,151,136,188,145,116,68,49,36,32,44,32,38,267,320,213,67.2,57.9,80.1,52.8,1013.2,10.0,9.0,15.9,22.0,0.03,,0,1,0,0
2017-06-21,4,6,2017,172,0,0,787,163,120,193,121,76,54,56,61,32,37,41,39,291,307,187,67.7,55.0,80.1,53.1,1014.0,10.0,5.5,11.1,,0.0,,0,0,0,0
2017-06-22,5,6,2017,173,0,0,818,134,154,224,137,97,54,71,47,22,40,27,35,278,319,217,78.5,55.0,88.0,63.5,1009.7,10.0,10.7,18.1,27.0,0.0,,0,0,0,0
2017-06-23,6,6,2017,174,0,0,778,144,129,206,131,95,52,53,44,29,33,37,27,292,305,178,76.9,66.9,88.0,62.2,1005.1,9.7,10.7,21.0,28.0,0.71,,0,1,0,1
2017-06-24,7,6,2017,175,1,0,819,170,151,190,180,95,62,45,45,40,32,35,35,317,306,196,69.6,61.0,82.9,51.5,1012.1,10.0,11.0,20.0,27.0,0.0,,0,0,0,0
2017-06-25,1,6,2017,176,1,0,794,159,183,180,196,91,77,29,48,18,32,31,30,321,297,175,64.0,54.0,75.0,46.6,1017.9,9.9,11.0,19.0,24.1,0.02,,0,1,0,0
2017-06-26,2,6,2017,177,0,0,789,143,151,193,142,83,55,54,55,32,41,39,38,275,314,194,64.0,54.0,75.0,46.1,1018.5,10.0,10.5,20.0,28.9,0.0,,0,0,0,0
2017-06-27,3,6,2017,178,0,0,772,172,154,196,149,71,54,45,46,34,29,30,42,291,296,182,64.6,50.0,78.1,44.4,1018.7,10.0,7.0,18.1,22.0,0.0,,0,0,0,0
2017-06-28,4,6,2017,179,0,0,708,127,125,160,104,72,63,50,45,27,53,47,37,247,287,173,67.6,50.0,80.1,50.8,1014.3,9.7,11.1,24.1,28.9,0.0,,0,1,0,0
2017-06-29,5,6,2017,180,0,0,776,139,135,196,146,85,60,55,49,26,36,40,16,271,300,202,74.4,57.9,81.0,63.8,1008.1,9.6,12.2,19.0,27.0,1.3,,1,1,0,1
2017-06-30,6,6,2017,181,0,0,778,153,134,201,141,80,59,45,52,30,33,29,39,278,305,191,73.0,64.0,84.0,65.3,1009.6,8.4,5.7,9.9,,0.02,,0,1,0,0
2017-07-01,7,7,2017,182,1,0,938,183,180,204,160,99,67,111,76,34,33,24,29,331,374,217,75.1,66.0,84.0,60.1,1011.1,10.0,8.5,15.9,24.1,0.0,,0,0,0,0
2017-07-02,1,7,2017,183,1,0,780,159,178,164,165,103,62,23,45,28,30,32,43,343,280,155,74.4,62.1,89.1,56.3,1015.6,10.0,9.0,15.9,25.1,0.0,,0,0,0,0
2017-07-03,2,7,2017,184,0,0,865,196,162,214,145,91,63,72,47,63,42,33,34,307,376,177,73.0,62.1,89.1,62.2,1016.5,10.0,6.7,13.0,15.9,0.0,,0,0,0,0
2017-07-04,3,7,2017,185,0,1,796,173,188,167,184,104,55,31,51,22,27,40,26,332,290,173,72.3,64.0,82.9,61.2,1017.9,10.0,7.0,11.1,,0.04,,0,0,0,0
2017-07-05,4,7,2017,186,0,0,859,166,198,182,164,104,73,58,52,31,36,40,35,330,338,186,76.2,64.0,89.1,61.3,1018.6,9.5,5.4,13.0,,0.0,,0,0,0,0
2017-07-06,5,7,2017,187,0,0,782,155,146,197,131,74,69,46,46,24,45,31,38,295,300,185,80.7,64.9,93.0,64.0,1015.3,10.0,4.5,13.0,,0.0,,0,0,0,0
2017-07-07,6,7,2017,188,0,0,758,164,144,175,140,81,70,69,33,29,37,37,24,284,293,179,80.9,69.1,93.0,66.0,1011.0,9.8,8.7,14.0,18.1,0.0,,0,1,0,1
2017-07-08,7,7,2017,189,1,0,760,147,169,179,159,77,56,46,48,27,46,36,21,295,303,160,70.5,62.1,89.1,55.3,1015.0,10.0,6.6,18.1,24.1,0.0,,0,0,0,0
2017-07-09,1,7,2017,190,1,0,822,162,190,193,196,87,72,25,45,33,32,28,50,342,305,172,73.4,62.1,86.0,51.8,1016.4,10.0,6.1,11.1,18.1,0.0,,0,0,0,0
2017-07-10,2,7,2017,191,0,0,779,159,134,195,110,89,64,60,49,42,41,29,29,291,311,174,77.0,63.0,86.0,66.1,1010.0,9.5,7.2,20.0,29.9,0.35,,0,1,0,1
2017-07-11,3,7,2017,192,0,0,770,145,140,202,131,77,58,59,51,30,38,32,27,262,307,194,76.4,66.9,84.9,68.3,1010.6,9.5,4.3,12.0,,0.38,,0,1,0,0
2017-07-12,4,7,2017,193,0,0,691,119,117,193,113,91,48,42,47,25,32,26,28,234,299,157,75.4,68.0,84.9,70.0,1011.5,8.9,9.4,25.1,34.0,0.59,,0,1,0,1
2017-07-13,5,7,2017,194,0,0,819,165,136,211,155,93,49,53,41,42,41,27,34,294,316,203,78.2,72.0,82.9,69.2,1013.6,9.9,8.7,14.0,17.1,1.74,,0,1,0,0
2017-07-14,6,7,2017,195,0,0,801,172,163,208,149,81,63,52,40,43,48,30,22,309,305,185,70.9,64.9,82.9,59.7,1018.1,10.0,8.3,12.0,,0.0,,0,0,0,0
2017-07-15,7,7,2017,196,1,0,889,162,179,219,185,94,51,62,56,38,37,33,39,350,336,198,69.7,60.1,81.0,58.2,1020.0,10.0,4.7,8.9,14.0,0.0,,0,0,0,0
2017-07-16,1,7,2017,197,1,0,812,176,183,171,183,96,64,32,44,34,36,44,37,335,304,167,71.8,60.1,81.0,61.5,1016.1,10.0,9.6,19.0,27.0,0.0,,0,1,0,0
2017-07-17,2,7,2017,198,0,0,849,145,144,242,133,96,54,68,58,33,44,33,35,288,335,220,67.4,55.9,79.0,56.2,1017.1,10.0,6.1,11.1,,0.0,,0,0,0,0
2017-07-18,3,7,2017,199,0,0,792,138,132,203,146,80,51,66,53,21,33,30,27,276,326,182,73.7,55.9,89.1,59.2,1017.2,9.0,3.6,8.0,,0.0,,0,0,0,0
2017-07-19,4,7,2017,200,0,0,770,154,137,209,134,61,54,53,46,41,39,37,27,284,277,205,80.5,60.1,89.1,68.1,1017.4,10.0,5.8,11.1,,0.0,,0,0,0,0
2017-07-20,5,7,2017,201,0,0,762,133,128,195,124,80,58,53,52,31,53,18,44,277,311,170,76.7,69.1,88.0,69.0,1014.9,9.1,8.6,25.1,36.9,1.4,,0,1,0,1
2017-07-21,6,7,2017,202,0,0,758,173,126,215,141,72,44,43,41,37,48,27,25,253,321,181,79.7,70.0,89.1,69.7,1014.2,9.7,4.9,20.0,28.9,0.85,,1,1,0,1
2017-07-22,7,7,2017,203,1,0,755,117,167,179,164,87,54,41,39,30,39,38,29,275,313,165,77.4,72.0,89.1,69.7,1009.2,9.0,7.5,18.1,26.0,2.08,,0,1,0,1
2017-07-23,1,7,2017,204,1,0,842,153,204,182,203,106,65,37,42,28,41,30,36,343,324,174,78.8,70.0,90.0,67.5,1008.4,9.6,5.0,22.0,28.9,0.01,,0,1,0,1
2017-07-24,2,7,2017,205,0,0,782,134,128,165,127,86,60,79,60,27,40,27,43,272,292,211,70.6,66.0,73.0,60.1,1014.3,10.0,9.4,17.1,22.0,0.21,,0,0,0,0
2017-07-25,3,7,2017,206,0,0,850,158,141,225,128,110,52,68,66,30,41,32,33,299,343,203,71.2,61.0,82.0,57.7,1020.7,10.0,6.6,14.0,,0.0,,0,0,0,0
2017-07-26,4,7,2017,207,0,0,754,144,141,178,133,83,57,54,50,33,46,29,27,289,305,160,74.9,64.9,84.9,62.1,1018.1,9.9,6.8,12.0,,0.0,,0,0,0,0
2017-07-27,5,7,2017,208,0,0,790,153,136,218,138,76,64,45,49,31,40,26,43,282,311,194,77.9,64.9,84.9,68.0,1013.3,8.6,8.6,18.1,22.9,0.03,,0,1,0,0
2017-07-28,6,7,2017,209,0,0,851,142,146,246,138,92,53,64,51,29,44,39,30,282,328,239,73.6,69.1,82.0,60.1,1014.3,10.0,12.0,18.1,22.0,0.0,,0,0,0,0
2017-07-29,7,7,2017,210,1,0,800,163,167,170,191,103,52,43,52,29,31,34,27,305,308,184,72.0,64.0,79.0,53.6,1018.5,10.0,9.8,18.1,21.0,0.0,,0,0,0,0
2017-07-30,1,7,2017,211,1,0,818,153,181,177,199,89,65,35,45,32,26,42,35,340,311,165,73.3,62.1,84.0,57.5,1021.4,10.0,5.3,11.1,,0.0,,0,0,0,0
2017-07-31,2,7,2017,212,0,0,795,156,134,213,133,83,54,59,56,27,40,28,27,302,296,193,75.7,62.1,86.0,57.2,1021.5,10.0,2.5,8.0,,0.0,,0,0,0,0
2017-08-01,3,8,2017,213,0,0,968,136,181,246,136,104,66,111,87,34,39,35,46,325,417,206,76.5,66.9,86.0,61.2,1018.4,10.0,3.7,15.9,35.0,0.0,,0,1,0,1
2017-08-02,4,8,2017,214,0,0,774,158,156,182,139,100,58,56,68,33,23,28,28,274,313,185,76.7,66.0,87.1,63.0,1015.9,9.9,5.9,13.0,,0.92,,0,0,0,0
2017-08-03,5,8,2017,215,0,0,849,155,154,234,153,93,59,66,46,33,45,22,31,319,328,201,74.7,66.0,87.1,66.6,1014.6,9.6,7.4,28.0,39.0,0.0,,0,1,0,1
2017-08-04,6,8,2017,216,0,0,926,165,130,311,131,86,52,77,52,37,45,30,39,348,356,219,63.1,55.9,84.0,54.0,1010.8,9.8,13.3,17.1,25.1,0.88,,0,1,0,1
2017-08-05,7,8,2017,217,1,0,928,154,156,317,144,90,61,59,62,23,36,29,41,397,336,193,67.7,55.9,80.1,53.3,1016.1,10.0,7.4,15.9,,0.0,,0,0,0,0
2017-08-06,1,8,2017,218,1,0,865,171,197,229,196,98,69,29,49,35,32,31,40,362,326,177,70.7,60.1,80.1,56.7,1016.3,10.0,3.7,9.9,,0.0,,0,0,0,0
2017-08-07,2,8,2017,219,0,0,773,170,147,178,133,106,48,53,42,37,50,28,44,287,294,189,69.5,63.0,77.0,57.0,1016.8,10.0,6.6,14.0,,0.0,,0,0,0,0
2017-08-08,3,8,2017,220,0,0,771,157,126,199,115,82,61,62,48,40,36,26,35,254,302,212,70.2,57.9,84.0,50.4,1020.6,10.0,4.9,8.0,,0.0,,0,0,0,0
2017-08-09,4,8,2017,221,0,0,770,149,164,213,138,62,58,59,52,26,29,31,30,261,315,189,72.9,57.9,84.0,55.9,1021.1,9.9,3.8,8.9,,0.0,,0,0,0,0
2017-08-10,5,8,2017,222,0,0,789,161,144,200,134,104,61,53,45,29,41,28,29,287,296,205,73.8,61.0,84.0,57.8,1018.0,10.0,7.4,15.9,20.0,0.0,,0,1,0,0
2017-08-11,6,8,2017,223,0,0,766,163,136,210,131,99,48,38,37,32,41,27,27,277,292,196,71.3,62.1,84.0,61.0,1014.7,10.0,7.0,13.0,,0.03,,0,1,0,0
2017-08-12,7,8,2017,224,1,0,814,147,136,207,175,90,46,50,29,27,37,35,36,318,297,194,68.4,60.1,78.1,56.4,1017.0,10.0,7.8,13.0,17.1,0.0,,0,0,0,0
2017-08-13,1,8,2017,225,1,0,730,143,167,165,170,84,46,29,49,15,44,30,27,290,292,147,68.8,57.0,80.1,53.3,1017.6,10.0,3.4,8.9,,0.0,,0,0,0,0
2017-08-14,2,8,2017,226,0,0,817,139,139,232,139,97,62,54,43,30,36,38,30,304,312,196,72.4,57.0,82.9,56.9,1012.6,10.0,3.8,12.0,,0.0,,0,0,0,0
2017-08-15,3,8,2017,227,0,0,795,117,121,237,126,89,49,52,40,17,40,43,40,291,308,194,75.4,62.1,84.0,63.8,1011.1,9.9,5.8,15.0,,0.0,,0,0,0,0
2017-08-16,4,8,2017,228,0,0,796,127,148,223,132,70,67,64,46,23,40,36,39,295,296,196,75.0,66.9,88.0,64.2,1014.5,9.5,7.0,15.9,22.9,0.0,,0,1,0,0
2017-08-17,5,8,2017,229,0,0,770,126,128,195,123,78,57,58,57,33,46,27,49,266,304,198,77.3,66.9,88.0,68.8,1007.8,9.4,12.0,20.0,26.0,0.17,,0,1,0,1
2017-08-18,6,8,2017,230,0,0,859,165,153,214,157,89,61,50,57,46,49,31,41,325,328,201,74.2,66.9,82.0,61.3,1009.1,10.0,10.7,17.1,25.1,0.02,,0,0,0,0
2017-08-19,7,8,2017,231,1,0,892,173,166,225,190,107,68,50,42,32,28,35,44,358,330,202,74.2,63.0,86.0,58.0,1012.7,10.0,5.2,9.9,,0.0,,0,0,0,0
2017-08-20,1,8,2017,232,1,0,776,136,159,171,189,96,42,33,50,18,39,28,33,312,299,164,75.1,63.0,90.0,59.5,1015.5,9.8,4.5,8.0,,0.0,,0,1,0,0
2017-08-21,2,8,2017,233,0,0,754,137,147,193,146,86,63,53,37,17,25,36,45,290,308,153,78.1,63.0,90.0,68.7,1016.3,10.0,6.8,14.0,15.9,0.03,,0,1,0,1
2017-08-22,3,8,2017,234,0,0,783,138,145,204,143,79,54,46,47,25,38,22,55,303,302,175,75.9,71.1,87.1,63.6,1012.0,10.0,11.5,18.1,22.9,0.02,,0,1,0,0
2017-08-23,4,8,2017,235,0,0,748,153,142,187,116,84,54,44,47,32,31,42,37,268,309,167,69.6,60.1,82.0,49.6,1015.9,10.0,9.4,13.0,18.1,0.0,,0,0,0,0
2017-08-24,5,8,2017,236,0,0,802,162,121,227,126,83,43,64,53,35,46,15,41,262,302,233,66.7,60.1,79.0,53.2,1017.9,10.0,7.0,13.0,18.1,0.0,,0,0,0,0
2017-08-25,6,8,2017,237,0,0,774,164,132,185,132,85,42,61,31,70,32,28,35,305,274,188,63.6,52.0,75.0,47.9,1022.8,10.0,4.7,8.9,,0.0,,0,0,0,0
2017-08-26,7,8,2017,238,1,0,780,154,185,195,173,80,45,42,43,30,35,33,40,281,323,174,66.9,52.0,78.1,50.2,1024.0,10.0,5.6,14.0,19.0,0.0,,0,1,0,0
2017-08-27,1,8,2017,239,1,0,756,140,170,178,165,96,60,31,39,16,34,30,39,271,324,160,68.4,55.9,78.1,54.8,1020.2,10.0,7.6,11.1,,0.0,,0,1,0,0
2017-08-28,2,8,2017,240,0,0,688,143,130,180,107,63,50,62,40,33,27,27,37,246,261,178,69.8,62.1,80.1,60.1,1016.3,9.0,6.0,13.0,18.1,0.21,,0,1,0,1
2017-08-29,3,8,2017,241,0,0,724,150,124,172,113,66,60,50,40,35,40,26,43,288,262,172,67.7,61.0,80.1,62.2,1016.8,8.2,4.5,12.0,,0.16,,0,1,0,0
2017-08-30,4,8,2017,242,0,0,787,158,125,212,127,69,61,55,33,50,39,33,38,282,293,209,70.3,60.1,82.0,58.5,1017.4,9.5,4.5,11.1,,0.07,,0,0,0,0
2017-08-31,5,8,2017,243,0,0,738,172,118,143,125,70,69,62,48,52,30,41,35,284,272,177,69.3,60.1,82.0,56.8,1019.5,9.8,10.3,17.1,22.9,0.0,,0,0,0,0
2017-09-01,6,9,2017,244,0,0,924,175,147,184,135,89,51,131,62,56,38,36,51,300,375,228,64.2,57.9,73.0,49.1,1021.1,9.8,11.4,18.1,22.0,0.0,,0,0,0,0
2017-09-02,7,9,2017,245,1,0,773,174,158,184,140,75,54,41,49,58,41,28,46,285,314,171,62.3,50.0,75.0,46.0,1017.8,10.0,4.2,8.9,,0.0,,0,0,0,0
2017-09-03,1,9,2017,246,1,0,757,193,150,163,152,95,73,36,47,43,23,23,29,316,284,155,68.1,50.0,84.0,54.6,1014.7,9.4,6.0,15.9,20.0,0.25,,0,1,0,0
2017-09-04,2,9,2017,247,0,0,716,177,190,138,167,78,55,30,53,51,24,29,30,277,271,166,73.3,57.0,84.0,56.8,1009.2,9.7,10.6,15.9,22.9,0.0,,0,1,0,0
2017-09-05,3,9,2017,248,0,0,706,153,125,154,137,61,53,70,36,53,30,23,38,261,284,158,63.2,54.0,82.0,48.4,1010.6,10.0,10.8,15.0,21.0,0.0,,0,1,0,0
2017-09-06,4,9,2017,249,0,0,648,128,116,159,103,76,51,60,33,34,29,26,28,218,273,154,57.8,48.9,70.0,43.9,1015.0,10.0,9.4,13.0,19.0,0.0,,0,0,0,0
2017-09-07,5,9,2017,250,0,0,733,142,121,188,119,66,58,60,35,28,29,40,43,255,282,193,59.8,48.9,71.1,45.3,1016.8,10.0,8.2,14.0,21.0,0.0,,0,0,0,0
2017-09-08,6,9,2017,251,0,0,703,136,133,168,127,73,55,47,43,24,43,37,28,239,295,166,62.4,52.0,71.1,49.1,1020.7,10.0,5.6,13.0,,0.0,,0,1,0,0
2017-09-09,7,9,2017,252,1,0,736,150,150,187,142,76,59,57,40,23,25,25,36,262,305,163,63.5,55.9,72.0,47.7,1027.8,10.0,7.7,14.0,22.0,0.0,,0,0,0,0
2017-09-10,1,9,2017,253,1,0,741,141,160,172,171,74,62,39,39,24,26,36,37,273,286,178,60.8,50.0,72.0,45.7,1029.5,10.0,5.7,11.1,,0.0,,0,0,0,0
2017-09-11,2,9,2017,254,0,0,691,117,114,167,118,70,43,64,46,28,30,31,41,238,273,169,62.2,50.0,75.0,47.9,1025.2,9.9,3.7,8.0,,0.0,,0,0,0,0
2017-09-12,3,9,2017,255,0,0,728,140,136,194,137,57,42,63,38,33,43,31,23,249,294,183,65.0,52.0,77.0,51.8,1016.9,10.0,6.0,9.9,19.0,0.0,,0,0,0,0
2017-09-13,4,9,2017,256,0,0,706,136,113,180,114,77,60,52,37,30,44,28,19,233,271,198,65.8,54.0,77.0,57.5,1008.8,9.7,5.2,8.9,,0.0,,0,0,0,0
2017-09-14,5,9,2017,257,0,0,734,126,121,205,143,59,58,62,44,31,29,27,27,242,290,193,68.4,57.9,81.0,60.5,1010.2,6.7,3.6,8.0,,0.0,,1,0,0,0
2017-09-15,6,9,2017,258,0,0,809,131,137,231,147,80,69,58,36,29,47,26,28,310,315,181,73.4,59.0,87.1,59.4,1014.6,10.0,7.7,13.0,17.1,0.0,,0,0,0,0
2017-09-16,7,9,2017,259,1,0,826,164,148,194,163,117,69,39,45,31,29,41,32,352,304,169,76.9,62.1,88.0,60.3,1017.0,10.0,7.8,12.0,17.1,0.0,,0,0,0,0
2017-09-17,1,9,2017,260,1,0,812,128,188,205,191,98,67,42,39,22,29,29,25,316,319,176,76.6,64.9,88.0,61.8,1016.4,9.9,6.6,11.1,,0.0,,0,0,0,0
2017-09-18,2,9,2017,261,0,0,772,127,129,190,144,75,67,65,42,23,41,35,32,282,299,186,67.7,57.9,86.0,54.3,1018.5,10.0,6.3,11.1,,0.0,,0,0,0,0
2017-09-19,3,9,2017,262,0,0,709,141,144,188,144,66,46,46,40,28,33,29,28,239,285,180,69.9,57.9,79.0,62.1,1014.0,9.4,6.2,11.1,,0.07,,0,1,0,0
2017-09-20,4,9,2017,263,0,0,827,165,157,184,154,92,76,62,49,38,45,35,34,313,302,206,74.8,62.1,91.9,63.9,1011.9,8.3,8.3,20.0,22.9,0.0,,0,0,0,0
2017-09-21,5,9,2017,264,0,0,807,138,142,194,143,98,71,63,39,35,30,29,45,313,285,202,83.4,62.1,93.9,65.4,1013.7,10.0,6.0,11.1,,0.0,,0,0,0,0
2017-09-22,6,9,2017,265,0,0,799,152,140,194,150,76,69,45,47,41,47,33,29,296,295,208,83.7,71.1,93.9,66.4,1016.3,10.0,6.0,11.1,15.9,0.0,,0,0,0,0
2017-09-23,7,9,2017,266,1,0,830,151,162,184,201,108,57,47,39,21,33,31,35,336,315,176,82.7,71.1,95.0,64.7,1016.9,10.0,5.1,11.1,,0.0,,0,0,0,0
2017-09-24,1,9,2017,267,1,0,813,138,182,178,216,105,40,41,44,32,27,35,34,357,314,139,81.1,70.0,95.0,62.8,1017.2,9.7,5.6,11.1,18.1,0.0,,0,0,0,0
2017-09-25,2,9,2017,268,0,0,822,144,139,207,138,84,84,65,51,40,35,31,38,294,322,197,79.4,66.9,93.0,58.2,1014.8,10.0,5.4,13.0,,0.0,,0,0,0,0
2017-09-26,3,9,2017,269,0,0,749,138,134,190,136,80,62,58,48,33,38,26,29,256,304,186,80.0,66.9,91.9,58.5,1012.8,10.0,6.8,17.1,18.1,0.0,,0,0,0,0
2017-09-27,4,9,2017,270,0,0,726,135,130,176,151,67,50,54,34,36,39,24,42,251,286,181,69.9,63.0,91.9,53.9,1017.0,10.0,10.2,15.0,18.1,0.0,,0,0,0,0
2017-09-28,5,9,2017,271,0,0,718,132,143,179,130,66,65,47,45,30,43,25,30,227,311,178,62.0,53.1,73.9,43.5,1021.4,10.0,7.6,13.0,,0.0,,0,0,0,0
2017-09-29,6,9,2017,272,0,0,810,151,125,207,135,85,63,58,33,43,45,30,30,279,304,221,64.1,60.1,73.9,45.3,1021.0,10.0,8.7,14.0,20.0,0.0,,0,0,0,0
2017-09-30,7,9,2017,273,1,0,746,137,131,183,151,91,57,53,29,29,25,36,35,283,288,173,61.1,55.9,70.0,43.7,1028.3,10.0,7.1,9.9,,0.0,,0,0,0,0
2017-10-01,1,10,2017,274,1,0,861,154,177,182,184,85,50,92,57,26,35,31,45,298,378,163,59.1,48.0,72.0,40.5,1024.5,10.0,7.5,12.0,,0.0,,0,0,0,0
2017-10-02,2,10,2017,275,0,0,754,135,125,196,123,76,72,56,42,24,38,33,34,262,300,191,69.3,48.0,82.9,47.2,1020.0,10.0,10.0,15.0,22.0,0.0,,0,0,0,0
2017-10-03,3,10,2017,276,0,0,739,148,113,206,124,61,51,49,56,33,34,31,29,254,283,199,72.8,57.9,82.9,57.1,1022.5,10.0,13.1,18.1,22.9,0.0,,0,0,0,0
2017-10-04,4,10,2017,277,0,0,744,136,125,193,118,83,63,50,43,27,41,36,27,248,280,211,71.4,64.9,78.1,61.0,1024.2,9.5,8.9,15.0,21.0,0.0,,0,1,0,0
2017-10-05,5,10,2017,278,0,0,747,152,142,166,139,81,54,52,51,35,36,34,39,273,298,175,64.6,54.0,77.0,47.9,1022.1,10.0,4.0,8.9,,0.03,,0,0,0,0
2017-10-06,6,10,2017,279,0,0,748,145,122,199,135,67,50,56,48,27,39,33,30,263,279,204,64.2,54.0,77.0,59.0,1015.8,6.3,6.0,11.1,,0.2,,0,1,0,0
2017-10-07,7,10,2017,280,1,0,713,132,153,201,137,93,45,39,35,20,25,28,33,274,266,173,69.5,60.1,79.0,61.1,1004.6,9.1,13.9,21.0,31.1,0.13,,0,1,0,0
2017-10-08,1,10,2017,281,1,0,718,139,161,156,178,82,56,34,25,22,38,44,28,303,270,142,64.6,54.0,79.0,53.3,1006.8,10.0,9.2,19.0,31.1,0.41,,0,0,0,0
2017-10-09,2,10,2017,282,0,0,746,150,140,198,145,76,57,50,38,21,35,30,43,275,299,170,66.1,52.0,81.0,51.6,1010.0,10.0,3.6,12.0,,0.0,,0,0,0,0
2017-10-10,3,10,2017,283,0,0,705,107,138,190,111,81,57,60,46,24,35,28,23,230,283,189,61.6,57.9,64.9,54.1,1018.7,9.7,10.9,17.1,26.0,0.0,,0,1,0,0
2017-10-11,4,10,2017,284,0,0,618,112,100,157,98,67,42,44,31,29,45,23,30,200,280,133,58.8,57.0,63.0,55.8,1016.2,6.5,12.4,15.9,28.9,1.37,,0,1,0,0
2017-10-12,5,10,2017,285,0,0,765,149,116,208,133,70,56,68,52,31,50,19,27,262,308,193,57.8,55.9,62.1,53.1,1021.0,9.1,6.8,12.0,,0.2,,0,1,0,0
2017-10-13,6,10,2017,286,0,0,769,139,136,184,148,83,46,46,38,30,52,38,31,267,301,199,61.4,55.0,73.0,54.1,1019.5,9.5,6.0,11.1,,0.0,,0,0,0,0
2017-10-14,7,10,2017,287,1,0,648,120,130,155,124,76,51,34,39,14,29,45,38,244,269,133,63.6,55.0,73.0,59.5,1017.6,6.0,6.8,14.0,,1.09,,0,1,0,1
2017-10-15,1,10,2017,288,1,0,639,105,149,162,127,88,50,37,21,20,21,27,37,223,270,146,60.2,51.8,68.0,53.7,1012.5,8.3,14.2,33.0,39.0,3.3,,0,1,0,1
2017-10-16,2,10,2017,289,0,0,765,115,130,217,124,89,57,57,47,23,32,30,28,254,299,205,51.7,43.0,68.0,39.0,1024.8,10.0,7.3,12.0,,0.2,,0,0,0,0
2017-10-17,3,10,2017,290,0,0,718,117,119,158,134,71,51,72,40,30,48,27,27,249,270,192,57.0,43.0,70.0,38.8,1022.0,10.0,9.3,17.1,24.1,0.0,,0,0,0,0
2017-10-18,4,10,2017,291,0,0,774,139,112,190,134,67,57,61,47,26,50,37,37,274,285,211,59.4,46.9,71.1,41.3,1019.8,10.0,10.3,18.1,24.1,0.0,,0,0,0,0
2017-10-19,5,10,2017,292,0,0,776,141,128,204,137,75,67,59,46,22,49,25,30,236,329,207,61.4,46.9,71.1,37.0,1019.2,10.0,7.3,13.0,17.1,0.0,,0,0,0,0
2017-10-20,6,10,2017,293,0,0,852,154,148,235,153,80,59,61,44,34,62,28,36,286,358,206,61.4,51.1,78.1,44.1,1020.3,10.0,6.2,14.0,19.0,0.0,,0,0,0,0
2017-10-21,7,10,2017,294,1,0,816,134,164,191,174,88,53,58,41,33,34,27,50,320,316,178,67.5,51.1,78.1,51.0,1016.8,10.0,11.8,15.9,24.1,0.0,,0,0,0,0
2017-10-22,1,10,2017,295,1,0,741,153,156,175,154,82,55,34,38,31,34,29,45,258,316,162,65.6,51.8,72.0,56.1,1014.4,8.6,13.9,22.9,31.1,0.0,,0,1,0,0
2017-10-23,2,10,2017,296,0,0,741,128,128,184,115,80,41,65,61,30,42,30,43,253,286,193,52.3,51.1,54.0,49.0,1011.0,8.3,7.4,11.1,,0.88,,0,1,0,0
2017-10-24,3,10,2017,297,0,0,690,130,113,192,109,64,41,51,38,27,32,34,39,237,269,180,48.4,46.0,54.0,43.6,1003.1,9.0,10.6,17.1,24.1,0.52,,0,1,0,0
2017-10-25,4,10,2017,298,0,0,714,125,116,183,119,71,55,51,41,33,44,27,31,235,283,191,44.1,37.9,53.1,32.5,1008.2,10.0,7.3,11.1,,0.57,,0,0,0,0
2017-10-26,5,10,2017,299,0,0,755,150,129,185,127,64,50,66,38,37,41,24,40,247,328,174,46.5,36.0,60.1,36.4,1009.2,10.0,7.4,18.1,22.0,0.0,,0,0,0,0
2017-10-27,6,10,2017,300,0,0,820,129,112,211,123,95,52,71,47,26,45,43,48,265,342,208,45.0,36.0,60.1,32.9,1006.5,10.0,13.1,19.0,28.9,0.0,,0,0,0,0
2017-10-28,7,10,2017,301,1,0,717,138,112,177,137,80,38,48,48,26,32,35,48,260,292,161,38.5,36.0,53.1,29.9,1011.0,9.7,10.9,15.9,21.0,0.0,,0,1,0,0
2017-10-29,1,10,2017,302,1,0,696,129,146,166,149,89,47,34,41,31,29,38,28,250,294,151,39.9,33.1,46.0,26.6,1012.1,10.0,6.8,9.9,,0.0,,0,0,0,0
2017-10-30,2,10,2017,303,0,0,707,128,102,158,121,70,48,50,38,33,38,31,50,228,308,167,44.8,34.0,50.0,29.6,1006.2,10.0,11.7,24.1,33.0,0.0,,0,0,0,0
2017-10-31,3,10,2017,304,0,0,758,119,132,157,137,105,57,52,68,21,34,38,45,263,289,201,37.8,34.0,50.0,21.9,1017.2,10.0,12.6,19.0,28.9,0.0,,0,0,0,0
2017-11-01,4,11,2017,305,0,0,839,138,165,176,125,92,59,121,53,35,38,23,34,213,412,198,38.7,34.0,44.1,28.6,1016.9,9.7,7.6,12.0,,0.0,,0,1,0,0
2017-11-02,5,11,2017,306,0,0,723,141,122,172,135,74,54,46,49,24,46,30,29,230,306,184,46.6,36.0,51.1,43.8,1012.0,4.7,5.4,13.0,,0.23,,0,1,0,0
2017-11-03,6,11,2017,307,0,0,789,138,117,216,122,87,45,75,37,38,43,36,43,265,338,185,44.4,37.9,51.1,37.1,1023.6,9.7,8.3,12.0,,0.02,,0,0,0,0
2017-11-04,7,11,2017,308,1,0,757,136,138,183,142,82,48,43,44,28,30,37,51,295,298,161,45.7,44.1,48.2,39.9,1021.3,6.5,8.7,15.9,21.0,0.0,,1,1,0,1
2017-11-05,1,11,2017,309,1,0,773,156,166,166,157,109,63,44,37,34,32,28,45,286,324,162,49.5,42.1,52.0,47.0,1009.7,3.3,4.5,9.9,,0.48,,1,1,0,0
2017-11-06,2,11,2017,310,0,0,718,148,112,190,115,55,52,44,50,38,45,29,44,245,265,205,41.0,32.0,52.0,30.6,1021.5,10.0,8.9,17.1,,0.02,,0,0,0,0
2017-11-07,3,11,2017,311,0,0,677,127,114,176,114,73,48,43,47,29,36,32,26,239,270,164,40.0,33.1,45.0,29.0,1026.1,10.0,8.9,15.9,18.1,0.0,,0,0,0,0
2017-11-08,4,11,2017,312,0,0,759,133,121,199,141,65,57,43,40,27,42,27,52,270,277,206,36.6,28.9,46.0,25.5,1027.2,10.0,3.9,8.9,,0.0,,0,0,0,0
2017-11-09,5,11,2017,313,0,0,656,147,110,170,111,40,54,55,48,40,24,36,28,223,263,168,38.8,29.1,46.0,25.6,1021.4,10.0,9.0,18.1,25.1,0.0,,0,0,0,0
2017-11-10,6,11,2017,314,0,0,678,127,114,172,107,65,45,62,43,32,40,27,36,209,297,170,24.0,17.6,33.1,9.5,1033.3,9.1,9.2,17.1,24.1,0.0,,0,0,1,0
2017-11-11,7,11,2017,315,1,1,688,137,129,175,129,68,47,47,35,28,33,30,46,229,312,147,29.5,18.0,36.0,16.7,1030.6,9.9,8.6,13.0,,0.0,,0,0,0,0
2017-11-12,1,11,2017,316,1,0,666,120,160,140,153,78,35,30,40,19,34,32,47,253,296,116,37.6,26.2,39.9,29.7,1025.9,8.5,3.2,8.0,,0.01,,0,1,1,0
2017-11-13,2,11,2017,317,0,0,718,119,123,173,130,74,45,64,43,28,31,41,40,250,270,196,36.4,30.9,39.9,32.5,1030.7,4.6,5.3,8.0,,0.12,,0,1,0,0
2017-11-14,3,11,2017,318,0,0,700,121,129,172,113,83,43,51,56,27,35,29,37,223,305,168,38.9,30.0,48.9,32.5,1026.1,6.7,7.5,14.0,,0.0,,0,0,0,0
2017-11-15,4,11,2017,319,0,0,710,122,117,186,125,63,50,56,52,36,43,26,24,204,329,171,47.6,30.2,52.0,39.5,1013.3,8.1,12.0,17.1,22.9,0.02,,0,1,0,0
2017-11-16,5,11,2017,320,0,0,766,168,123,216,92,90,47,56,48,49,30,34,32,264,299,198,36.2,33.1,52.0,26.8,1020.3,10.0,11.8,22.0,35.0,0.15,,0,0,0,0
2017-11-17,6,11,2017,321,0,0,740,148,111,182,101,64,49,67,47,38,53,28,42,228,294,212,38.4,33.1,45.0,30.4,1020.2,9.6,10.5,17.1,22.9,0.0,,0,1,0,0
2017-11-18,7,11,2017,322,1,0,699,119,140,189,125,91,38,46,37,23,31,43,30,241,310,147,42.8,35.1,48.2,39.5,1001.7,5.1,11.4,22.0,28.0,0.17,,0,1,1,0
2017-11-19,1,11,2017,323,1,0,690,139,158,150,150,86,56,33,28,23,32,37,42,244,302,141,34.6,30.0,48.0,22.3,1013.9,10.0,13.7,22.0,25.1,0.51,,0,0,0,0
2017-11-20,2,11,2017,324,0,0,762,134,125,206,116,75,56,57,36,40,39,38,41,254,314,193,38.1,30.0,52.0,24.8,1014.3,10.0,12.4,19.0,27.0,0.0,,0,0,0,0
2017-11-21,3,11,2017,325,0,0,673,133,112,164,114,75,43,41,39,38,46,36,36,232,288,150,42.9,30.2,52.0,27.7,1008.0,10.0,15.6,21.0,34.0,0.0,,0,1,0,0
2017-11-22,4,11,2017,326,0,0,656,129,98,166,99,62,33,60,39,40,40,31,41,240,247,162,28.7,21.9,44.1,14.7,1025.3,10.0,7.5,14.0,,0.02,,0,0,0,0
2017-11-23,5,11,2017,327,0,1,543,76,154,122,131,82,46,28,23,7,26,24,18,175,246,119,36.3,23.0,46.0,20.1,1018.6,10.0,7.8,11.1,18.1,0.0,,0,0,0,0
2017-11-24,6,11,2017,328,0,0,682,124,127,192,116,83,42,56,45,23,28,29,25,211,306,164,44.0,32.0,63.0,29.9,1007.4,10.0,9.4,20.0,28.9,0.0,,0,0,0,0
2017-11-25,7,11,2017,329,1,0,714,138,146,184,137,90,56,27,45,20,21,30,49,277,289,146,48.9,32.0,63.0,35.3,1008.0,10.0,11.9,19.0,26.0,0.0,,0,0,0,0
2017-11-26,1,11,2017,330,1,0,666,151,133,153,130,81,40,32,39,29,27,30,47,255,268,141,37.5,27.0,55.0,24.2,1021.4,10.0,6.8,11.1,,0.0,,0,0,0,0
2017-11-27,2,11,2017,331,0,0,774,126,128,205,130,95,51,61,47,28,44,35,33,296,313,161,44.2,27.1,55.9,32.6,1017.1,10.0,3.9,8.9,,0.0,,0,0,0,0
2017-11-28,3,11,2017,332,0,0,785,170,126,181,123,80,53,76,52,47,45,27,38,274,329,179,55.3,50.0,61.0,34.6,1012.1,10.0,15.0,22.0,31.1,0.0,,0,0,0,0
2017-11-29,4,11,2017,333,0,0,772,128,115,197,117,99,62,62,57,21,37,27,29,275,286,210,43.3,34.0,61.0,25.7,1024.1,10.0,6.9,8.9,,0.0,,0,0,0,0
2017-11-30,5,11,2017,334,0,0,750,139,106,210,124,74,37,72,39,38,32,24,43,285,306,154,46.3,34.0,54.0,28.8,1018.0,10.0,9.4,18.1,22.9,0.0,,0,0,0,0
2017-12-01,6,12,2017,335,0,0,922,174,164,237,140,78,53,113,59,37,38,33,45,271,397,238,41.2,28.0,54.0,26.3,1022.8,10.0,4.6,8.0,,0.0,,0,0,0,0
2017-12-02,7,12,2017,336,1,0,758,172,159,194,135,79,45,49,38,22,35,38,40,252,335,170,42.1,28.2,54.0,28.4,1020.4,9.9,4.2,8.0,,0.0,,0,0,0,0
2017-12-03,1,12,2017,337,1,0,677,104,156,163,147,86,56,34,36,16,25,29,30,265,280,128,42.8,28.9,57.9,29.7,1021.0,10.0,3.6,9.9,,0.0,,0,0,0,0
2017-12-04,2,12,2017,338,0,0,810,156,140,208,150,102,52,58,35,41,40,37,34,252,336,218,55.4,46.9,64.9,39.9,1010.5,10.0,15.4,25.1,34.0,0.02,,0,1,0,0
2017-12-05,3,12,2017,339,0,0,714,138,119,185,115,73,41,78,43,37,29,34,25,217,291,200,41.4,30.0,64.9,27.2,1008.2,9.7,21.4,28.9,42.9,0.14,,0,1,0,1
2017-12-06,4,12,2017,340,0,0,711,121,109,174,111,68,65,57,51,36,31,33,38,229,300,180,30.6,27.0,44.1,12.9,1015.3,10.0,12.5,19.0,26.0,0.0,,0,0,0,0
2017-12-07,5,12,2017,341,0,0,625,103,103,147,110,71,41,56,37,25,28,40,29,210,256,153,25.1,19.0,35.1,12.7,1020.1,9.6,11.5,15.0,19.0,0.0,,0,0,1,0
2017-12-08,6,12,2017,342,0,0,736,141,125,183,136,75,46,56,38,28,34,44,37,251,306,175,24.7,18.0,37.0,9.0,1017.0,10.0,9.9,15.9,20.0,0.0,,0,0,0,0
2017-12-09,7,12,2017,343,1,0,659,126,140,169,131,76,30,46,29,21,24,39,40,212,334,113,29.8,18.0,37.0,19.5,1011.3,7.3,12.8,21.0,28.0,0.04,1.2,0,0,1,0
2017-12-10,1,12,2017,344,1,0,663,127,145,143,123,85,35,44,44,26,28,33,37,216,300,146,25.9,19.9,35.1,15.4,1015.9,10.0,9.4,14.0,20.0,0.03,1.2,0,0,0,0
2017-12-11,2,12,2017,345,0,0,740,130,121,192,119,86,42,64,55,23,33,33,34,222,321,194,30.6,19.9,39.0,20.8,1013.2,9.8,6.3,11.1,,0.0,1.2,0,0,1,0
2017-12-12,3,12,2017,346,0,0,686,116,123,194,106,64,57,74,38,24,35,27,21,194,308,180,24.1,17.1,39.0,13.6,1016.2,9.3,14.3,20.0,29.9,0.09,1.2,0,0,1,0
2017-12-13,4,12,2017,347,0,0,700,135,101,178,118,61,44,61,48,31,59,27,26,198,312,187,26.5,18.0,37.9,14.9,1006.5,9.7,9.9,24.1,34.0,0.0,1.2,0,0,1,0
2017-12-14,5,12,2017,348,0,0,718,127,109,179,123,76,45,72,46,18,36,37,30,214,311,189,24.1,16.0,37.9,13.0,1014.0,9.8,11.5,24.1,33.0,0.0,1.2,0,0,1,0
2017-12-15,6,12,2017,349,0,0,768,127,133,182,126,62,46,76,74,22,37,31,49,223,346,195,25.7,17.1,34.0,15.1,1015.3,9.9,8.2,17.1,27.0,0.0,,0,0,1,0
2017-12-16,7,12,2017,350,1,0,772,158,136,219,126,81,55,61,37,32,25,32,44,261,319,191,38.1,21.0,46.0,23.3,1012.3,10.0,8.1,14.0,21.0,0.0,,0,0,0,0
2017-12-17,1,12,2017,351,1,0,731,134,149,174,145,80,31,66,31,30,30,40,38,249,321,159,35.5,27.0,46.0,30.9,1017.4,6.6,4.1,8.0,,0.0,,0,0,0,0
2017-12-18,2,12,2017,352,0,0,727,127,115,211,108,76,51,67,54,23,35,22,40,226,325,176,42.4,29.1,46.0,35.2,1013.8,7.8,7.7,12.0,22.9,0.0,,0,1,0,0
2017-12-19,3,12,2017,353,0,0,767,124,128,223,105,88,62,59,50,20,41,30,35,221,322,217,43.4,39.0,50.0,32.3,1012.1,10.0,10.9,15.9,22.9,0.01,,0,0,0,0
2017-12-20,4,12,2017,354,0,0,705,132,113,181,112,72,49,49,44,40,32,32,46,233,288,182,34.0,27.0,50.0,17.3,1019.8,10.0,8.7,13.0,,0.0,,0,0,0,0
2017-12-21,5,12,2017,355,0,0,749,132,107,209,116,69,45,69,38,31,38,35,35,220,329,193,34.9,27.0,39.9,24.2,1017.5,10.0,7.0,11.1,,0.0,,0,0,0,0
2017-12-22,6,12,2017,356,0,0,785,132,112,211,112,77,43,71,38,33,47,44,43,272,315,197,37.8,32.0,39.9,29.6,1015.1,8.7,6.2,9.9,,0.0,,0,1,0,0
2017-12-23,7,12,2017,357,1,0,714,119,149,201,142,78,47,42,38,17,30,34,36,219,314,180,30.6,24.1,39.0,21.0,1019.3,9.2,9.1,12.0,,0.0,,0,0,0,0
2017-12-24,1,12,2017,358,1,0,506,82,114,143,101,50,39,22,20,8,27,32,37,167,241,97,21.1,19.0,33.1,12.4,1023.0,6.7,6.3,12.0,19.0,0.0,2.0,1,0,1,0
2017-12-25,2,12,2017,359,0,1,394,53,137,69,111,43,43,14,20,3,21,30,20,113,206,75,16.0,10.0,21.9,7.1,1022.5,9.0,11.5,15.9,22.9,0.19,1.2,0,0,1,0
2017-12-26,3,12,2017,360,0,0,527,98,124,128,91,51,33,51,36,19,23,30,24,157,256,111,2.5,-2.9,21.0,-8.6,1034.2,10.0,9.1,12.0,,0.01,1.2,0,0,0,0
2017-12-27,4,12,2017,361,0,0,523,101,113,120,82,48,32,47,40,29,18,41,28,159,247,115,1.1,-4.0,7.0,-9.2,1040.4,10.0,7.8,9.9,,0.0,1.2,0,0,0,0
2017-12-28,5,12,2017,362,0,0,601,115,109,163,81,58,37,58,44,34,24,37,35,197,266,137,6.2,-4.0,15.1,-2.9,1039.2,8.8,5.2,13.0,,0.0,2.0,0,0,1,0
2017-12-29,6,12,2017,363,0,0,575,108,105,162,91,40,38,52,39,22,34,23,31,158,281,135,12.2,0.0,15.1,5.9,1029.0,6.1,6.5,12.0,,0.03,2.0,0,0,1,0
2017-12-30,7,12,2017,364,1,0,622,97,137,150,121,54,38,65,38,27,15,45,33,182,321,117,9.7,3.0,15.8,0.8,1026.1,8.0,10.7,20.0,24.1,0.08,2.0,0,0,1,0
2017-12-31,1,12,2017,365,1,0,542,114,135,104,129,58,33,23,26,14,31,48,32,177,259,106,0.4,-0.9,1.9,-10.0,1032.3,10.0,7.1,8.0,,0.0,2.0,0,0,0,0
2018-01-01,2,1,2018,1,0,1,1038,163,357,137,162,67,38,158,68,17,32,66,30,186,638,191,-2.0,-9.0,12.9,-12.9,1039.6,10.0,10.4,13.0,18.1,0.0,1.2,0,0,0,0
2018-01-02,3,1,2018,2,0,0,564,121,110,128,89,46,28,64,49,25,20,51,28,182,256,119,-2.4,-9.0,7.0,-12.0,1037.1,10.0,8.0,14.0,21.0,0.0,1.2,0,0,0,0
2018-01-03,4,1,2018,3,0,0,576,108,84,159,81,38,39,56,39,34,19,25,37,169,251,148,11.4,-7.1,17.1,1.8,1020.7,8.3,10.8,15.9,26.0,0.0,1.2,0,0,1,0
2018-01-04,5,1,2018,4,0,0,601,111,115,134,102,47,42,48,43,22,31,46,32,191,273,136,7.0,0.0,17.1,-4.3,1025.5,9.9,11.9,15.9,20.0,0.0,1.2,0,0,0,0
2018-01-05,6,1,2018,5,0,0,666,107,125,164,107,63,53,61,45,28,24,44,34,177,340,146,4.6,-0.9,12.0,-6.2,1029.4,10.0,9.4,15.0,,0.0,1.2,0,0,0,0
2018-01-06,7,1,2018,6,1,0,589,115,140,111,132,51,48,38,41,21,28,34,24,176,292,115,5.3,-2.0,17.1,-6.9,1035.8,10.0,5.9,8.9,,0.0,1.2,0,0,0,0
2018-01-07,1,1,2018,7,1,0,534,96,140,108,120,55,39,29,29,18,23,33,41,166,274,93,16.9,-0.9,30.0,5.6,1026.5,9.6,12.0,18.1,22.0,0.0,1.2,0,1,1,0
2018-01-08,2,1,2018,8,0,0,624,146,107,164,98,54,40,43,36,44,28,28,37,209,280,132,33.6,30.0,37.0,28.3,1015.7,6.8,10.9,14.0,20.0,0.03,1.2,0,1,1,0
2018-01-09,3,1,2018,9,0,0,652,156,105,158,98,47,46,54,33,48,46,40,32,206,275,170,30.9,26.1,37.0,26.9,1022.4,5.7,5.8,9.9,,0.0,1.2,0,0,0,0
2018-01-10,4,1,2018,10,0,0,720,164,123,183,112,75,49,55,40,46,32,26,32,227,301,188,36.9,28.0,51.8,34.6,1016.0,2.5,9.8,18.1,27.0,0.01,,0,1,0,0
2018-01-11,5,1,2018,11,0,0,703,136,102,164,101,90,64,59,53,35,36,22,25,228,305,167,55.5,30.2,59.0,51.3,1006.3,7.6,15.2,22.9,35.9,0.36,,0,1,0,0
2018-01-12,6,1,2018,12,0,0,708,134,122,164,111,78,46,63,41,40,28,38,42,232,312,157,23.4,19.0,39.0,15.7,1016.8,9.5,16.4,22.0,32.1,0.0,,0,1,1,0
2018-01-13,7,1,2018,13,1,0,618,123,118,134,121,59,45,53,42,26,31,35,30,206,284,125,12.9,6.1,23.0,-1.9,1033.5,9.8,12.1,22.0,28.9,0.0,,0,0,1,0
2018-01-14,1,1,2018,14,1,0,566,122,143,118,137,58,33,32,39,22,18,30,32,181,278,104,11.8,5.0,21.0,-0.8,1036.6,9.9,5.8,13.0,18.1,0.0,,0,0,1,0
2018-01-15,2,1,2018,15,0,0,530,110,107,120,84,45,35,49,38,35,27,34,21,152,254,121,19.0,5.0,24.1,13.9,1023.9,2.0,10.2,15.0,25.1,0.16,2.0,0,0,1,0
2018-01-16,3,1,2018,16,0,0,614,120,108,146,111,43,48,57,45,33,25,42,24,190,276,146,15.5,8.6,25.0,8.7,1030.6,5.8,10.4,14.0,15.9,0.07,3.1,0,0,1,0
2018-01-17,4,1,2018,17,0,0,649,134,132,149,118,60,43,45,42,39,34,37,19,194,305,146,13.2,3.9,26.1,5.8,1033.8,10.0,8.9,15.0,21.0,0.01,2.0,0,0,0,0
2018-01-18,5,1,2018,18,0,0,627,131,100,162,91,58,45,59,38,31,35,31,22,198,270,155,21.2,5.0,32.0,11.0,1021.7,10.0,14.5,18.1,27.0,0.0,2.0,0,0,0,0
2018-01-19,6,1,2018,19,0,0,711,172,107,179,111,74,35,65,48,49,42,27,25,227,316,164,32.2,17.1,39.9,20.2,1013.0,10.0,12.9,19.0,26.0,0.0,1.2,0,0,0,0
2018-01-20,7,1,2018,20,1,0,731,174,140,194,134,67,52,38,55,49,33,21,34,252,323,155,39.2,28.2,45.0,28.6,1010.9,10.0,10.2,17.1,28.0,0.0,2.0,0,0,0,0
2018-01-21,1,1,2018,21,1,0,718,156,138,168,142,81,59,48,29,41,32,25,36,265,296,155,40.2,35.1,45.0,36.8,1015.0,5.2,3.8,9.9,,0.0,,1,0,0,0
2018-01-22,2,1,2018,22,0,0,724,146,125,197,103,74,52,47,50,37,32,29,29,235,291,196,47.2,36.0,54.0,44.6,1004.2,3.5,8.9,17.1,24.1,0.4,,1,1,0,1
2018-01-23,3,1,2018,23,0,0,719,145,116,177,113,65,57,60,43,42,48,29,34,220,317,180,35.5,30.0,54.0,30.0,1006.0,8.8,11.2,19.0,29.9,0.47,,0,1,1,0
2018-01-24,4,1,2018,24,0,0,614,138,102,144,107,56,45,49,43,43,35,24,20,194,256,161,28.6,27.0,39.0,21.3,1023.0,8.6,6.7,13.0,,0.01,1.2,0,0,1,0
2018-01-25,5,1,2018,25,0,0,641,112,106,160,126,72,52,41,42,35,25,23,26,210,265,166,31.2,24.1,43.0,23.6,1026.5,9.7,8.4,17.1,,0.02,1.2,0,0,0,0
2018-01-26,6,1,2018,26,0,0,762,170,140,168,140,88,55,55,44,45,40,23,27,274,306,182,41.0,24.3,51.1,31.1,1021.3,9.9,12.0,25.1,34.0,0.0,1.2,0,0,0,0
2018-01-27,7,1,2018,27,1,0,755,181,142,189,146,76,43,58,45,45,30,26,26,259,315,181,47.2,33.1,51.1,30.0,1017.6,10.0,14.7,22.9,34.0,0.0,,0,0,0,0
2018-01-28,1,1,2018,28,1,0,673,146,163,139,157,65,50,47,41,37,29,25,27,235,304,131,35.3,28.0,50.0,26.9,1025.3,10.0,6.1,12.0,,0.0,,0,0,0,0
2018-01-29,2,1,2018,29,0,0,652,126,110,187,105,57,45,68,47,23,24,29,24,192,294,162,27.3,21.2,33.1,18.8,1029.7,9.6,11.8,17.1,21.0,0.01,,0,0,1,0
2018-01-30,3,1,2018,30,0,0,637,134,99,157,113,56,42,44,46,30,33,37,20,195,270,169,21.0,15.1,30.0,9.9,1030.7,10.0,6.1,15.0,,0.0,,0,0,0,0
2018-01-31,4,1,2018,31,0,0,709,146,117,194,118,66,48,46,44,44,32,27,28,229,289,186,34.6,16.0,42.1,20.4,1011.4,10.0,14.9,21.0,28.9,0.0,,0,0,0,0
2018-02-01,5,2,2018,32,0,0,751,126,141,183,86,56,65,106,76,34,28,25,18,182,395,164,27.8,12.9,42.1,13.9,1014.2,10.0,11.6,20.0,27.0,0.0,,0,0,0,0
2018-02-02,6,2,2018,33,0,0,676,145,117,158,98,44,48,85,38,50,31,32,31,206,300,166,10.7,5.0,19.0,-6.0,1032.0,10.0,10.2,17.1,,0.0,,0,0,0,0
2018-02-03,7,2,2018,34,1,0,630,156,121,128,119,68,32,55,52,41,22,26,28,192,275,160,26.2,5.0,41.0,8.1,1021.2,10.0,10.4,20.0,28.9,0.0,,0,0,0,0
2018-02-04,1,2,2018,35,1,0,513,109,125,102,119,62,45,29,39,16,18,17,18,158,249,104,25.8,12.0,41.0,17.8,1011.4,5.8,12.7,20.0,32.1,0.06,2.0,0,0,1,0
2018-02-05,2,2,2018,36,0,0,545,103,102,117,102,49,38,54,42,22,23,27,26,137,264,141,5.9,-2.0,12.0,-4.4,1025.1,9.3,7.1,14.0,15.0,0.09,2.0,0,0,1,0
2018-02-06,3,2,2018,37,0,0,588,149,109,136,114,37,36,52,43,40,23,30,17,163,272,153,11.9,-2.0,21.0,4.6,1028.4,8.1,4.8,8.9,,0.22,3.1,0,0,1,0
2018-02-07,4,2,2018,38,0,0,544,130,98,120,86,46,35,49,42,36,28,18,23,147,246,150,16.7,3.0,21.0,9.7,1027.8,6.8,7.8,15.0,19.0,0.12,3.9,0,0,1,0
2018-02-08,5,2,2018,39,0,0,559,137,109,124,93,38,39,63,52,43,28,24,19,145,255,157,13.2,7.0,21.0,4.4,1031.1,9.9,6.3,9.9,,0.01,3.1,0,0,1,0
2018-02-09,6,2,2018,40,0,0,506,123,111,112,100,34,40,54,32,17,25,29,13,135,244,124,23.6,7.0,28.0,19.6,1024.0,2.7,8.1,15.9,22.0,0.5,9.8,1,0,1,0
2018-02-10,7,2,2018,41,1,0,535,119,107,119,107,49,38,43,38,30,20,21,28,166,265,103,18.8,14.0,28.0,11.1,1023.3,9.2,9.0,14.0,19.0,0.24,9.1,0,0,1,0
2018-02-11,1,2,2018,42,1,0,538,134,120,94,127,61,42,39,36,28,23,15,23,147,275,114,19.5,15.1,21.9,13.4,1018.6,5.4,8.5,12.0,,0.29,11.8,1,0,1,0
2018-02-12,2,2,2018,43,0,0,572,139,102,125,96,59,48,53,42,50,14,18,17,179,239,153,15.2,3.9,27.0,2.5,1034.4,10.0,6.3,8.9,,0.13,11.0,0,0,0,0
2018-02-13,3,2,2018,44,0,0,647,140,121,153,115,39,51,57,50,40,34,26,32,178,309,158,20.0,3.9,35.1,8.8,1038.0,10.0,4.7,9.9,,0.0,9.8,0,0,0,0
2018-02-14,4,2,2018,45,0,0,662,167,136,136,136,70,55,54,50,42,23,18,25,211,284,163,32.1,23.0,44.1,25.1,1020.9,7.7,7.8,14.0,,0.0,5.9,0,1,0,0
2018-02-15,5,2,2018,46,0,0,701,180,145,153,129,54,71,65,52,52,29,19,29,213,330,155,40.8,26.2,48.0,39.1,1007.9,2.0,6.2,12.0,,0.0,1.2,1,1,0,0
2018-02-16,6,2,2018,47,0,0,665,122,114,162,113,72,63,52,41,26,34,20,29,198,298,166,35.7,28.9,48.0,25.0,1017.8,9.9,9.5,14.0,20.0,0.0,3.9,0,0,0,0
2018-02-17,7,2,2018,48,1,0,604,101,126,149,123,84,40,46,44,11,16,24,28,203,253,148,24.7,17.1,39.0,14.6,1021.8,9.2,6.1,13.0,,0.0,2.0,1,0,1,0
2018-02-18,1,2,2018,49,1,0,587,125,141,115,138,72,47,22,37,19,27,28,17,197,267,121,27.1,12.0,37.9,21.9,1021.3,7.8,8.4,15.9,20.0,0.11,1.2,1,0,1,0
2018-02-19,2,2,2018,50,0,0,624,128,122,139,107,80,55,41,48,30,30,26,23,202,288,134,42.3,36.0,57.9,37.9,1011.7,7.0,9.9,19.0,26.0,0.02,2.0,1,1,0,0
2018-02-20,3,2,2018,51,0,0,649,129,120,127,112,62,58,70,53,33,32,19,17,198,287,163,58.8,37.9,66.0,55.4,1010.3,7.2,13.2,20.0,28.0,1.44,,0,1,0,1
2018-02-21,4,2,2018,52,0,0,642,148,113,161,112,53,57,57,39,40,21,23,22,200,269,169,32.1,27.0,41.0,24.4,1030.4,9.8,9.5,15.0,,1.22,,0,1,1,0
2018-02-22,5,2,2018,53,0,0,677,158,131,156,118,69,64,48,45,38,20,23,27,208,287,181,33.3,28.9,39.9,24.5,1035.0,10.0,10.8,14.0,21.0,0.04,,0,0,0,0
2018-02-23,6,2,2018,54,0,0,671,169,114,168,104,61,57,49,51,53,28,24,22,223,275,170,39.8,29.1,44.1,35.6,1024.3,7.2,9.9,15.9,22.0,0.05,,0,1,0,0
2018-02-24,7,2,2018,55,1,0,680,160,157,155,162,90,37,34,51,32,22,14,26,218,317,145,36.2,33.1,44.1,30.1,1022.0,9.5,8.3,14.0,,0.01,,0,1,0,0
2018-02-25,1,2,2018,56,1,0,658,135,152,158,149,81,43,43,36,31,17,20,29,229,299,128,40.5,33.1,50.0,30.4,1008.8,8.7,17.0,22.9,40.0,0.17,,0,1,0,0
2018-02-26,2,2,2018,57,0,0,625,153,100,139,125,61,47,60,34,45,25,18,14,208,263,154,40.4,28.0,53.1,25.8,1021.4,10.0,8.0,15.9,22.9,0.01,,0,0,0,0
2018-02-27,3,2,2018,58,0,0,693,160,117,161,107,70,54,60,49,55,30,21,15,233,270,189,48.2,28.2,62.1,31.6,1021.6,10.0,10.4,15.9,24.1,0.0,,0,0,0,0
2018-02-28,4,2,2018,59,0,0,648,154,116,150,103,51,50,68,52,42,27,21,19,186,279,180,51.1,37.0,62.1,38.3,1010.7,9.9,10.6,15.0,20.0,0.0,,0,0,0,0
2018-03-01,5,3,2018,60,0,0,845,147,184,165,130,81,79,141,58,36,25,22,27,232,402,192,39.4,37.0,59.0,33.0,1011.8,8.5,12.2,20.0,28.0,0.46,,0,1,0,0
2018-03-02,6,3,2018,61,0,0,693,178,118,153,115,80,53,65,46,51,24,20,27,206,295,189,37.5,30.0,48.0,23.2,1027.3,10.0,6.8,13.0,,0.35,,0,0,0,0
2018-03-03,7,3,2018,62,1,0,666,157,157,136,155,82,45,46,44,42,20,27,20,219,319,126,37.8,30.2,48.0,20.2,1033.1,10.0,6.4,11.1,15.9,0.0,,0,0,0,0
2018-03-04,1,3,2018,63,1,0,649,147,144,143,135,78,49,39,46,46,16,22,26,221,284,144,37.7,32.0,46.0,20.4,1030.8,10.0,8.6,14.0,15.0,0.0,,0,0,0,0
2018-03-05,2,3,2018,64,0,0,665,154,133,144,125,67,52,54,46,47,32,26,21,204,284,175,36.8,32.0,46.0,19.9,1021.7,10.0,14.9,21.0,31.1,0.0,,0,0,1,0
2018-03-06,3,3,2018,65,0,0,654,143,129,154,114,58,62,63,57,42,17,18,18,191,288,169,35.1,32.0,41.0,30.6,1008.0,6.4,9.1,15.9,18.1,0.11,,0,1,1,0
2018-03-07,4,3,2018,66,0,0,658,155,103,157,98,44,59,58,51,50,28,30,24,209,249,194,30.9,26.1,41.0,22.2,1012.6,9.3,11.7,17.1,20.0,0.07,,0,0,1,0
2018-03-08,5,3,2018,67,0,0,660,133,113,125,119,74,48,53,51,36,32,29,13,217,261,174,27.9,24.1,34.0,14.3,1016.6,10.0,10.5,14.0,21.0,0.0,,0,0,0,0
2018-03-09,6,3,2018,68,0,0,745,164,115,167,118,92,42,60,55,43,30,33,25,258,297,185,29.8,23.0,41.0,15.4,1016.7,10.0,6.1,11.1,18.1,0.0,,0,0,0,0
2018-03-10,7,3,2018,69,1,0,686,159,152,155,151,70,53,45,45,42,24,16,32,238,296,148,32.5,23.0,41.0,17.3,1018.3,10.0,4.7,9.9,,0.0,,0,0,0,0
2018-03-11,1,3,2018,70,1,0,620,144,166,132,143,75,54,31,31,36,19,20,24,221,291,108,34.3,23.0,41.0,20.0,1022.1,10.0,8.0,14.0,19.0,0.0,,0,0,0,0
2018-03-12,2,3,2018,71,0,0,663,132,114,163,117,61,51,52,44,35,32,19,33,219,267,175,36.7,28.0,46.0,21.6,1020.2,10.0,8.8,19.0,25.1,0.0,,0,0,0,0
2018-03-13,3,3,2018,72,0,0,639,127,121,154,120,66,56,51,40,34,23,32,14,184,278,174,31.9,27.0,46.0,20.1,1021.2,8.8,8.7,15.0,20.0,0.0,2.0,1,0,1,0
2018-03-14,4,3,2018,73,0,0,665,164,124,144,136,71,51,48,42,46,28,20,20,193,297,173,30.1,19.0,48.0,14.4,1019.5,10.0,9.5,18.1,28.0,0.22,1.2,0,0,0,0
2018-03-15,5,3,2018,74,0,0,693,136,127,161,129,63,62,63,48,38,24,25,30,211,288,190,39.6,22.1,50.0,24.6,1010.4,10.0,7.7,13.0,20.0,0.0,1.2,0,0,0,0
2018-03-16,6,3,2018,75,0,0,705,146,124,157,118,71,74,58,42,50,29,22,19,185,323,193,32.4,28.0,50.0,21.4,1020.0,10.0,9.7,14.0,18.1,0.0,,0,0,0,0
2018-03-17,7,3,2018,76,1,0,778,171,170,167,184,109,49,47,43,47,20,24,23,248,352,176,37.2,29.1,46.0,21.8,1015.4,10.0,10.2,15.9,,0.0,,0,1,1,0
2018-03-18,1,3,2018,77,1,0,691,136,175,144,159,72,45,51,56,34,22,29,22,242,299,148,39.9,27.0,57.0,19.3,1017.0,10.0,3.8,7.0,,0.0,,0,0,0,0
2018-03-19,2,3,2018,78,0,0,662,128,107,136,126,69,36,69,38,40,35,29,39,220,273,165,40.7,27.1,57.0,24.8,1013.3,10.0,10.0,20.0,27.0,0.0,,0,0,0,0
2018-03-20,3,3,2018,79,0,0,715,147,145,151,117,80,55,68,58,46,36,15,26,199,334,176,33.1,28.9,46.0,21.9,1012.9,10.0,15.8,20.0,26.0,0.0,,0,0,0,0
2018-03-21,4,3,2018,80,0,0,691,159,129,159,131,73,54,62,47,37,26,20,19,210,292,185,33.3,28.9,39.9,20.0,1017.0,10.0,11.3,17.1,22.9,0.0,,0,0,0,0
2018-03-22,5,3,2018,81,0,0,671,129,94,160,95,89,45,59,52,39,27,23,25,213,278,172,34.3,21.9,50.0,17.7,1025.9,10.0,5.4,9.9,,0.0,,0,0,0,0
2018-03-23,6,3,2018,82,0,0,752,168,128,169,133,82,59,46,56,57,35,26,24,227,320,205,35.6,22.1,50.0,21.1,1027.8,10.0,7.4,14.0,,0.0,,0,0,0,0
2018-03-24,7,3,2018,83,1,0,651,133,148,163,134,70,44,41,37,28,26,26,21,229,287,134,35.6,25.2,43.0,21.6,1023.4,10.0,13.7,20.0,27.0,0.0,,0,0,0,0
2018-03-25,1,3,2018,84,1,0,677,172,168,141,163,84,45,31,46,43,24,16,22,233,295,148,33.8,27.0,41.0,16.3,1026.9,10.0,12.9,15.9,24.1,0.0,,0,0,0,0
2018-03-26,2,3,2018,85,0,0,698,142,148,169,119,75,33,78,45,40,31,28,23,217,329,149,39.3,27.1,53.1,20.6,1024.7,10.0,8.8,17.1,22.9,0.0,,0,1,0,0
2018-03-27,3,3,2018,86,0,0,675,140,137,148,122,73,53,44,60,32,32,31,30,222,297,153,48.9,31.1,53.1,44.0,1015.0,7.3,9.9,15.0,22.9,0.37,,0,1,0,0
2018-03-28,4,3,2018,87,0,0,690,151,136,160,125,81,40,59,36,52,28,20,26,226,313,149,44.7,39.0,54.0,35.3,1016.0,10.0,4.4,9.9,,0.01,,0,0,0,0
2018-03-29,5,3,2018,88,0,0,629,136,119,147,92,72,62,53,46,40,27,17,17,194,280,153,45.0,39.0,54.0,38.4,1012.8,6.6,5.9,15.0,20.0,0.06,,0,1,0,0
2018-03-30,6,3,2018,89,0,0,705,157,126,176,108,75,51,57,57,35,28,29,27,239,307,153,38.8,33.1,50.0,27.2,1020.8,10.0,7.7,13.0,,0.05,,0,0,0,0
2018-03-31,7,3,2018,90,1,0,691,151,154,152,127,100,59,37,49,39,23,22,21,219,331,141,44.0,33.1,57.9,31.1,1016.5,9.8,12.0,22.9,35.0,0.0,,0,1,0,0
2018-04-01,1,4,2018,91,1,0,748,120,192,147,132,72,51,93,68,31,31,29,25,188,397,148,32.3,24.1,57.9,15.1,1022.5,10.0,8.8,15.0,,0.09,,0,0,0,0
2018-04-02,2,4,2018,92,0,0,673,131,127,159,116,82,48,52,46,42,34,29,16,226,283,160,31.6,21.0,44.1,15.4,1019.6,10.0,5.3,12.0,15.0,0.0,,0,0,0,0
2018-04-03,3,4,2018,93,0,0,606,137,119,150,89,60,42,58,50,43,30,17,13,158,283,161,38.9,21.2,44.1,32.4,1007.7,6.4,9.2,15.9,22.0,0.0,,0,1,0,0
2018-04-04,4,4,2018,94,0,0,702,144,112,164,124,72,51,67,47,34,30,22,31,221,304,176,31.8,26.1,39.9,23.9,1014.0,7.7,14.7,21.0,28.9,0.21,,0,1,1,0
2018-04-05,5,4,2018,95,0,0,674,146,128,147,117,74,55,66,52,33,26,27,21,199,293,180,31.6,23.0,42.1,16.0,1022.8,9.8,6.9,12.0,17.1,0.01,,0,0,1,0
2018-04-06,6,4,2018,96,0,0,696,158,129,165,147,55,51,67,40,36,30,13,19,186,307,201,35.1,23.2,42.1,25.0,1013.8,7.9,11.6,20.0,28.0,0.07,,0,1,1,0
2018-04-07,7,4,2018,97,1,0,635,150,155,124,165,76,43,36,32,41,20,26,22,196,295,141,28.2,19.9,39.0,8.0,1020.3,10.0,9.5,15.0,22.0,0.0,,0,0,0,0
2018-04-08,1,4,2018,98,1,0,618,127,149,151,128,73,45,48,39,35,11,22,28,215,274,129,30.7,19.9,39.0,11.5,1019.1,10.0,5.2,9.9,,0.0,,0,0,0,0
2018-04-09,2,4,2018,99,0,0,663,136,118,162,106,77,55,60,48,39,25,25,18,185,301,171,32.8,21.0,39.0,26.6,1020.3,4.8,7.0,9.9,,0.04,1.2,0,0,1,0
2018-04-10,3,4,2018,100,0,0,715,156,121,165,105,73,53,51,63,51,28,27,24,247,273,194,35.7,28.0,46.0,24.0,1024.5,9.4,5.4,13.0,17.1,0.07,1.2,0,0,0,0
2018-04-11,4,4,2018,101,0,0,773,136,140,169,130,83,76,43,54,38,41,34,27,244,317,207,47.8,28.2,66.0,30.8,1016.1,9.9,8.9,12.0,20.0,0.0,,0,0,0,0
2018-04-12,5,4,2018,102,0,0,752,139,155,177,152,75,67,52,50,34,27,22,25,264,286,198,55.6,39.0,73.0,41.2,1006.0,8.7,10.9,19.0,28.0,0.08,,0,1,0,0
2018-04-13,6,4,2018,103,0,0,781,149,156,202,140,84,47,52,65,49,29,31,24,259,348,173,43.4,39.9,48.0,37.1,1006.4,9.8,10.7,21.0,25.1,0.03,,0,1,0,0
2018-04-14,7,4,2018,104,1,0,689,130,132,177,131,60,49,52,43,30,33,33,21,226,306,154,38.8,36.0,41.0,35.9,1009.8,6.1,18.2,24.1,35.0,0.56,,0,1,0,0
2018-04-15,1,4,2018,105,1,0,603,96,125,142,129,67,46,41,34,27,29,29,23,194,269,137,35.2,33.8,37.0,32.1,1007.7,6.3,13.6,18.1,27.0,0.79,,0,1,1,0
2018-04-16,2,4,2018,106,0,0,732,114,125,186,123,102,49,53,41,21,62,19,21,211,314,201,30.5,26.6,35.1,24.6,1009.7,6.2,12.3,15.0,22.9,0.42,,0,1,1,0
2018-04-17,3,4,2018,107,0,0,698,141,125,172,107,68,54,57,57,31,40,25,23,219,299,176,34.7,27.1,43.0,21.1,1012.7,9.9,11.7,19.0,20.0,0.01,,0,0,1,0
2018-04-18,4,4,2018,108,0,0,629,119,110,156,99,63,56,57,47,22,27,22,25,181,301,143,34.8,29.1,43.0,25.4,1011.8,9.2,9.3,19.0,24.1,0.0,,0,1,1,0
2018-04-19,5,4,2018,109,0,0,725,166,121,167,91,72,62,55,69,43,35,20,25,227,300,192,39.3,30.2,55.0,29.0,1023.4,7.3,9.2,13.0,19.0,0.41,,0,1,1,0
2018-04-20,6,4,2018,110,0,0,804,181,133,186,155,76,46,57,53,54,33,32,29,274,315,212,46.6,31.1,61.0,21.6,1031.7,10.0,5.0,12.0,,0.01,,0,0,0,0
2018-04-21,7,4,2018,111,1,0,677,159,138,135,143,85,53,44,39,44,24,29,23,250,282,144,47.4,36.0,61.0,19.2,1030.5,10.0,3.2,8.9,,0.0,,0,0,0,0
2018-04-22,1,4,2018,112,1,0,699,147,155,150,149,95,52,37,40,35,32,23,24,283,275,139,50.1,39.0,62.1,22.0,1027.5,10.0,8.1,14.0,20.0,0.0,,0,0,0,0
2018-04-23,2,4,2018,113,0,0,717,131,142,174,121,75,64,55,58,25,34,26,18,244,290,180,50.8,42.1,63.0,27.9,1022.5,10.0,10.4,15.0,,0.0,,0,0,0,0
2018-04-24,3,4,2018,114,0,0,713,144,143,186,130,79,55,42,50,27,33,26,22,240,300,170,54.6,43.0,64.9,37.7,1017.6,10.0,7.2,12.0,,0.0,,0,1,0,0
2018-04-25,4,4,2018,115,0,0,750,174,126,186,128,66,67,48,52,39,36,31,26,239,332,178,49.1,43.0,64.9,34.4,1017.9,10.0,13.2,22.0,29.9,0.0,,0,0,0,0
2018-04-26,5,4,2018,116,0,0,735,134,129,203,102,72,63,75,61,32,21,17,26,252,301,177,48.4,36.0,66.0,28.8,1014.6,10.0,3.3,12.0,15.0,0.0,,0,0,0,0
2018-04-27,6,4,2018,117,0,0,773,179,143,182,129,74,69,56,51,56,36,24,19,254,310,207,53.2,36.0,66.0,30.9,1009.0,10.0,9.8,25.1,28.9,0.0,,0,1,0,0
2018-04-28,7,4,2018,118,1,0,679,128,134,180,119,63,52,45,51,37,35,26,25,228,280,168,42.4,35.1,57.9,29.2,1017.2,9.9,12.6,18.1,22.0,0.02,,0,1,0,0
2018-04-29,1,4,2018,119,1,0,725,163,166,163,156,80,55,37,46,42,26,21,28,241,303,180,43.3,30.9,59.0,21.0,1026.7,10.0,5.9,9.9,,0.0,,0,0,0,0
2018-04-30,2,4,2018,120,0,0,794,153,151,172,142,87,64,67,64,31,43,25,22,263,322,206,56.2,31.1,80.1,19.4,1021.8,10.0,9.0,15.0,22.0,0.0,,0,0,0,0
2018-05-01,3,5,2018,121,0,0,1017,166,183,229,193,99,75,139,83,31,31,28,27,294,476,231,72.2,60.1,84.9,37.6,1014.1,10.0,12.9,19.0,28.9,0.0,,0,0,0,0
2018-05-02,4,5,2018,122,0,0,791,174,149,193,150,62,73,71,44,45,26,23,28,253,306,227,76.9,60.1,86.0,51.0,1011.3,10.0,13.9,20.0,31.1,0.0,,0,1,0,1
2018-05-03,5,5,2018,123,0,0,742,145,152,165,147,81,68,66,49,36,26,24,18,242,312,185,64.3,57.9,86.0,59.2,1012.1,8.2,4.9,22.9,41.0,1.84,,0,1,0,1
2018-05-04,6,5,2018,124,0,0,815,194,148,176,172,79,73,53,36,57,28,25,26,330,278,203,65.4,54.0,73.9,53.7,1009.8,9.8,13.2,26.0,39.0,0.05,,0,1,0,0
2018-05-05,7,5,2018,125,1,0,853,173,185,207,211,96,62,54,46,36,28,26,28,293,354,204,69.7,57.0,82.0,44.1,1015.1,10.0,6.8,17.1,20.0,0.0,,0,0,0,0
2018-05-06,1,5,2018,126,1,0,716,142,200,147,186,93,60,28,41,24,18,28,24,260,304,148,62.3,53.1,82.0,42.4,1014.7,10.0,8.6,19.0,22.0,0.0,,0,0,0,0
2018-05-07,2,5,2018,127,0,0,806,154,150,199,150,74,66,58,54,44,30,27,28,277,316,209,59.1,46.0,75.0,40.1,1021.4,10.0,5.6,15.0,,0.0,,0,0,0,0
2018-05-08,3,5,2018,128,0,0,808,183,151,179,152,80,65,57,61,34,32,20,31,294,292,217,68.5,46.0,81.0,40.0,1019.6,10.0,5.8,12.0,,0.0,,0,0,0,0
2018-05-09,4,5,2018,129,0,0,793,167,146,192,157,80,63,54,50,26,42,22,27,273,307,209,69.7,57.0,81.0,48.1,1010.6,9.5,10.2,21.0,28.9,0.0,,0,1,0,1
2018-05-10,5,5,2018,130,0,0,779,157,135,200,139,71,61,70,50,36,34,23,23,274,297,207,66.0,57.9,81.0,53.3,1009.8,10.0,8.4,15.0,20.0,0.25,,0,0,0,0
2018-05-11,6,5,2018,131,0,0,729,152,127,166,133,86,54,54,41,41,40,28,18,243,292,193,51.7,46.0,73.0,42.3,1016.3,10.0,12.0,17.1,22.0,0.01,,0,1,0,0
2018-05-12,7,5,2018,132,1,0,700,142,157,172,130,94,51,40,50,34,30,20,18,243,311,144,46.4,44.1,52.0,41.8,1017.0,9.5,11.8,17.1,22.0,0.03,,0,1,0,1
2018-05-13,1,5,2018,133,1,0,690,127,185,145,161,100,49,21,42,32,22,31,27,265,280,145,52.2,44.1,66.9,47.5,1017.2,7.3,7.0,15.9,,1.24,,0,1,0,1
2018-05-14,2,5,2018,134,0,0,787,135,162,186,123,107,74,56,55,33,35,32,23,248,349,188,62.1,45.0,82.9,54.7,1012.8,8.1,6.2,15.0,33.0,0.45,,0,1,0,1
2018-05-15,3,5,2018,135,0,0,746,119,148,184,136,76,69,60,57,25,28,32,28,238,308,196,63.8,53.1,82.9,57.4,1012.7,7.9,7.9,18.1,24.1,1.09,,0,1,0,1
2018-05-16,4,5,2018,136,0,0,760,141,144,174,170,78,67,48,41,39,33,26,18,279,279,201,61.8,46.9,79.0,43.4,1016.0,10.0,6.6,18.1,,0.0,,0,0,0,0
2018-05-17,5,5,2018,137,0,0,799,149,159,202,139,90,75,54,51,29,34,28,30,282,331,184,63.2,46.9,79.0,46.3,1016.3,9.9,6.0,14.0,,0.0,,0,0,0,0
2018-05-18,6,5,2018,138,0,0,802,169,145,184,138,63,61,74,64,47,34,32,28,249,309,235,57.0,52.0,69.1,44.1,1017.6,10.0,10.2,13.0,,0.0,,0,1,0,0
2018-05-19,7,5,2018,139,1,0,759,162,157,187,166,79,47,39,41,53,35,27,27,297,320,140,60.1,52.0,69.1,55.9,1011.9,5.1,5.6,9.9,,0.12,,0,1,0,0
2018-05-20,1,5,2018,140,1,0,767,147,182,168,169,82,61,47,58,35,35,36,19,250,343,173,51.2,44.1,69.1,45.6,1019.2,8.9,11.4,19.0,,0.01,,0,1,0,0
2018-05-21,2,5,2018,141,0,0,715,142,128,179,116,74,58,52,51,50,30,24,29,251,291,167,52.8,44.1,64.0,48.4,1019.6,7.2,6.8,11.1,18.1,0.28,,1,1,0,1
2018-05-22,3,5,2018,142,0,0,796,157,169,184,140,80,85,69,54,39,40,15,25,273,332,190,59.0,48.9,66.9,54.9,1016.2,4.5,4.5,12.0,,1.94,,1,1,0,0
2018-05-23,4,5,2018,143,0,0,781,151,133,181,141,83,75,54,61,37,22,33,25,271,277,229,63.8,52.0,80.1,52.0,1020.3,8.3,2.8,8.0,,0.0,,0,0,0,0
2018-05-24,5,5,2018,144,0,0,822,171,131,185,150,88,64,53,60,50,36,20,33,262,334,225,71.3,52.0,87.1,52.5,1020.7,9.9,4.7,8.9,,0.0,,0,0,0,0
2018-05-25,6,5,2018,145,0,0,807,153,163,184,165,98,71,66,59,26,23,22,21,285,306,211,77.6,57.9,89.1,54.8,1013.2,10.0,7.0,9.9,,0.0,,0,0,0,0
2018-05-26,7,5,2018,146,1,0,857,183,203,195,215,97,72,49,36,42,19,18,33,311,342,202,78.9,66.9,90.0,62.1,1007.3,10.0,7.2,11.1,,0.0,,0,0,0,0
2018-05-27,1,5,2018,147,1,0,884,234,237,178,247,101,56,39,46,46,26,30,26,357,351,176,82.8,70.0,97.0,61.4,1009.3,10.0,4.1,8.9,,0.0,,0,0,0,0
2018-05-28,2,5,2018,148,0,0,889,206,223,183,194,96,71,43,56,48,32,28,34,364,339,185,82.7,70.0,97.0,61.3,1012.4,10.0,5.9,24.1,31.1,0.0,,0,0,0,0
2018-05-29,3,5,2018,149,0,0,877,152,176,206,194,99,63,61,51,33,41,38,30,326,313,235,76.6,66.0,95.0,59.8,1012.1,10.0,5.6,8.9,,0.0,,0,0,0,0
2018-05-30,4,5,2018,150,0,0,847,174,151,208,138,109,71,59,60,36,37,38,27,274,345,224,75.3,66.0,87.1,63.5,1006.4,9.7,7.1,15.0,,0.0,,0,1,0,1
2018-05-31,5,5,2018,151,0,0,842,169,162,201,159,76,77,61,60,33,48,27,23,280,336,224,76.9,66.9,89.1,66.0,1003.1,9.7,8.7,13.0,20.0,0.9,,0,0,0,0
2018-06-01,6,6,2018,152,0,0,1033,179,220,232,166,86,72,129,71,43,42,27,38,300,490,227,70.8,60.1,89.1,59.1,1010.0,10.0,9.4,19.0,22.9,0.0,,0,0,0,0
2018-06-02,7,6,2018,153,1,0,821,168,166,183,178,76,68,62,56,50,31,28,30,295,343,180,59.5,52.0,75.9,50.8,1014.3,9.9,9.7,15.0,,0.0,,0,0,0,0
2018-06-03,1,6,2018,154,1,0,835,174,189,188,198,91,64,31,52,37,36,32,35,312,329,194,66.6,52.0,78.1,53.6,1010.8,9.4,10.6,20.0,27.0,0.31,,0,1,0,1
2018-06-04,2,6,2018,155,0,0,791,141,141,187,149,75,76,74,53,30,36,31,25,294,292,204,66.5,55.0,80.1,47.9,1014.6,10.0,9.8,17.1,22.9,0.0,,0,0,0,0
2018-06-05,3,6,2018,156,0,0,753,130,125,199,133,69,66,66,41,37,33,18,33,285,277,188,67.0,55.0,80.1,47.8,1010.9,10.0,10.4,17.1,,0.01,,0,1,0,0
2018-06-06,4,6,2018,157,0,0,814,153,152,206,140,75,77,61,73,35,33,39,24,292,320,196,60.9,48.0,79.0,46.5,1013.6,10.0,7.4,19.0,,0.1,,0,1,0,0
2018-06-07,5,6,2018,158,0,0,768,147,147,182,155,90,63,51,54,35,33,18,29,275,289,204,71.4,48.0,81.0,56.1,1014.0,10.0,6.2,11.1,,0.0,,0,0,0,0
2018-06-08,6,6,2018,159,0,0,774,162,144,178,129,92,64,51,42,46,36,29,26,285,307,179,64.2,60.1,81.0,53.3,1019.7,10.0,8.1,11.1,,0.0,,0,1,0,1
2018-06-09,7,6,2018,160,1,0,818,159,154,213,153,106,49,42,38,40,25,28,34,289,313,212,66.1,57.0,82.0,58.5,1017.2,7.7,5.1,18.1,,1.08,,0,1,0,1
2018-06-10,1,6,2018,161,1,0,734,124,163,208,166,75,34,32,34,38,31,25,28,260,301,173,64.5,57.0,82.0,61.0,1011.9,3.6,6.4,14.0,22.9,1.33,,0,1,0,1
2018-06-11,2,6,2018,162,0,0,749,136,138,199,131,78,49,59,55,39,32,25,22,237,289,218,64.0,60.1,71.1,60.2,1012.0,5.0,8.9,12.0,,0.3,,0,1,0,0
2018-06-12,3,6,2018,163,0,0,795,141,147,201,139,85,70,50,61,33,28,28,28,288,308,190,69.3,62.1,80.1,63.8,1011.7,6.8,5.1,9.9,,0.04,,0,1,0,0
2018-06-13,4,6,2018,164,0,0,752,141,149,193,155,73,66,49,49,33,27,21,17,241,290,214,74.7,62.1,81.0,60.5,1012.7,7.5,7.4,15.0,20.0,0.0,,0,0,0,0
2018-06-14,5,6,2018,165,0,0,759,172,129,189,124,104,54,42,41,39,38,28,21,267,299,193,73.0,64.0,81.0,50.3,1016.8,9.9,3.5,8.9,,0.0,,0,0,0,0
2018-06-15,6,6,2018,166,0,0,844,172,160,178,153,80,60,88,66,42,34,27,35,294,331,214,74.4,64.0,89.1,55.0,1015.2,10.0,5.1,9.9,,0.0,,0,0,0,0
2018-06-16,7,6,2018,167,1,0,829,154,184,201,175,109,59,48,45,32,31,25,28,292,326,209,80.8,64.0,91.9,67.8,1013.3,9.7,8.4,21.0,35.9,0.65,,0,1,0,1
2018-06-17,1,6,2018,168,1,0,830,162,242,177,226,85,86,36,43,20,29,31,27,311,342,175,85.9,69.1,93.0,69.8,1014.1,10.0,8.8,18.1,22.9,0.0,,0,0,0,0
2018-06-18,2,6,2018,169,0,0,848,155,196,213,185,95,59,49,61,29,35,24,26,312,346,187,86.5,73.4,93.9,70.3,1013.2,10.0,10.4,22.0,26.0,0.0,,0,1,0,0
2018-06-19,3,6,2018,170,0,0,795,148,171,196,153,90,69,48,55,35,43,21,19,254,316,220,70.9,63.0,95.0,65.5,1013.9,8.0,7.9,18.1,25.1,0.38,,0,1,0,0
2018-06-20,4,6,2018,171,0,0,896,173,167,231,160,100,59,63,55,43,46,23,29,310,367,212,69.0,63.0,81.0,62.2,1011.2,9.8,7.4,12.0,,0.02,,0,0,0,0
2018-06-21,5,6,2018,172,0,0,668,106,122,197,99,49,52,67,48,31,38,25,14,199,298,168,65.8,64.0,77.0,61.5,1009.0,5.6,10.0,14.0,21.0,0.4,,0,1,0,0
2018-06-22,6,6,2018,173,0,0,724,157,130,183,113,83,57,45,44,45,43,30,25,250,311,160,62.4,59.0,66.9,58.4,1007.8,6.7,12.3,17.1,24.1,1.66,,0,1,0,0
2018-06-23,7,6,2018,174,1,0,840,159,154,224,158,105,58,46,48,37,32,29,26,311,333,196,68.1,60.1,81.0,57.0,1006.8,9.6,5.5,13.0,,0.58,,0,1,0,0
2018-06-24,1,6,2018,175,1,0,871,158,183,215,201,93,76,39,43,20,37,39,32,349,333,188,72.7,62.1,81.0,59.1,1011.4,10.0,6.5,15.9,,0.0,,0,0,0,0
2018-06-25,2,6,2018,176,0,0,854,151,159,221,165,85,58,59,49,34,44,31,36,317,323,212,68.9,61.0,80.1,59.1,1018.7,10.0,10.1,15.0,19.0,0.0,,0,0,0,0
2018-06-26,3,6,2018,177,0,0,794,131,146,210,120,110,59,60,46,31,41,27,31,243,334,216,73.3,61.0,84.0,62.4,1014.4,9.6,9.2,14.0,19.0,0.0,,0,1,0,1
2018-06-27,4,6,2018,178,0,0,829,154,149,216,131,83,70,64,49,39,48,24,33,267,345,216,72.8,66.9,84.0,66.4,1008.0,9.5,6.6,12.0,18.1,0.79,,0,1,0,1
2018-06-28,5,6,2018,179,0,0,822,152,158,211,146,76,67,63,54,33,37,30,34,309,326,184,76.2,68.0,88.0,64.6,1012.1,9.0,3.2,8.9,,0.03,,0,0,0,0
2018-06-29,6,6,2018,180,0,0,782,157,167,195,148,82,63,57,40,32,36,23,35,277,324,181,82.1,68.0,96.1,68.8,1012.8,10.0,7.1,13.0,18.1,0.0,,0,0,0,0
2018-06-30,7,6,2018,181,1,0,867,196,171,212,194,89,56,54,48,46,29,30,37,338,334,194,87.1,73.0,96.1,74.7,1012.7,10.0,9.5,14.0,21.0,0.0,,0,0,0,0
2018-07-01,1,7,2018,182,1,0,993,201,221,203,194,87,74,104,73,56,50,33,22,326,443,203,85.1,75.9,93.9,72.0,1010.8,10.0,11.3,31.1,42.9,0.0,,0,1,0,1
2018-07-02,2,7,2018,183,0,0,861,164,155,231,169,84,71,66,58,37,37,23,23,318,342,197,77.0,69.1,93.9,63.2,1014.8,10.0,6.0,9.9,20.0,0.24,,0,1,0,0
2018-07-03,3,7,2018,184,0,0,826,178,141,200,134,86,56,57,52,55,53,29,24,315,321,187,77.7,63.0,89.1,61.3,1019.4,10.0,5.3,9.9,,0.0,,0,0,0,0
2018-07-04,4,7,2018,185,0,1,831,173,208,152,226,103,66,29,39,36,34,27,27,312,353,164,83.4,63.0,93.0,71.0,1021.1,9.9,6.1,9.9,,0.0,,0,0,0,0
2018-07-05,5,7,2018,186,0,0,843,200,176,193,158,98,67,54,43,63,39,23,24,315,339,188,81.4,75.0,93.0,70.9,1022.6,10.0,6.0,13.0,19.0,0.01,,0,1,0,1
2018-07-06,6,7,2018,187,0,0,893,188,143,206,130,97,69,72,67,66,45,28,39,351,352,186,74.0,69.1,91.9,58.2,1027.0,10.0,11.0,18.1,22.0,0.02,,0,0,0,0
2018-07-07,7,7,2018,188,1,0,833,166,179,187,178,92,64,46,64,41,32,30,37,322,302,209,70.6,59.0,82.0,48.1,1027.4,10.0,7.4,13.0,15.9,0.0,,0,0,0,0
2018-07-08,1,7,2018,189,1,0,827,190,198,150,220,90,69,30,50,39,35,30,37,316,337,174,74.8,59.0,88.0,51.7,1024.3,10.0,3.8,8.9,14.0,0.0,,0,0,0,0
2018-07-09,2,7,2018,190,0,0,803,147,142,200,134,91,64,65,49,34,39,18,40,296,307,197,79.4,63.0,91.0,58.7,1021.7,10.0,6.2,14.0,15.9,0.0,,0,0,0,0
2018-07-10,3,7,2018,191,0,0,812,142,147,221,138,87,55,63,50,37,38,30,29,300,306,202,82.1,66.9,91.0,61.8,1018.5,10.0,9.3,15.9,21.0,0.0,,0,0,0,0
2018-07-11,4,7,2018,192,0,0,736,130,126,187,140,74,56,61,42,24,33,22,26,275,285,173,77.2,66.9,87.1,54.0,1019.5,10.0,6.0,11.1,,0.0,,0,0,0,0
2018-07-12,5,7,2018,193,0,0,802,140,139,218,123,79,77,60,46,43,34,30,31,286,306,204,78.6,66.9,87.1,58.7,1020.4,10.0,6.2,12.0,15.9,0.0,,0,0,0,0
2018-07-13,6,7,2018,194,0,0,819,141,153,227,154,85,62,53,41,34,39,36,28,300,318,198,81.9,70.0,95.0,61.1,1018.6,9.9,7.5,13.0,18.1,0.0,,0,0,0,0
2018-07-14,7,7,2018,195,1,0,788,158,176,187,187,84,64,38,42,36,31,17,28,290,322,174,78.3,72.0,95.0,66.5,1017.0,9.7,4.9,9.9,,0.07,,0,1,0,0
2018-07-15,1,7,2018,196,1,0,812,156,196,189,188,89,61,47,54,30,26,29,30,319,323,169,80.2,72.0,91.0,68.6,1014.8,8.0,3.5,8.9,,0.19,,0,1,0,0
2018-07-16,2,7,2018,197,0,0,786,148,154,190,152,84,58,58,58,40,35,27,23,262,337,186,82.3,72.0,91.0,70.6,1012.7,9.9,4.0,14.0,18.1,0.0,,0,1,0,0
2018-07-17,3,7,2018,198,0,0,746,128,142,191,139,82,56,55,40,40,30,23,22,260,303,179,76.6,70.0,93.0,57.3,1016.1,10.0,8.3,14.0,20.0,0.08,,0,0,0,0
2018-07-18,4,7,2018,199,0,0,840,137,148,200,169,80,71,79,50,29,37,33,27,296,354,184,72.1,63.0,81.0,54.0,1019.2,10.0,7.4,12.0,14.0,0.0,,0,0,0,0
2018-07-19,5,7,2018,200,0,0,779,127,149,210,140,67,61,61,56,25,30,33,32,289,305,184,75.8,63.0,87.1,55.4,1015.0,10.0,7.0,12.0,21.0,0.0,,0,0,0,0
2018-07-20,6,7,2018,201,0,0,823,133,140,229,137,79,65,68,66,38,41,26,27,266,345,204,75.7,66.9,87.1,63.8,1005.6,9.4,10.9,15.9,22.0,0.03,,0,1,0,0
2018-07-21,7,7,2018,202,1,0,800,177,173,191,186,98,57,41,42,37,41,27,25,306,321,171,71.5,69.1,79.0,65.9,1005.4,8.7,10.7,18.1,22.9,0.15,,0,1,0,0
2018-07-22,1,7,2018,203,1,0,795,146,180,179,173,84,60,44,38,45,39,24,43,294,315,186,70.7,68.0,79.0,65.7,1010.1,8.3,13.9,20.0,22.9,0.17,,0,1,0,0
2018-07-23,2,7,2018,204,0,0,848,151,162,218,158,97,64,60,56,35,35,25,27,298,320,226,72.3,64.9,82.0,62.4,1013.0,10.0,9.2,15.0,18.1,0.08,,0,0,0,0
2018-07-24,3,7,2018,205,0,0,800,144,139,210,143,89,72,64,48,34,41,29,17,288,332,175,75.1,64.9,88.0,62.8,1014.4,9.9,4.0,11.1,,0.0,,0,0,0,0
2018-07-25,4,7,2018,206,0,0,812,174,141,205,152,90,57,60,52,47,28,27,19,294,328,188,78.8,66.0,90.0,58.3,1015.3,10.0,6.7,8.9,,0.0,,0,0,0,0
2018-07-26,5,7,2018,207,0,0,804,157,119,209,133,92,53,59,49,38,41,22,34,306,305,190,76.6,66.9,90.0,59.2,1012.5,10.0,8.5,13.0,19.0,0.03,,0,0,0,0
2018-07-27,6,7,2018,208,0,0,800,170,147,178,118,107,62,59,54,42,41,31,25,314,309,177,70.2,62.1,81.0,54.4,1015.6,10.0,7.8,14.0,19.0,0.0,,0,0,0,0
2018-07-28,7,7,2018,209,1,0,807,170,138,199,164,95,48,54,44,30,30,30,22,299,295,212,71.2,61.0,82.0,52.4,1018.9,10.0,5.2,8.9,,0.0,,0,0,0,0
2018-07-29,1,7,2018,210,1,0,776,154,183,183,181,69,68,36,37,28,33,32,34,318,315,142,71.9,61.0,82.9,55.2,1019.0,10.0,2.9,11.1,,0.0,,0,1,0,0
2018-07-30,2,7,2018,211,0,0,782,118,149,215,122,91,48,56,61,22,41,33,34,279,308,195,72.5,62.1,82.9,58.5,1018.1,10.0,4.2,11.1,15.0,0.07,,0,0,0,0
2018-07-31,3,7,2018,212,0,0,830,152,140,210,146,95,69,82,52,35,33,29,20,300,332,196,72.9,62.1,82.0,60.8,1016.2,9.9,7.3,12.0,,0.0,,0,0,0,0
2018-08-01,4,8,2018,213,0,0,953,169,189,234,156,81,68,109,73,35,42,20,37,310,400,234,73.3,63.0,84.9,58.9,1014.1,9.3,5.3,17.1,26.0,0.0,,0,1,0,1
2018-08-02,5,8,2018,214,0,0,856,150,136,266,150,82,50,61,38,26,42,36,34,323,301,229,76.8,63.0,84.9,61.9,1013.4,10.0,7.8,13.0,19.0,0.0,,0,0,0,0
2018-08-03,6,8,2018,215,0,0,892,155,147,274,157,74,52,88,48,39,30,33,31,378,321,190,77.1,66.9,89.1,60.0,1016.0,9.2,3.4,8.0,,0.0,,0,0,0,0
2018-08-04,7,8,2018,216,1,0,907,158,172,244,201,87,63,39,40,37,48,34,27,367,344,196,82.0,66.9,97.0,63.3,1016.4,9.9,7.0,14.0,19.0,0.0,,0,0,0,0
2018-08-05,1,8,2018,217,1,0,860,150,193,224,199,97,77,44,48,19,29,20,25,341,337,179,84.7,71.1,97.0,64.3,1016.8,10.0,11.4,20.0,28.9,0.0,,0,0,0,0
2018-08-06,2,8,2018,218,0,0,805,146,120,218,130,74,52,65,54,39,48,26,27,285,330,185,77.6,69.1,93.9,67.0,1016.4,9.7,6.9,20.0,29.9,0.05,,0,1,0,1
2018-08-07,3,8,2018,219,0,0,787,160,145,234,122,70,46,64,49,42,34,36,18,279,317,188,75.3,69.1,82.9,67.5,1014.3,9.4,4.5,14.0,,0.29,,1,1,0,0
2018-08-08,4,8,2018,220,0,0,793,173,144,223,125,69,63,58,62,38,27,25,28,285,316,191,74.0,69.1,84.9,65.0,1012.9,10.0,4.8,8.9,,2.36,,0,1,0,0
2018-08-09,5,8,2018,221,0,0,770,134,143,210,147,75,50,51,46,32,44,27,21,272,306,190,77.9,69.1,89.1,65.0,1012.8,10.0,8.0,15.9,20.0,0.0,,0,0,0,0
2018-08-10,6,8,2018,222,0,0,859,183,141,233,137,74,66,62,46,48,41,28,37,316,348,195,76.1,69.1,89.1,67.1,1013.4,9.1,8.3,18.1,28.0,0.43,,0,1,0,1
2018-08-11,7,8,2018,223,1,0,861,170,179,191,178,92,66,50,39,43,46,40,39,345,314,200,76.9,68.0,88.0,61.8,1014.9,10.0,5.4,15.0,,0.0,,0,0,0,0
2018-08-12,1,8,2018,224,1,0,845,178,178,162,196,113,67,41,58,47,28,29,39,362,300,181,78.7,68.0,88.0,60.4,1018.3,9.8,4.8,12.0,,0.0,,0,0,0,0
2018-08-13,2,8,2018,225,0,0,825,153,152,225,150,77,59,72,54,34,38,26,28,327,307,191,77.1,66.0,89.1,61.1,1018.3,9.4,2.9,9.9,,0.0,,0,0,0,0
2018-08-14,3,8,2018,226,0,0,829,159,151,222,142,86,67,59,38,48,34,37,31,325,314,187,79.2,66.0,89.1,61.3,1015.1,9.5,4.1,8.9,,0.0,,0,0,0,0
2018-08-15,4,8,2018,227,0,0,802,156,141,226,124,81,57,51,51,41,38,26,26,266,348,185,79.8,71.1,87.1,65.2,1013.2,9.6,4.6,14.0,18.1,0.0,,0,0,0,1
2018-08-16,5,8,2018,228,0,0,838,148,159,224,139,93,72,57,46,39,43,27,28,307,331,199,77.3,72.0,86.0,68.0,1012.9,9.3,3.7,8.9,,0.01,,0,1,0,1
2018-08-17,6,8,2018,229,0,0,810,156,143,198,138,91,55,53,44,52,44,31,32,307,332,171,74.9,68.0,86.0,67.1,1013.2,7.9,4.3,11.1,17.1,0.61,,0,1,0,1
2018-08-18,7,8,2018,230,1,0,912,208,190,204,194,85,56,61,56,50,43,36,41,363,351,196,75.3,68.0,84.9,67.2,1015.5,8.8,7.9,13.0,,0.11,,0,0,0,0
2018-08-19,1,8,2018,231,1,0,793,167,177,164,188,95,52,41,44,43,24,33,34,315,307,171,75.6,68.0,86.0,65.8,1014.8,9.6,5.1,11.1,,0.0,,0,0,0,0
2018-08-20,2,8,2018,232,0,0,748,139,142,174,117,70,55,68,42,37,45,33,32,236,317,191,75.1,68.0,86.0,66.6,1012.3,9.5,9.2,15.9,22.9,0.0,,0,1,0,0
2018-08-21,3,8,2018,233,0,0,722,140,122,197,113,67,66,62,37,41,35,27,17,245,294,179,71.7,69.1,77.0,66.0,1009.5,7.7,8.3,24.1,32.1,0.82,,0,1,0,1
2018-08-22,4,8,2018,234,0,0,852,188,129,217,138,120,51,48,49,41,54,31,35,321,324,205,69.4,57.9,79.0,54.1,1018.2,10.0,8.9,13.0,20.0,0.13,,0,0,0,0
2018-08-23,5,8,2018,235,0,0,728,135,127,200,123,87,61,46,46,27,36,27,24,288,281,158,69.9,57.9,80.1,51.6,1019.5,10.0,5.5,12.0,17.1,0.0,,0,0,0,0
2018-08-24,6,8,2018,236,0,0,792,167,141,203,134,78,54,66,44,49,42,29,28,288,322,177,68.4,60.1,80.1,55.6,1015.7,9.9,8.5,15.9,24.1,0.0,,0,1,0,0
2018-08-25,7,8,2018,237,1,0,841,196,157,203,168,102,54,51,54,60,33,23,28,323,327,190,70.9,64.0,86.0,65.6,1012.3,5.8,8.1,12.0,18.1,0.1,,0,1,0,1
2018-08-26,1,8,2018,238,1,0,792,174,215,150,207,94,62,29,43,47,22,32,35,305,305,181,80.8,66.0,93.0,72.4,1014.2,6.7,4.5,14.0,17.1,0.06,,1,0,0,0
2018-08-27,2,8,2018,239,0,0,826,171,163,211,144,88,56,61,45,38,52,35,37,291,333,199,85.4,72.0,93.0,70.9,1012.1,9.2,13.1,20.0,28.0,0.0,,0,0,0,0
2018-08-28,3,8,2018,240,0,0,807,142,152,202,138,94,63,61,52,41,46,24,31,283,312,208,82.2,71.1,93.0,70.6,1011.0,9.7,13.1,19.0,28.0,0.0,,0,1,0,1
2018-08-29,4,8,2018,241,0,0,752,135,130,187,104,79,64,54,68,34,39,31,35,247,318,183,71.6,66.0,91.0,65.3,1014.5,9.4,7.0,28.0,38.1,1.8,,0,1,0,1
2018-08-30,5,8,2018,242,0,0,823,192,125,212,126,86,58,56,47,48,39,38,26,290,336,197,67.7,61.0,75.9,56.6,1022.0,10.0,7.2,13.0,,0.01,,0,0,0,0
2018-08-31,6,8,2018,243,0,0,834,167,132,198,130,75,67,74,45,63,47,28,33,309,321,201,69.9,60.1,84.9,59.0,1018.9,10.0,4.9,11.1,,0.0,,0,0,0,0
2018-09-01,7,9,2018,244,1,0,989,222,182,209,174,77,71,101,72,69,48,40,18,342,390,245,76.4,61.0,86.0,69.3,1014.8,9.3,8.9,21.0,27.0,0.0,,0,1,0,1
2018-09-02,1,9,2018,245,1,0,832,217,170,169,180,80,59,45,46,62,33,33,34,344,293,194,79.8,70.0,91.0,69.3,1016.4,10.0,7.3,15.9,22.0,0.16,,0,1,0,1
2018-09-03,2,9,2018,246,0,0,779,174,189,170,159,81,60,43,51,55,28,28,31,297,338,138,77.1,69.8,87.1,69.4,1020.0,9.1,5.7,18.1,24.1,0.36,,1,1,0,1
2018-09-04,3,9,2018,247,0,0,822,173,159,203,146,86,62,62,50,51,43,23,29,293,308,216,79.3,70.0,91.9,69.5,1020.9,10.0,6.5,9.9,15.9,1.45,,0,0,0,0
2018-09-05,4,9,2018,248,0,0,718,147,153,186,135,69,60,52,42,37,25,26,20,256,294,165,82.5,71.1,91.9,68.1,1017.9,10.0,9.2,15.9,24.1,0.0,,0,1,0,1
2018-09-06,5,9,2018,249,0,0,742,163,132,181,122,62,63,56,44,51,40,31,25,254,290,196,68.5,64.0,75.0,63.0,1024.0,8.7,12.2,17.1,,0.28,,0,1,0,0
2018-09-07,6,9,2018,250,0,0,730,148,106,183,98,69,52,69,51,53,43,28,22,289,269,170,67.1,63.0,70.0,58.8,1023.8,9.8,10.8,15.9,22.9,0.49,,0,1,0,0
2018-09-08,7,9,2018,251,1,0,792,167,152,212,160,85,56,49,32,38,25,27,23,293,322,177,66.7,63.0,69.1,52.3,1021.7,10.0,14.0,18.1,25.1,0.3,,0,0,0,0
2018-09-09,1,9,2018,252,1,0,667,119,148,169,137,80,58,46,34,23,17,19,30,252,258,155,64.3,60.1,69.1,51.8,1018.1,10.0,14.4,22.0,28.0,0.0,,0,0,0,0
2018-09-10,2,9,2018,253,0,0,718,127,133,202,113,69,55,60,46,21,26,30,26,230,295,189,64.9,55.9,73.9,55.2,1016.1,10.0,8.4,15.9,22.0,0.0,,0,0,0,0
2018-09-11,3,9,2018,254,0,0,693,147,128,162,120,67,66,42,50,39,36,26,22,269,269,153,66.9,55.9,79.0,56.5,1019.5,9.3,2.7,7.0,,0.0,,0,0,0,0
2018-09-12,4,9,2018,255,0,0,714,143,124,179,117,87,61,52,42,30,33,25,22,241,267,202,70.8,57.0,82.0,56.9,1021.0,10.0,5.3,9.9,,0.0,,0,0,0,0
2018-09-13,5,9,2018,256,0,0,689,120,112,188,120,69,54,59,36,33,40,23,17,227,261,199,69.0,60.1,82.0,56.6,1021.6,10.0,4.1,9.9,,0.0,,0,0,0,0
2018-09-14,6,9,2018,257,0,0,870,158,136,216,174,83,65,60,53,44,48,28,25,342,315,212,73.1,60.1,87.1,60.2,1020.1,10.0,3.6,11.1,,0.0,,0,0,0,0
2018-09-15,7,9,2018,258,1,0,811,139,162,188,167,103,53,43,43,44,31,33,25,315,303,192,73.5,64.0,87.1,61.3,1020.9,9.8,5.0,11.1,,0.0,,0,0,0,0
2018-09-16,1,9,2018,259,1,0,816,167,195,196,190,73,83,30,37,47,39,27,24,328,316,170,76.1,64.0,89.1,65.3,1018.7,9.3,6.2,12.0,,0.0,,0,0,0,0
2018-09-17,2,9,2018,260,0,0,786,123,139,218,131,80,59,68,49,25,37,28,29,283,283,216,79.0,70.0,90.0,64.3,1013.5,10.0,3.6,7.0,,0.0,,0,0,0,0
2018-09-18,3,9,2018,261,0,0,738,133,140,186,139,73,59,55,40,29,38,30,23,260,274,201,73.3,66.2,82.0,63.9,1013.3,10.0,5.6,14.0,18.1,0.0,,0,0,0,0
2018-09-19,4,9,2018,262,0,0,762,141,134,188,147,74,60,35,50,31,46,33,30,273,301,184,69.5,66.0,75.9,62.1,1016.0,9.7,8.7,14.0,,0.0,,0,1,0,0
2018-09-20,5,9,2018,263,0,0,834,145,161,202,169,85,69,55,51,35,40,34,24,299,313,218,75.3,66.0,93.0,67.1,1013.1,8.1,5.0,9.9,14.0,0.21,,0,1,0,0
2018-09-21,6,9,2018,264,0,0,827,154,148,210,156,76,69,70,45,29,41,37,22,290,318,215,79.0,64.0,93.0,60.7,1010.6,9.9,13.8,20.0,29.9,0.0,,0,0,0,0
2018-09-22,7,9,2018,265,1,0,800,161,182,219,190,71,65,30,36,41,34,29,32,298,351,151,58.6,51.1,64.0,42.8,1024.9,10.0,11.1,17.1,19.0,0.0,,0,0,0,0
2018-09-23,1,9,2018,266,1,0,739,143,157,185,163,77,63,33,46,34,27,36,18,296,289,150,59.7,50.0,71.1,48.7,1021.7,9.9,3.5,8.9,,0.0,,0,0,0,0
2018-09-24,2,9,2018,267,0,0,796,132,154,204,145,61,62,52,54,37,51,39,32,265,338,192,65.0,57.0,73.9,57.3,1017.9,9.5,5.9,8.9,,0.0,,0,0,0,0
2018-09-25,3,9,2018,268,0,0,751,145,119,198,145,81,54,58,35,23,37,33,22,255,301,194,72.9,57.0,84.0,64.5,1011.3,8.9,6.7,22.0,41.0,0.01,,0,1,0,1
2018-09-26,4,9,2018,269,0,0,755,151,132,200,141,65,62,52,45,35,22,30,24,252,293,204,60.9,50.0,66.9,49.2,1017.1,10.0,9.5,17.1,22.9,0.24,,0,1,0,0
2018-09-27,5,9,2018,270,0,0,708,142,97,193,95,71,62,60,34,32,32,26,20,257,261,189,58.7,48.0,70.0,43.3,1018.0,10.0,5.9,12.0,19.0,0.0,,0,0,0,0
2018-09-28,6,9,2018,271,0,0,795,170,117,194,138,77,49,67,43,49,40,29,33,276,317,198,58.3,48.0,70.0,44.5,1017.1,9.9,5.7,9.9,,0.0,,0,1,0,0
2018-09-29,7,9,2018,272,1,0,734,163,126,194,144,68,45,39,31,44,26,34,36,278,278,178,50.4,42.1,61.0,38.7,1026.4,10.0,4.7,8.0,,0.07,,0,0,0,0
2018-09-30,1,9,2018,273,1,0,744,158,139,181,137,88,58,48,35,35,26,40,30,310,279,151,56.6,42.1,62.1,49.4,1023.0,9.0,5.7,11.1,,0.03,,0,1,0,0
2018-10-01,2,10,2018,274,0,0,933,161,169,206,162,66,64,137,54,36,45,31,32,261,417,236,60.8,54.0,72.0,55.7,1021.2,9.4,7.1,12.0,,0.06,,0,1,0,0
2018-10-02,3,10,2018,275,0,0,719,116,124,195,117,70,53,59,41,26,29,32,38,247,296,173,62.1,57.0,72.0,57.8,1017.5,9.1,5.5,15.0,22.0,1.56,,0,1,0,1
2018-10-03,4,10,2018,276,0,0,678,113,120,172,129,77,62,41,42,20,28,23,27,241,255,180,69.7,57.9,88.0,60.3,1012.7,10.0,8.7,18.1,33.0,0.01,,0,0,0,0
2018-10-04,5,10,2018,277,0,0,698,103,127,176,128,79,67,51,52,18,24,27,22,240,273,184,65.9,52.0,88.0,53.6,1015.1,10.0,15.2,20.0,32.1,0.04,,0,1,0,0
2018-10-05,6,10,2018,278,0,0,654,105,116,167,125,58,57,68,36,22,33,18,18,214,268,171,57.3,52.0,64.0,51.2,1017.4,8.4,8.2,15.9,18.1,0.19,,0,1,0,0
2018-10-06,7,10,2018,279,1,0,725,112,168,186,162,88,56,33,40,13,22,33,30,255,309,161,63.6,54.0,70.0,61.0,1014.7,7.2,5.9,12.0,,1.16,,0,1,0,1
2018-10-07,1,10,2018,280,1,0,718,116,182,170,167,89,66,33,34,23,30,29,20,248,311,158,57.9,57.0,70.0,53.4,1021.3,9.7,10.2,14.0,,0.04,,0,1,0,0
2018-10-08,2,10,2018,281,0,0,743,150,148,164,152,92,55,43,47,32,25,20,34,295,266,176,69.4,57.0,84.9,63.5,1017.5,6.4,7.4,15.9,28.9,0.64,,0,1,0,0
2018-10-09,3,10,2018,282,0,0,746,160,134,161,148,78,58,48,51,40,42,27,32,283,295,166,76.3,63.0,84.9,65.2,1015.0,10.0,8.1,13.0,21.0,0.15,,0,0,0,0
2018-10-10,4,10,2018,283,0,0,724,154,152,178,125,81,67,59,50,40,26,19,22,247,284,191,72.8,68.0,84.9,64.7,1007.0,9.3,9.6,17.1,26.0,0.01,,0,1,0,0
2018-10-11,5,10,2018,284,0,0,679,126,84,176,100,81,46,45,38,38,37,29,27,251,257,167,50.3,43.0,75.9,38.1,1011.1,10.0,14.4,20.0,36.9,0.35,,0,0,0,0
2018-10-12,6,10,2018,285,0,0,709,141,128,189,121,73,47,64,48,42,25,30,15,217,294,197,40.5,36.0,51.1,30.9,1016.1,10.0,6.4,9.9,18.1,0.0,,0,0,0,0
2018-10-13,7,10,2018,286,1,0,744,148,135,200,135,80,48,41,36,36,25,23,29,278,313,153,40.9,32.0,53.1,33.3,1015.6,8.6,6.9,12.0,20.0,0.0,,0,0,0,0
2018-10-14,1,10,2018,287,1,0,703,153,172,164,169,98,41,25,40,25,30,22,30,250,306,147,46.4,32.0,54.0,38.4,1016.7,9.0,4.2,9.9,14.0,0.0,,0,0,0,0
2018-10-15,2,10,2018,288,0,0,706,113,134,188,120,70,62,61,50,28,34,23,28,227,300,175,43.8,37.0,54.0,34.4,1019.7,9.0,10.7,15.9,22.9,0.17,,0,1,0,0
2018-10-16,3,10,2018,289,0,0,669,115,115,178,124,54,54,50,49,29,37,25,24,234,261,172,43.4,34.0,59.0,29.2,1021.6,9.9,9.7,18.1,31.1,0.1,,0,0,0,0
2018-10-17,4,10,2018,290,0,0,690,143,129,165,113,67,39,56,53,43,39,19,25,231,289,165,47.7,34.0,59.0,30.9,1022.1,10.0,10.0,17.1,26.0,0.0,,0,0,0,0
2018-10-18,5,10,2018,291,0,0,727,158,120,195,115,77,50,57,37,37,33,21,26,245,291,189,45.0,34.0,57.9,26.5,1031.8,10.0,4.5,9.9,17.1,0.0,,0,0,0,0
2018-10-19,6,10,2018,292,0,0,767,149,132,206,143,69,58,51,47,43,45,33,19,248,302,209,49.4,34.0,57.9,35.3,1021.1,9.7,9.6,15.0,25.1,0.0,,0,1,0,0
2018-10-20,7,10,2018,293,1,0,807,153,160,197,163,99,48,54,46,33,27,31,30,282,353,170,47.6,37.9,54.0,37.0,1012.2,10.0,12.6,22.0,42.9,0.03,,0,1,1,0
2018-10-21,1,10,2018,294,1,0,645,110,150,159,136,83,42,34,38,31,19,25,23,229,268,147,37.4,28.0,51.1,20.4,1026.1,10.0,8.2,14.0,22.0,0.0,,0,0,0,0
2018-10-22,2,10,2018,295,0,0,715,141,136,170,128,85,60,52,37,37,42,22,25,244,293,173,48.0,28.2,64.0,29.2,1018.0,10.0,6.7,9.9,15.9,0.0,,0,0,0,0
2018-10-23,3,10,2018,296,0,0,736,154,135,182,159,73,50,52,53,39,36,26,19,246,302,184,49.2,39.0,64.0,32.0,1022.2,10.0,7.0,12.0,,0.0,,0,0,0,0
2018-10-24,4,10,2018,297,0,0,806,157,133,214,148,80,62,59,38,43,36,32,26,262,333,204,43.7,37.0,54.0,35.3,1029.2,10.0,3.5,6.0,,0.0,,0,0,0,0
2018-10-25,5,10,2018,298,0,0,723,139,133,190,142,70,72,48,43,31,31,17,25,248,282,191,43.9,37.0,53.1,34.3,1023.4,10.0,3.5,8.9,,0.0,,0,0,0,0
2018-10-26,6,10,2018,299,0,0,829,176,142,207,145,88,53,55,50,49,42,26,32,281,329,214,48.4,37.0,53.1,38.1,1012.6,10.0,7.0,12.0,,0.0,,0,0,0,0
2018-10-27,7,10,2018,300,1,0,788,135,152,197,158,92,60,42,43,26,33,21,40,296,339,152,49.1,44.1,54.0,40.1,1010.6,9.7,5.8,9.9,,0.0,,0,1,0,0
2018-10-28,1,10,2018,301,1,0,717,140,157,175,169,82,47,41,32,31,27,26,29,253,294,169,47.2,43.0,54.0,42.5,1008.2,8.0,8.6,18.1,31.1,0.12,,0,1,0,0
2018-10-29,2,10,2018,302,0,0,724,146,132,176,120,87,49,52,50,36,32,28,22,258,289,171,46.9,39.9,55.9,38.7,1016.2,10.0,6.2,12.0,,0.0,,0,1,0,0
2018-10-30,3,10,2018,303,0,0,769,182,139,187,131,77,65,54,52,54,34,28,28,241,288,235,51.5,39.9,64.0,42.9,1013.9,10.0,6.1,9.9,34.0,0.0,,0,1,0,1
2018-10-31,4,10,2018,304,0,0,887,169,129,180,150,157,61,53,61,49,36,28,40,347,306,231,53.5,45.0,64.0,46.0,1012.6,7.6,6.8,12.0,,0.47,,0,1,0,0
2018-11-01,5,11,2018,305,0,0,949,163,169,215,147,100,65,121,82,35,30,28,32,272,441,221,50.5,46.0,61.0,37.3,1011.6,10.0,9.6,19.0,22.9,0.17,,0,0,0,0
2018-11-02,6,11,2018,306,0,0,786,172,122,193,124,94,38,57,48,61,33,27,40,302,312,164,44.1,37.0,52.0,34.9,1010.3,10.0,8.0,14.0,15.9,0.0,,0,0,0,0
2018-11-03,7,11,2018,307,1,0,784,159,181,179,169,67,63,50,51,44,32,31,34,267,352,163,42.2,34.0,50.0,31.8,1017.4,10.0,5.0,8.9,,0.0,,0,0,0,0
2018-11-04,1,11,2018,308,1,0,686,142,157,163,155,71,44,37,53,24,22,29,33,227,315,143,48.0,45.0,51.8,41.8,1018.7,8.8,11.9,17.1,27.0,0.09,,0,1,0,0
2018-11-05,2,11,2018,309,0,0,705,156,135,160,129,55,63,59,46,40,43,25,16,215,312,177,48.1,44.1,52.0,42.1,1011.3,9.4,10.4,17.1,26.0,0.51,,0,1,0,0
2018-11-06,3,11,2018,310,0,0,765,157,134,181,114,69,69,60,59,41,39,27,35,240,325,195,47.7,44.1,51.1,43.2,1004.4,8.1,11.9,22.9,36.9,0.41,,0,1,0,0
2018-11-07,4,11,2018,311,0,0,685,144,124,185,116,49,56,42,53,42,35,24,25,229,270,185,38.3,35.6,44.1,27.9,1017.9,9.9,14.7,21.0,29.9,0.02,,0,1,0,0
2018-11-08,5,11,2018,312,0,0,676,136,119,189,116,57,61,43,51,34,19,24,20,238,291,147,35.2,33.1,41.0,24.2,1027.4,10.0,5.9,14.0,22.9,0.0,,0,0,0,0
2018-11-09,6,11,2018,313,0,0,721,152,121,184,113,77,49,42,50,49,42,33,26,248,298,175,34.1,28.9,41.0,27.0,1022.3,7.0,6.9,15.9,25.1,0.08,,0,0,1,0
2018-11-10,7,11,2018,314,1,0,653,137,140,158,115,71,53,37,39,35,31,22,31,207,317,126,25.0,19.9,37.0,12.9,1025.6,10.0,11.7,18.1,32.1,0.03,,0,0,0,0
2018-11-11,1,11,2018,315,1,1,648,130,144,144,140,71,50,29,45,29,22,26,28,219,294,135,32.5,19.9,41.0,19.8,1025.3,10.0,7.5,11.1,18.1,0.0,,0,0,0,0
2018-11-12,2,11,2018,316,0,0,689,135,141,167,110,80,53,42,50,44,30,23,27,216,316,149,33.0,28.0,41.0,23.5,1026.4,10.0,6.2,13.0,,0.0,,0,0,0,0
2018-11-13,3,11,2018,317,0,0,612,102,104,164,87,44,47,51,47,43,26,26,25,197,256,154,24.6,19.0,34.0,11.5,1029.5,10.0,9.8,13.0,19.0,0.0,,0,0,0,0
2018-11-14,4,11,2018,318,0,0,641,134,114,170,101,48,42,56,44,43,27,23,34,213,259,162,24.7,17.1,36.0,12.8,1034.1,10.0,4.6,8.0,,0.0,,0,0,0,0
2018-11-15,5,11,2018,319,0,0,695,152,112,184,83,75,42,56,55,44,38,25,28,236,281,174,31.0,17.1,36.0,25.9,1024.3,7.4,3.2,8.0,,0.0,1.2,1,1,1,0
2018-11-16,6,11,2018,320,0,0,733,177,125,183,122,66,49,60,49,63,34,27,24,218,312,200,34.1,28.9,39.9,28.7,1013.0,8.3,8.8,13.0,21.0,0.07,,0,0,0,0
2018-11-17,7,11,2018,321,1,0,671,148,135,170,116,73,43,45,48,43,23,19,27,223,326,119,33.8,32.0,36.0,29.8,1023.4,6.2,5.6,12.0,,0.0,2.0,0,0,1,0
2018-11-18,1,11,2018,322,1,0,631,126,155,132,149,63,38,43,45,30,14,30,25,234,273,121,32.8,30.0,37.0,24.7,1025.4,9.8,6.6,11.1,,0.13,,0,0,1,0
2018-11-19,2,11,2018,323,0,0,640,115,121,160,123,63,47,58,44,28,25,27,18,206,283,148,27.7,23.0,34.0,22.2,1019.8,9.0,5.9,9.9,,0.0,,0,0,0,0
2018-11-20,3,11,2018,324,0,0,700,134,121,205,104,52,57,58,50,37,34,19,26,224,310,162,31.4,28.9,34.0,21.9,1021.7,9.7,9.1,15.0,24.1,0.0,,0,0,1,0
2018-11-21,4,11,2018,325,0,0,742,163,121,204,115,77,44,56,35,52,39,38,25,243,318,180,32.2,30.0,36.0,23.1,1023.7,10.0,10.6,15.0,24.1,0.0,,0,0,0,0
2018-11-22,5,11,2018,326,0,1,541,98,149,114,128,65,47,21,32,14,40,24,15,168,263,106,34.1,30.9,39.9,24.1,1028.5,9.8,8.1,11.1,18.1,0.0,,0,0,0,0
2018-11-23,6,11,2018,327,0,0,752,168,158,193,134,88,56,56,45,46,29,26,19,270,353,128,39.7,31.1,51.1,32.5,1017.5,8.0,9.5,17.1,28.0,0.0,,0,1,0,0
2018-11-24,7,11,2018,328,1,0,697,154,121,208,122,63,37,49,41,31,34,29,26,223,303,170,44.9,34.0,51.1,40.8,1002.6,8.9,10.4,21.0,28.0,0.21,,0,1,0,0
2018-11-25,1,11,2018,329,1,0,577,93,155,124,134,72,46,23,44,15,23,20,30,194,267,116,38.4,33.1,46.9,34.0,1008.7,8.6,8.6,20.0,34.0,0.01,,0,1,1,0
2018-11-26,2,11,2018,330,0,0,562,95,113,125,108,50,43,58,40,24,26,28,22,157,277,126,30.1,26.6,37.0,26.7,1008.5,4.5,19.5,33.0,40.0,0.61,5.9,1,1,1,0
2018-11-27,3,11,2018,331,0,0,638,122,114,186,99,42,59,51,49,34,19,30,22,181,295,159,23.6,21.0,33.1,16.7,1015.4,9.5,7.6,11.1,,0.01,5.1,0,0,1,0
2018-11-28,4,11,2018,332,0,0,716,146,124,178,124,57,47,60,51,44,33,32,27,206,302,201,21.7,17.1,26.1,15.1,1017.9,9.8,4.6,8.9,,0.0,5.1,0,0,1,0
2018-11-29,5,11,2018,333,0,0,677,141,115,165,120,48,62,54,39,48,33,46,22,228,274,175,29.9,17.1,37.9,23.6,1013.7,8.4,5.3,8.9,,0.05,5.1,0,0,1,0
2018-11-30,6,11,2018,334,0,0,753,181,121,179,121,62,73,57,45,43,38,30,25,257,286,209,33.8,27.0,42.1,27.8,1015.0,6.6,3.5,7.0,,0.0,3.9,0,1,0,0
2018-12-01,7,12,2018,335,1,0,827,150,157,199,120,79,64,107,52,36,28,38,24,267,400,151,37.7,28.2,42.1,34.7,1011.1,3.9,10.5,18.1,25.1,0.0,1.2,0,1,0,0
2018-12-02,1,12,2018,336,1,0,711,141,169,155,155,80,47,39,44,31,31,38,33,256,297,156,41.4,36.0,44.1,38.6,994.3,5.6,7.1,14.0,20.0,1.18,3.1,0,1,0,1
2018-12-03,2,12,2018,337,0,0,773,128,133,197,115,68,57,73,41,31,49,38,30,234,336,198,34.4,30.9,44.1,29.4,1011.7,8.6,11.3,17.1,26.0,0.05,,0,1,1,0
2018-12-04,3,12,2018,338,0,0,725,172,118,183,115,50,50,61,62,51,33,35,30,241,281,195,30.5,28.9,35.1,22.1,1022.9,10.0,7.9,12.0,19.0,0.01,,0,0,1,0
2018-12-05,4,12,2018,339,0,0,714,142,117,180,117,59,52,70,62,35,29,27,18,217,308,184,28.3,25.0,32.0,19.5,1020.5,9.8,8.4,13.0,19.0,0.0,,0,0,1,0
2018-12-06,5,12,2018,340,0,0,722,141,110,211,118,72,54,52,42,33,39,27,21,213,301,206,30.7,25.0,33.1,21.7,1022.0,10.0,9.3,14.0,21.0,0.0,,0,0,0,0
2018-12-07,6,12,2018,341,0,0,752,149,128,184,131,79,48,72,47,39,29,43,18,224,325,202,20.7,16.0,33.1,11.2,1032.1,10.0,6.6,15.0,21.0,0.0,,0,0,0,0
2018-12-08,7,12,2018,342,1,0,740,148,143,198,143,91,45,41,49,38,22,36,21,240,344,154,24.3,16.0,32.0,13.2,1035.7,10.0,3.6,7.0,,0.0,,0,0,0,0
2018-12-09,1,12,2018,343,1,0,692,143,167,163,161,70,52,43,33,27,27,32,30,242,304,145,24.3,17.1,35.1,17.0,1030.9,8.3,2.9,7.0,,0.0,,0,0,0,0
2018-12-10,2,12,2018,344,0,0,719,134,128,192,104,63,51,60,52,38,44,23,28,233,305,177,23.2,16.0,35.1,17.9,1025.8,7.4,5.0,9.9,,0.0,,0,0,0,0
2018-12-11,3,12,2018,345,0,0,671,133,123,172,115,61,48,54,48,30,44,31,26,211,282,174,29.6,16.0,37.9,23.7,1018.9,7.2,7.6,9.9,,0.0,,0,0,0,0
2018-12-12,4,12,2018,346,0,0,763,132,130,221,119,64,55,69,55,39,29,31,23,206,329,226,33.9,25.0,41.0,27.7,1011.5,8.2,9.6,18.1,26.0,0.0,,0,0,1,0
2018-12-13,5,12,2018,347,0,0,714,122,107,182,106,53,66,62,53,24,28,16,21,206,292,212,32.6,24.1,46.0,26.4,1017.1,7.2,3.9,8.9,,0.0,,0,1,0,0
2018-12-14,6,12,2018,348,0,0,795,160,132,214,149,69,53,60,49,41,28,34,24,303,287,201,38.8,24.3,46.0,38.2,1021.2,1.8,5.9,9.9,,0.24,,1,1,0,0
2018-12-15,7,12,2018,349,1,0,746,152,146,193,140,82,61,46,41,34,20,32,32,273,311,159,35.2,26.1,46.0,31.4,1021.9,5.7,6.5,11.1,,0.13,,1,0,0,0
2018-12-16,1,12,2018,350,1,0,752,172,163,179,152,86,57,47,43,46,23,25,29,291,311,148,35.1,25.0,48.0,30.4,1019.8,6.3,5.4,12.0,,0.0,,1,0,0,0
2018-12-17,2,12,2018,351,0,0,713,137,106,220,99,86,43,66,31,36,35,18,30,225,322,159,36.6,26.2,48.9,24.7,1021.0,10.0,7.7,14.0,,0.0,,0,0,0,0
2018-12-18,3,12,2018,352,0,0,721,147,118,202,109,50,51,69,57,32,24,35,22,217,306,196,32.9,25.0,42.1,23.4,1023.1,10.0,4.6,9.9,,0.0,,0,0,0,0
2018-12-19,4,12,2018,353,0,0,742,147,131,207,112,80,66,53,44,36,32,29,27,238,304,194,39.1,25.2,48.9,30.3,1013.1,10.0,8.9,13.0,22.0,0.0,,0,0,0,0
2018-12-20,5,12,2018,354,0,0,788,127,132,253,126,68,54,69,48,21,36,35,22,219,341,228,43.7,33.1,48.9,40.2,1005.8,6.8,6.3,13.0,22.0,0.0,,0,1,0,0
2018-12-21,6,12,2018,355,0,0,802,130,134,251,138,64,51,75,34,30,36,26,32,245,332,219,34.9,30.9,46.0,31.8,1004.0,7.4,12.4,17.1,25.1,0.15,,0,1,1,0
2018-12-22,7,12,2018,356,1,0,762,120,152,195,159,97,38,49,36,16,28,41,34,293,309,158,29.9,28.0,37.9,24.1,1011.8,10.0,6.7,9.9,,0.05,,0,0,0,0
2018-12-23,1,12,2018,357,1,0,639,125,137,147,138,87,47,31,32,25,28,27,29,222,284,131,32.8,28.0,37.9,26.1,1017.8,9.3,7.0,14.0,22.0,0.0,,0,0,0,0
2018-12-24,2,12,2018,358,0,0,610,101,131,162,107,65,51,45,39,16,36,19,25,152,310,145,28.8,23.0,37.9,17.8,1022.6,10.0,8.4,19.0,28.9,0.0,,0,0,0,0
2018-12-25,3,12,2018,359,0,1,449,72,156,69,125,54,54,12,33,8,27,18,15,134,235,80,33.7,24.1,45.0,25.8,1024.6,10.0,3.7,8.0,,0.0,,0,0,0,0
2018-12-26,4,12,2018,360,0,0,632,137,115,159,91,73,48,48,39,41,20,21,29,239,262,125,34.4,26.1,46.9,28.7,1029.2,7.8,1.7,8.9,,0.0,,0,0,0,0
2018-12-27,5,12,2018,361,0,0,628,117,110,171,92,67,43,45,36,27,35,29,27,204,276,141,42.0,26.2,50.0,35.6,1016.8,8.6,13.0,18.1,28.9,0.01,,0,1,0,0
2018-12-28,6,12,2018,362,0,0,725,178,142,187,119,64,46,55,37,55,33,26,38,233,326,165,41.9,30.0,53.1,38.2,1005.8,8.4,13.5,20.0,29.9,0.71,,0,1,1,0
2018-12-29,7,12,2018,363,1,0,699,151,155,145,142,85,50,40,41,38,35,29,30,239,327,132,28.8,26.1,30.2,26.1,1023.3,7.4,6.3,15.0,20.0,0.04,,0,0,1,0
2018-12-30,1,12,2018,364,1,0,671,122,150,142,139,86,47,39,37,32,34,32,38,226,330,114,25.5,19.0,36.0,19.1,1019.6,8.8,10.0,15.0,22.9,0.03,,0,0,1,0
2018-12-31,2,12,2018,365,0,0,649,118,127,160,106,94,42,46,29,21,29,25,40,215,286,146,34.3,19.9,39.0,31.6,1012.5,6.8,7.2,15.9,26.0,0.01,,0,1,0,0
2019-01-01,3,1,2019,1,0,1,1159,215,317,153,220,124,63,196,81,36,29,33,26,268,664,192,30.7,26.1,39.0,28.2,1019.8,8.1,8.9,18.1,26.0,0.86,,0,1,1,0
2019-01-02,4,1,2019,2,0,0,657,144,127,152,105,61,43,65,45,49,33,29,23,214,305,132,27.6,26.1,34.0,24.5,1022.2,7.6,5.6,15.0,22.0,0.01,,0,1,1,0
2019-01-03,5,1,2019,3,0,0,756,148,136,196,113,82,52,69,49,53,37,24,32,261,325,165,29.2,24.1,37.9,22.9,1016.8,10.0,9.9,15.0,24.1,0.01,,0,0,0,0
2019-01-04,6,1,2019,4,0,0,770,192,126,182,105,82,51,58,54,68,38,27,37,263,307,195,37.0,24.3,48.0,28.1,1010.1,10.0,9.1,15.0,21.0,0.0,,0,0,0,0
2019-01-05,7,1,2019,5,1,0,794,207,176,175,173,66,37,59,45,75,32,17,29,294,331,167,38.9,31.1,52.0,32.0,1008.9,10.0,6.3,14.0,20.0,0.0,,0,0,0,0
2019-01-06,1,1,2019,6,1,0,665,162,152,157,143,77,47,45,31,39,28,15,20,206,302,156,37.9,30.0,52.0,31.7,1020.8,10.0,8.4,13.0,,0.0,,0,0,0,0
2019-01-07,2,1,2019,7,0,0,677,144,116,167,108,71,54,50,56,36,41,19,15,186,314,173,43.6,37.0,53.6,38.7,1013.7,8.2,14.2,19.0,31.1,0.0,,0,1,0,0
2019-01-08,3,1,2019,8,0,0,703,137,117,169,124,81,55,61,37,47,39,9,25,209,303,184,41.4,36.0,53.1,35.4,1008.4,8.2,10.9,25.1,41.0,0.44,,0,1,0,0
2019-01-09,4,1,2019,9,0,0,635,145,111,168,100,48,49,60,40,55,22,21,19,207,277,144,23.2,19.0,45.0,11.6,1021.3,10.0,14.2,22.0,35.9,0.0,,0,0,1,0
2019-01-10,5,1,2019,10,0,0,689,154,113,158,113,80,42,54,52,46,38,15,18,216,306,165,17.9,14.0,25.0,8.7,1029.8,10.0,6.1,11.1,,0.0,,0,0,0,0
2019-01-11,6,1,2019,11,0,0,786,194,111,201,117,74,45,61,58,65,38,27,27,239,326,220,23.4,14.0,30.0,17.4,1028.9,9.5,2.9,8.0,,0.0,,0,0,0,0
2019-01-12,7,1,2019,12,1,0,675,169,143,166,124,54,55,50,50,48,26,21,17,206,303,165,30.2,17.1,32.0,23.8,1027.0,6.8,7.3,14.0,21.0,0.0,2.0,1,0,1,0
2019-01-13,1,1,2019,13,1,0,574,158,150,117,130,52,40,17,37,36,29,20,23,199,248,125,29.7,26.1,32.0,24.0,1028.4,7.1,13.2,17.1,26.0,0.13,2.0,0,0,1,0
2019-01-14,2,1,2019,14,0,0,637,147,115,162,111,54,62,46,39,30,18,27,22,202,261,170,25.4,23.0,30.9,20.4,1028.5,9.2,6.6,11.1,17.1,0.01,1.2,0,0,0,0
2019-01-15,3,1,2019,15,0,0,700,163,133,159,124,57,51,72,53,45,25,28,23,209,312,171,25.5,23.0,28.0,21.8,1023.0,8.4,9.2,15.9,27.0,0.0,1.2,0,1,0,0
2019-01-16,4,1,2019,16,0,0,704,157,108,174,108,49,54,58,65,55,28,23,31,223,307,171,31.2,24.1,34.0,24.9,1021.7,9.0,8.9,14.0,22.0,0.0,1.2,0,1,0,0
2019-01-17,5,1,2019,17,0,0,653,155,136,165,107,52,55,59,50,37,17,22,24,198,281,171,30.3,28.0,35.1,24.0,1021.1,7.9,5.3,9.9,,0.0,1.2,0,0,1,0
2019-01-18,6,1,2019,18,0,0,669,151,118,164,114,53,54,58,48,36,33,30,22,193,306,167,29.7,27.0,35.1,23.5,1020.4,9.0,7.5,14.0,18.1,0.0,,0,0,1,0
2019-01-19,7,1,2019,19,1,0,524,122,111,114,107,52,25,46,30,30,21,14,21,161,263,97,26.4,21.0,30.9,23.3,1018.8,3.8,16.3,24.1,34.0,0.26,5.1,0,0,1,0
2019-01-20,1,1,2019,20,1,0,494,118,121,100,109,48,43,33,45,23,13,19,16,151,243,98,11.9,6.1,28.0,2.8,1023.6,9.0,13.5,22.0,28.9,0.02,5.1,0,0,1,0
2019-01-21,2,1,2019,21,0,0,556,128,100,136,78,55,42,37,49,42,22,23,24,172,247,134,9.4,3.0,17.1,0.2,1033.3,9.7,7.1,14.0,,0.0,5.1,0,0,1,0
2019-01-22,3,1,2019,22,0,0,627,152,129,149,111,40,49,57,42,45,31,20,19,168,304,153,18.7,3.0,32.0,8.7,1025.3,7.7,10.2,14.0,25.1,0.0,3.9,0,1,1,0
2019-01-23,4,1,2019,23,0,0,662,186,98,177,97,59,46,35,44,81,28,19,24,219,262,178,29.5,12.9,34.0,27.9,1009.8,3.5,7.3,14.0,21.0,0.32,5.1,0,1,1,0
2019-01-24,5,1,2019,24,0,0,610,139,129,137,110,54,44,45,44,42,20,21,21,165,272,171,16.6,9.0,34.0,12.3,1011.3,6.8,7.4,17.1,29.9,0.08,5.1,0,0,1,0
2019-01-25,6,1,2019,25,0,0,588,139,113,140,109,39,35,51,47,50,18,17,18,143,286,156,1.3,-6.0,21.9,-5.5,1022.3,8.6,11.0,17.1,28.0,0.0,5.1,0,0,1,0
2019-01-26,7,1,2019,26,1,0,535,128,128,117,106,57,34,34,37,40,19,31,14,171,264,97,2.1,-7.1,12.0,-4.7,1022.8,8.8,4.8,9.9,,0.03,5.9,0,0,1,0
2019-01-27,1,1,2019,27,1,0,523,120,123,119,103,28,63,35,39,38,19,22,15,148,277,95,3.8,-7.1,12.0,-2.4,1019.5,8.6,5.6,9.9,,0.06,5.9,0,0,1,0
2019-01-28,2,1,2019,28,0,0,522,109,122,94,109,39,50,49,51,36,20,19,23,137,233,148,18.4,-2.9,34.0,12.9,1007.8,4.4,8.9,15.9,22.9,0.36,9.8,1,1,1,0
2019-01-29,3,1,2019,29,0,0,495,100,98,128,84,35,50,38,33,35,14,29,9,143,236,114,5.8,-2.0,18.0,-0.8,1012.3,8.6,12.5,21.0,33.0,0.17,9.1,0,0,1,0
2019-01-30,4,1,2019,30,0,0,346,64,109,61,83,25,26,31,36,9,15,25,10,80,195,67,-14.6,-23.1,10.0,-23.8,1022.2,9.8,14.4,18.1,28.0,0.0,7.9,0,0,1,0
2019-01-31,5,1,2019,31,0,0,460,80,114,102,82,46,43,34,46,15,7,41,11,132,233,94,-15.0,-22.0,-4.0,-23.0,1030.7,9.9,7.5,13.0,20.0,0.0,7.9,0,0,1,0
2019-02-01,6,2,2019,32,0,0,781,168,144,162,90,68,46,104,87,62,29,34,20,215,381,171,6.9,-4.0,21.0,1.6,1027.5,6.3,3.2,7.0,,0.07,9.1,0,0,1,0
2019-02-02,7,2,2019,33,1,0,725,162,122,185,126,75,51,47,58,55,26,23,13,235,338,149,25.6,1.9,42.1,21.0,1020.8,6.8,9.0,13.0,22.9,0.02,7.1,0,0,0,0
2019-02-03,1,2,2019,34,1,0,597,130,144,119,138,57,60,31,39,31,14,24,22,225,255,116,42.3,37.0,46.4,40.1,1011.3,6.3,9.7,13.0,21.0,0.0,1.2,0,1,0,0
2019-02-04,2,2,2019,35,0,0,736,136,143,181,129,85,65,58,39,40,34,19,14,219,298,218,47.3,37.9,51.1,44.2,1007.0,7.6,9.2,14.0,24.1,0.0,3.9,0,1,0,0
2019-02-05,3,2,2019,36,0,0,657,152,126,166,104,59,57,44,57,46,31,21,10,175,287,188,29.5,24.1,51.1,24.3,1017.7,10.0,8.8,14.0,22.9,0.05,,0,1,0,0
2019-02-06,4,2,2019,37,0,0,637,153,128,148,121,57,57,38,51,49,28,20,17,193,279,164,32.8,25.0,36.0,31.4,1013.9,3.7,6.8,14.0,20.0,0.31,,1,1,0,0
2019-02-07,5,2,2019,38,0,0,671,138,124,171,122,64,62,51,40,47,26,19,13,195,283,189,35.6,28.9,44.1,34.0,1010.5,4.4,8.0,22.0,36.9,0.57,,1,1,0,1
2019-02-08,6,2,2019,39,0,0,643,143,98,169,99,56,38,54,43,63,24,31,15,181,278,181,11.4,3.9,28.9,2.5,1026.2,8.9,18.5,25.1,41.0,0.15,,0,0,1,0
2019-02-09,7,2,2019,40,1,0,758,204,150,183,138,84,42,49,60,62,20,23,17,238,354,157,11.8,3.9,24.1,2.2,1044.1,10.0,5.7,14.0,18.1,0.0,,0,0,0,0
2019-02-10,1,2,2019,41,1,0,639,140,144,143,142,70,46,41,42,37,24,21,16,203,296,139,23.4,19.9,28.0,15.9,1034.4,8.6,6.8,9.9,,0.0,1.2,0,0,1,0
2019-02-11,2,2,2019,42,0,0,627,157,114,154,101,53,42,50,38,42,37,26,24,186,264,170,28.0,21.9,30.9,25.3,1021.5,5.8,8.0,14.0,21.0,0.04,1.2,0,1,1,0
2019-02-12,3,2,2019,43,0,0,666,164,120,158,116,61,62,56,44,48,28,25,16,166,328,164,32.0,26.6,34.0,29.3,1009.6,3.8,11.6,19.0,33.0,0.51,1.2,0,1,1,0
2019-02-13,4,2,2019,44,0,0,643,166,134,147,116,52,57,48,53,44,29,24,17,180,281,172,18.5,10.0,34.0,14.6,1012.9,6.6,14.7,20.0,34.0,0.04,1.2,0,0,1,0
2019-02-14,5,2,2019,45,0,0,743,169,149,167,154,56,69,56,68,46,24,24,22,213,339,187,36.1,12.0,50.0,27.2,1006.3,10.0,7.4,11.1,19.0,0.01,1.2,0,0,0,0
2019-02-15,6,2,2019,46,0,0,742,165,151,189,120,64,64,65,62,58,24,25,11,227,314,195,22.8,8.1,50.0,15.3,1009.0,9.5,12.1,17.1,29.9,0.0,1.2,0,0,0,0
2019-02-16,7,2,2019,47,1,0,679,146,156,172,144,68,41,38,65,40,19,24,16,200,326,153,18.6,9.0,32.0,11.4,1019.3,10.0,6.4,12.0,,0.0,,0,0,0,0
2019-02-17,1,2,2019,48,1,0,618,137,153,137,148,50,52,34,29,38,15,35,19,192,303,123,25.3,12.9,28.9,20.4,1014.9,6.9,10.3,14.0,22.9,0.0,2.0,1,1,1,0
2019-02-18,2,2,2019,49,0,0,592,135,140,153,110,66,39,33,45,33,21,25,12,180,279,129,25.1,19.9,30.9,20.6,1023.8,4.9,7.9,12.0,,0.25,3.1,0,0,1,0
2019-02-19,3,2,2019,50,0,0,615,127,126,133,98,60,58,53,55,40,25,18,18,183,290,139,21.8,12.0,35.1,12.9,1035.6,10.0,3.0,7.0,,0.01,2.0,0,0,0,0
2019-02-20,4,2,2019,51,0,0,635,138,117,142,115,59,43,55,49,42,25,30,26,199,274,156,31.1,28.0,37.9,25.9,1020.1,6.5,10.1,15.9,22.9,0.01,1.2,0,1,1,0
2019-02-21,5,2,2019,52,0,0,698,153,129,181,122,58,56,53,49,45,24,14,25,212,294,191,30.9,25.0,37.9,21.3,1017.9,9.8,12.1,15.9,28.9,0.08,1.2,0,0,0,0
2019-02-22,6,2,2019,53,0,0,713,167,135,149,122,55,52,64,56,57,34,26,22,207,314,186,28.6,19.0,41.0,19.0,1029.0,9.2,5.4,9.9,,0.0,1.2,0,0,0,0
2019-02-23,7,2,2019,54,1,0,648,150,121,145,122,71,48,40,44,56,21,26,20,219,282,145,35.6,19.2,41.0,29.0,1019.1,5.4,8.9,14.0,,0.0,,1,1,0,0
2019-02-24,1,2,2019,55,1,0,547,144,119,139,118,51,33,25,41,33,16,12,23,173,251,121,37.4,21.0,53.1,30.7,1000.9,7.5,17.4,28.9,47.0,0.77,,1,1,0,1
2019-02-25,2,2,2019,56,0,0,599,137,109,150,109,54,38,47,47,44,16,28,16,191,257,146,12.3,6.1,21.0,0.5,1026.3,10.0,13.3,27.0,42.9,0.02,,0,0,0,0
2019-02-26,3,2,2019,57,0,0,610,135,111,150,111,52,57,47,59,32,21,16,16,190,254,160,16.9,6.1,23.0,8.0,1032.7,9.0,9.3,13.0,19.0,0.0,,0,0,1,0
2019-02-27,4,2,2019,58,0,0,649,159,106,144,112,64,45,64,43,54,22,21,21,192,287,164,24.6,12.9,30.0,17.4,1023.8,9.1,8.7,15.0,21.0,0.0,,0,0,1,0
2019-02-28,5,2,2019,59,0,0,596,132,124,155,98,48,40,63,49,29,14,20,16,161,281,153,18.0,10.9,27.0,8.1,1024.7,10.0,5.7,14.0,20.0,0.01,,0,0,0,0
2019-03-01,6,3,2019,60,0,0,768,165,153,151,97,63,47,117,75,60,23,27,20,217,371,164,26.7,10.9,34.0,16.0,1022.4,10.0,4.8,8.9,,0.0,,0,0,0,0
2019-03-02,7,3,2019,61,1,0,665,170,138,135,137,62,52,47,38,54,25,29,20,222,307,132,29.1,23.0,34.0,21.4,1022.5,8.7,6.9,12.0,17.1,0.0,,0,0,1,0
2019-03-03,1,3,2019,62,1,0,552,115,138,94,129,52,46,41,45,37,16,26,15,177,276,98,22.2,16.0,33.1,10.7,1024.1,10.0,9.7,15.0,18.1,0.0,,0,0,0,0
2019-03-04,2,3,2019,63,0,0,545,128,126,123,107,44,38,50,58,44,13,23,7,159,256,127,5.2,-2.9,25.0,-6.4,1023.8,9.7,12.4,19.0,27.0,0.0,,0,0,0,0
2019-03-05,3,3,2019,64,0,0,543,125,112,123,90,44,45,51,42,46,20,23,15,166,255,120,11.9,-2.9,21.0,0.4,1020.6,9.0,13.5,17.1,27.0,0.0,,0,0,1,0
2019-03-06,4,3,2019,65,0,0,629,139,109,148,108,61,50,63,51,49,17,20,12,185,275,164,16.3,8.1,30.0,3.7,1026.0,10.0,10.7,17.1,26.0,0.0,,0,0,0,0
2019-03-07,5,3,2019,66,0,0,611,139,103,148,111,58,35,55,48,49,17,16,28,187,247,175,22.7,9.0,30.0,10.7,1027.0,10.0,7.3,14.0,22.9,0.0,,0,0,0,0
2019-03-08,6,3,2019,67,0,0,719,162,123,138,132,74,53,62,38,58,30,31,28,217,280,219,28.0,14.0,39.0,20.3,1023.3,8.5,4.1,7.0,,0.0,,0,0,1,0
2019-03-09,7,3,2019,68,1,0,621,158,150,126,146,68,43,31,44,52,20,21,19,212,268,141,33.5,21.0,41.0,27.4,1015.4,7.3,10.5,21.0,32.1,0.0,,0,1,0,0
2019-03-10,1,3,2019,69,1,0,613,150,161,118,140,75,53,30,45,43,18,24,14,220,292,100,36.6,26.2,43.0,32.2,1008.5,8.4,16.5,24.1,40.0,0.56,,0,1,0,0
2019-03-11,2,3,2019,70,0,0,701,138,140,163,127,63,57,58,52,42,21,34,20,235,273,189,32.0,27.0,41.0,19.2,1026.1,10.0,10.0,18.1,27.0,0.0,,0,0,0,0
2019-03-12,3,3,2019,71,0,0,628,154,99,155,103,73,46,56,44,44,17,18,13,202,254,169,35.2,24.1,48.9,23.5,1027.4,9.8,6.4,13.0,22.0,0.0,,0,0,0,0
2019-03-13,4,3,2019,72,0,0,689,169,125,152,132,71,74,46,53,38,17,21,18,218,296,175,44.9,24.3,57.9,36.8,1013.4,9.2,10.5,17.1,26.0,0.32,,0,1,0,0
2019-03-14,5,3,2019,73,0,0,676,167,126,135,124,64,63,63,51,44,28,28,10,205,270,200,55.3,39.9,62.1,48.4,999.7,9.3,15.3,29.9,48.0,0.26,,0,1,0,1
2019-03-15,6,3,2019,74,0,0,735,167,137,163,136,73,68,55,46,53,31,37,10,233,322,175,38.0,35.1,44.1,33.0,1006.7,9.0,14.3,22.9,38.1,0.36,,0,1,1,0
2019-03-16,7,3,2019,75,1,0,767,180,165,155,199,73,61,53,44,45,20,24,20,256,358,153,34.4,28.0,41.0,21.4,1024.4,10.0,10.1,15.9,24.1,0.0,,0,0,0,0
2019-03-17,1,3,2019,76,1,0,614,145,149,116,141,77,58,31,37,26,11,26,17,208,269,135,34.8,28.0,43.0,21.9,1024.7,10.0,5.8,12.0,19.0,0.0,,0,0,0,0
2019-03-18,2,3,2019,77,0,0,652,134,140,141,139,70,64,45,42,42,25,19,15,198,288,164,35.4,27.0,43.0,23.7,1027.4,9.6,6.9,12.0,,0.0,,0,0,0,0
2019-03-19,3,3,2019,78,0,0,646,160,128,150,129,57,61,48,37,47,25,12,14,204,282,158,38.7,27.1,48.9,24.0,1028.6,10.0,7.1,12.0,15.9,0.0,,0,0,0,0
2019-03-20,4,3,2019,79,0,0,695,146,122,160,102,70,54,68,59,47,30,22,17,219,292,180,41.7,30.2,48.9,33.2,1020.4,7.9,7.1,12.0,19.0,0.01,,0,1,0,0
2019-03-21,5,3,2019,80,0,0,690,160,131,175,140,65,59,42,48,39,15,22,22,223,288,178,39.8,35.6,44.1,34.8,1014.6,8.0,9.0,14.0,19.0,0.13,,0,1,0,0
2019-03-22,6,3,2019,81,0,0,711,156,125,178,137,64,48,55,47,57,33,15,18,217,294,193,40.2,34.0,46.0,29.8,1017.0,10.0,10.4,18.1,21.0,0.0,,0,0,0,0
2019-03-23,7,3,2019,82,1,0,691,185,158,162,161,74,50,38,40,44,15,21,14,239,293,158,36.5,25.0,53.1,24.9,1025.6,9.8,3.9,8.9,,0.0,,0,0,0,0
2019-03-24,1,3,2019,83,1,0,650,142,147,144,144,74,57,34,43,32,21,22,22,234,298,115,45.5,25.2,53.1,31.8,1020.7,9.6,4.2,15.9,,0.0,,0,1,0,0
2019-03-25,2,3,2019,84,0,0,639,152,130,148,114,57,55,52,58,47,25,21,12,193,291,152,36.0,33.1,50.0,25.6,1023.9,9.9,17.5,21.0,28.9,0.05,,0,1,0,0
2019-03-26,3,3,2019,85,0,0,672,142,122,158,114,76,50,59,45,46,35,21,18,214,283,165,34.9,23.0,48.0,13.9,1030.4,10.0,5.8,13.0,,0.0,,0,0,0,0
2019-03-27,4,3,2019,86,0,0,698,169,122,135,133,76,66,61,49,43,37,15,14,224,306,162,41.8,23.0,59.0,17.3,1026.5,10.0,7.7,15.0,24.1,0.0,,0,0,0,0
2019-03-28,5,3,2019,87,0,0,685,150,144,152,147,52,71,54,47,44,22,23,14,230,287,165,53.2,46.9,64.9,38.7,1016.8,10.0,12.1,15.9,28.0,0.01,,0,1,0,0
2019-03-29,6,3,2019,88,0,0,675,153,123,159,139,72,46,51,40,49,16,27,15,223,261,188,46.7,37.9,64.9,32.0,1017.9,10.0,7.2,9.9,,0.0,,0,0,0,0
2019-03-30,7,3,2019,89,1,0,663,193,138,141,134,62,56,29,47,49,15,26,18,229,274,160,39.7,34.0,57.0,32.1,1012.8,9.3,10.9,20.0,25.1,0.39,,0,1,1,0
2019-03-31,1,3,2019,90,1,0,638,160,175,133,169,62,41,33,47,39,19,22,10,207,307,121,30.7,23.0,45.0,14.6,1024.0,9.7,11.1,17.1,26.0,0.07,,0,0,1,0
2019-04-01,2,4,2019,91,0,0,808,146,167,181,139,63,63,120,70,37,21,20,12,215,384,194,35.0,23.0,48.9,20.2,1025.7,10.0,9.3,20.0,29.9,0.0,,0,0,0,0
2019-04-02,3,4,2019,92,0,0,657,163,102,139,115,71,52,66,48,48,29,23,16,216,251,185,44.7,26.2,55.0,30.6,1016.7,9.9,13.2,17.1,28.0,0.0,,0,1,0,0
2019-04-03,4,4,2019,93,0,0,679,150,123,137,117,59,69,54,61,49,18,25,25,209,287,179,45.5,37.0,57.9,28.4,1021.2,10.0,9.2,15.0,24.1,0.0,,0,0,0,0
2019-04-04,5,4,2019,94,0,0,666,150,133,153,133,72,51,66,39,42,17,25,13,206,289,169,46.0,37.0,57.9,38.1,1026.6,8.5,7.8,15.0,22.9,0.1,,0,1,0,0
2019-04-05,6,4,2019,95,0,0,706,165,130,170,122,84,58,43,44,60,18,29,18,259,287,157,43.5,39.0,57.0,39.2,1019.9,7.2,5.2,11.1,19.0,0.15,,0,1,0,0
2019-04-06,7,4,2019,96,1,0,743,171,168,141,166,71,54,51,53,41,26,26,29,277,333,132,51.7,39.0,66.0,44.3,1019.3,6.0,3.8,11.1,,0.0,,0,0,0,0
2019-04-07,1,4,2019,97,1,0,703,174,154,126,168,69,60,33,46,44,13,39,20,303,250,149,56.3,39.0,66.9,49.4,1013.9,9.3,6.3,17.1,34.0,0.0,,0,1,0,1
2019-04-08,2,4,2019,98,0,0,745,181,156,156,153,77,66,61,49,47,17,30,16,297,283,160,61.2,51.1,73.0,46.7,1009.9,10.0,6.9,13.0,28.0,0.39,,0,0,0,0
2019-04-09,3,4,2019,99,0,0,695,160,132,146,140,75,65,52,36,50,23,19,17,236,288,164,59.8,48.0,73.0,36.2,1009.7,10.0,8.9,13.0,24.1,0.0,,0,0,0,0
2019-04-10,4,4,2019,100,0,0,659,135,121,162,92,71,49,53,54,35,25,35,21,220,299,135,40.5,34.0,66.0,30.7,1014.9,9.7,14.5,26.0,35.0,0.0,,0,1,1,0
2019-04-11,5,4,2019,101,0,0,748,155,147,180,123,78,64,72,37,45,25,21,17,245,313,182,42.2,34.0,55.9,34.2,1008.6,10.0,17.0,20.0,32.1,0.13,,0,0,0,0
2019-04-12,6,4,2019,102,0,0,781,175,137,175,105,85,73,70,53,59,26,33,18,234,317,225,47.9,37.0,55.9,35.4,1004.5,8.7,13.2,22.9,36.9,0.35,,0,1,0,1
2019-04-13,7,4,2019,103,1,0,756,163,141,169,146,109,55,55,44,44,21,24,23,252,316,183,42.4,35.1,52.0,24.9,1016.8,10.0,11.0,15.9,25.1,0.07,,0,0,0,0
2019-04-14,1,4,2019,104,1,0,537,105,145,104,124,68,34,36,39,31,17,18,22,194,237,105,36.8,32.0,52.0,29.9,1013.7,5.8,14.8,25.1,34.0,0.03,3.1,1,1,1,0
2019-04-15,2,4,2019,105,0,0,725,144,138,176,110,87,56,73,54,44,21,29,22,240,324,155,37.8,30.9,52.0,28.5,1014.7,8.5,7.7,12.0,22.0,0.32,2.0,0,0,1,0
2019-04-16,3,4,2019,106,0,0,708,155,150,145,142,76,62,60,62,39,16,22,28,245,293,168,56.0,48.0,72.0,41.8,1013.5,10.0,8.8,18.1,22.0,0.0,3.1,0,0,0,0
2019-04-17,4,4,2019,107,0,0,693,173,119,152,120,75,47,46,48,39,28,41,23,266,279,144,55.0,44.1,77.0,46.1,1011.5,8.5,9.0,19.0,27.0,0.0,,0,0,0,0
2019-04-18,5,4,2019,108,0,0,629,128,129,134,122,63,55,35,50,34,31,27,20,206,277,145,58.5,44.1,77.0,50.3,1002.3,9.2,11.2,15.9,28.9,0.03,,0,1,0,0
2019-04-19,6,4,2019,109,0,0,650,148,135,161,109,73,44,39,44,56,26,21,14,209,271,169,44.9,41.0,64.9,34.2,1009.3,10.0,20.6,28.9,40.0,0.28,,0,0,0,0
2019-04-20,7,4,2019,110,1,0,730,172,163,140,157,81,57,36,48,45,23,30,34,243,329,157,49.5,36.0,64.0,20.7,1010.3,10.0,16.3,22.9,32.1,0.0,,0,0,0,0
2019-04-21,1,4,2019,111,1,0,646,154,180,121,181,83,56,20,32,37,20,23,10,255,265,125,58.3,36.0,77.0,25.3,1013.4,10.0,5.9,13.0,21.0,0.0,,0,0,0,0
2019-04-22,2,4,2019,112,0,0,737,171,149,130,140,95,71,60,51,42,29,24,23,256,288,184,68.1,44.1,80.1,42.0,1015.5,10.0,10.7,18.1,26.0,0.0,,0,1,0,1
2019-04-23,3,4,2019,113,0,0,743,171,135,192,129,79,53,51,50,51,27,21,23,259,298,182,59.1,48.9,80.1,48.8,1013.7,9.7,10.1,17.1,25.1,0.02,,0,1,0,0
2019-04-24,4,4,2019,114,0,0,703,152,137,164,118,62,68,49,67,40,20,20,16,250,282,163,52.7,42.1,64.9,38.4,1016.0,10.0,4.9,8.9,,0.0,,0,0,0,0
2019-04-25,5,4,2019,115,0,0,769,158,141,172,145,83,72,56,52,34,32,21,21,257,317,189,56.7,42.1,66.9,37.4,1008.9,10.0,4.1,8.9,,0.0,,0,0,0,0
2019-04-26,6,4,2019,116,0,0,763,153,143,188,130,68,74,66,51,50,28,24,17,260,312,190,55.6,46.0,66.9,38.0,1007.6,9.6,13.5,22.0,33.0,0.21,,0,1,0,0
2019-04-27,7,4,2019,117,1,0,629,128,154,137,136,88,42,27,42,29,19,30,20,214,281,130,42.4,32.0,63.0,29.9,1013.0,7.2,8.3,21.0,,0.02,2.0,1,1,1,0
2019-04-28,1,4,2019,118,1,0,606,140,149,124,142,73,47,25,36,37,25,23,21,222,262,121,39.1,30.9,52.0,27.2,1020.0,8.4,11.1,21.0,28.0,0.79,2.0,0,0,1,0
2019-04-29,2,4,2019,119,0,0,718,136,136,188,118,67,58,52,50,41,30,27,22,220,298,196,45.1,31.1,52.0,38.0,1018.7,6.9,8.3,18.1,28.0,0.54,,0,1,0,0
2019-04-30,3,4,2019,120,0,0,729,153,130,190,135,72,59,53,45,43,29,20,18,197,307,221,44.4,37.9,51.1,42.6,1021.8,5.5,7.9,18.1,24.1,1.04,,0,1,0,1
2019-05-01,4,5,2019,121,0,0,832,147,163,191,129,85,75,103,59,35,23,20,25,217,384,219,50.0,39.0,57.9,47.3,1014.7,6.9,8.9,14.0,22.0,2.06,,0,1,0,0
2019-05-02,5,5,2019,122,0,0,702,142,126,168,120,77,54,59,43,37,25,24,20,200,318,179,44.3,41.0,57.9,42.4,1018.9,5.4,8.0,13.0,,0.04,,1,1,0,0
2019-05-03,6,5,2019,123,0,0,792,180,133,218,131,66,63,55,52,58,35,27,13,254,326,209,47.5,39.9,55.0,40.2,1018.9,9.5,10.2,15.9,21.0,0.61,,0,0,0,0
2019-05-04,7,5,2019,124,1,0,701,156,149,143,157,89,63,48,31,36,27,22,19,240,282,175,49.5,37.9,63.0,38.1,1016.5,10.0,5.9,11.1,,0.01,,0,1,0,0
2019-05-05,1,5,2019,125,1,0,779,143,182,154,188,113,64,39,53,26,20,30,16,297,329,152,58.3,37.9,73.0,40.8,1012.0,10.0,5.0,11.1,17.1,0.0,,0,0,0,0
2019-05-06,2,5,2019,126,0,0,793,159,158,185,152,77,67,65,48,37,26,27,25,246,324,220,59.3,46.0,73.0,47.7,1013.8,10.0,7.2,17.1,,0.0,,0,1,0,0
2019-05-07,3,5,2019,127,0,0,700,152,140,191,134,61,62,54,50,37,19,20,6,201,294,201,46.4,44.1,50.0,40.0,1022.1,9.4,12.0,17.1,25.1,0.47,,0,1,0,0
2019-05-08,4,5,2019,128,0,0,760,171,142,166,168,66,66,46,61,40,29,27,18,256,298,202,50.1,43.0,66.0,38.7,1019.5,10.0,11.5,15.0,21.0,0.06,,0,1,0,0
2019-05-09,5,5,2019,129,0,0,737,180,130,161,138,59,82,56,48,48,27,24,17,237,296,200,61.3,46.0,68.0,55.5,1007.2,7.4,9.8,19.0,28.0,1.05,,0,1,0,0
2019-05-10,6,5,2019,130,0,0,798,192,164,170,160,81,57,73,50,46,29,29,15,225,359,212,49.6,44.1,66.9,38.2,1017.6,10.0,8.8,13.0,19.0,0.79,,0,0,0,0
2019-05-11,7,5,2019,131,1,0,696,143,141,172,129,81,47,36,29,46,28,34,29,241,288,167,47.6,44.1,57.9,36.5,1020.2,9.9,6.4,9.9,,0.0,,0,1,0,0
2019-05-12,1,5,2019,132,1,0,633,148,148,138,139,80,46,37,51,26,15,16,17,227,269,136,46.2,42.1,53.1,37.5,1012.6,10.0,10.1,14.0,19.0,0.12,,0,1,0,0
2019-05-13,2,5,2019,133,0,0,791,152,157,182,158,82,74,68,53,31,18,23,18,269,352,162,49.7,42.1,61.0,37.7,1012.1,9.9,7.5,12.0,,0.05,,0,1,0,0
2019-05-14,3,5,2019,134,0,0,722,161,128,166,146,78,58,47,46,41,21,22,19,232,304,183,54.3,41.0,71.1,37.1,1016.2,10.0,3.7,11.1,,0.0,,0,0,0,0
2019-05-15,4,5,2019,135,0,0,769,163,135,189,145,76,72,58,46,32,28,32,20,257,309,196,62.3,41.0,75.0,42.5,1014.3,10.0,4.6,11.1,,0.0,,0,0,0,0
2019-05-16,5,5,2019,136,0,0,741,162,156,181,133,75,67,47,46,40,36,29,22,259,300,180,66.3,50.0,77.0,54.8,1009.7,9.7,8.1,15.0,26.0,0.0,,0,1,0,1
2019-05-17,6,5,2019,137,0,0,778,186,143,160,154,83,68,53,50,58,30,22,19,254,326,198,57.9,46.0,77.0,50.0,1009.6,9.9,9.0,22.0,31.1,0.45,,0,1,0,1
2019-05-18,7,5,2019,138,1,0,758,157,164,188,171,85,58,44,53,32,21,24,19,253,344,160,55.7,44.1,80.1,47.4,1010.8,9.5,8.0,14.0,21.0,0.05,,0,1,0,1
2019-05-19,1,5,2019,139,1,0,776,177,216,140,198,94,70,34,62,44,19,24,25,273,355,147,62.7,44.1,80.1,56.2,1003.6,8.3,10.7,22.0,36.9,0.48,,0,1,0,1
2019-05-20,2,5,2019,140,0,0,809,150,163,193,148,77,82,66,49,36,32,25,18,274,351,174,53.3,46.0,73.9,43.1,1013.8,10.0,10.9,15.9,28.0,0.07,,0,0,0,0
2019-05-21,3,5,2019,141,0,0,730,154,127,156,133,84,58,53,61,38,27,25,28,204,309,214,48.5,45.0,57.0,39.3,1019.6,9.5,10.5,20.0,31.1,0.01,,0,1,0,0
2019-05-22,4,5,2019,142,0,0,772,150,148,150,155,85,76,51,58,42,28,28,31,277,308,183,61.4,50.0,82.0,50.1,1011.1,9.2,12.9,21.0,32.1,0.85,,0,1,0,1
2019-05-23,5,5,2019,143,0,0,773,189,180,183,171,63,76,42,47,44,31,22,12,271,320,180,70.1,48.9,82.0,55.4,1013.7,9.6,12.1,20.0,28.0,0.14,,0,1,0,1
2019-05-24,6,5,2019,144,0,0,847,201,154,201,160,77,75,66,62,47,29,33,13,307,332,203,62.3,54.0,73.9,51.8,1017.5,9.5,6.5,13.0,19.0,0.23,,0,1,0,1
2019-05-25,7,5,2019,145,1,0,877,203,207,189,208,94,72,48,57,33,23,22,21,335,354,186,73.6,54.0,81.0,62.7,1012.0,10.0,9.4,15.9,28.9,0.03,,0,1,0,0
2019-05-26,1,5,2019,146,1,0,828,208,204,159,207,94,74,41,46,38,28,24,21,320,330,176,70.0,63.0,81.0,57.6,1015.3,10.0,5.5,12.0,,0.0,,0,1,0,0
2019-05-27,2,5,2019,147,0,0,748,187,188,169,158,88,52,33,60,37,25,21,28,252,320,175,61.2,53.1,73.9,51.4,1015.3,8.9,6.1,21.0,31.1,0.0,,0,1,0,1
2019-05-28,3,5,2019,148,0,0,747,156,145,186,133,78,63,54,54,32,25,23,23,232,313,200,64.5,53.1,73.0,60.1,1005.8,9.6,7.8,29.9,39.0,1.92,,0,1,0,1
2019-05-29,4,5,2019,149,0,0,738,154,139,178,139,78,73,58,33,26,36,22,23,236,320,178,59.5,52.0,75.0,54.6,1007.6,8.2,7.0,18.1,26.0,0.7,,0,1,0,1
2019-05-30,5,5,2019,150,0,0,747,163,144,186,137,86,54,53,52,38,29,20,17,251,300,194,66.0,52.0,78.1,57.0,1007.2,9.6,6.2,14.0,20.0,0.22,,0,1,0,1
2019-05-31,6,5,2019,151,0,0,832,166,171,186,160,86,78,59,50,43,26,24,35,292,328,210,70.5,60.1,81.0,57.9,1009.9,10.0,6.5,15.0,21.0,0.0,,0,0,0,0
2019-06-01,7,6,2019,152,1,0,936,167,232,199,193,84,60,99,63,47,28,29,19,295,433,192,71.0,61.0,81.0,60.3,1008.0,10.0,8.8,21.0,34.0,0.0,,0,1,0,1
2019-06-02,1,6,2019,153,1,0,737,146,179,164,178,69,79,33,39,26,24,27,30,282,296,155,60.1,52.0,80.1,46.6,1011.9,9.9,7.3,13.0,18.1,0.0,,0,1,0,0
2019-06-03,2,6,2019,154,0,0,706,161,140,169,117,70,73,49,57,41,20,21,16,243,288,172,57.8,48.9,70.0,38.2,1018.4,10.0,7.6,11.1,,0.0,,0,0,0,0
2019-06-04,3,6,2019,155,0,0,774,143,149,169,159,77,78,57,48,36,32,27,18,278,288,203,64.2,48.9,82.0,49.1,1015.0,9.6,8.4,17.1,22.9,0.0,,0,1,0,1
2019-06-05,4,6,2019,156,0,0,792,167,150,198,144,78,78,50,60,45,28,26,23,269,314,207,74.4,55.9,82.9,63.8,1006.4,9.9,7.7,18.1,29.9,0.58,,0,1,0,1
2019-06-06,5,6,2019,157,0,0,744,163,149,184,147,65,58,66,51,38,32,22,21,225,310,202,65.5,57.0,82.9,58.6,1011.2,7.9,6.4,13.0,,0.29,,0,0,0,0
2019-06-07,6,6,2019,158,0,0,824,181,153,185,168,82,63,53,57,60,26,25,23,293,328,199,66.2,55.0,78.1,57.0,1013.9,9.2,7.2,13.0,18.1,0.0,,1,0,0,0
2019-06-08,7,6,2019,159,1,0,888,196,196,223,191,84,66,41,47,46,25,34,43,331,360,194,67.0,55.0,78.1,52.3,1015.1,10.0,8.6,13.0,22.0,0.0,,0,0,0,0
2019-06-09,1,6,2019,160,1,0,806,168,187,185,180,100,72,34,43,27,23,26,30,310,340,155,68.8,57.0,75.9,57.7,1013.9,9.6,6.5,8.9,,0.0,,0,1,0,0
2019-06-10,2,6,2019,161,0,0,799,142,146,200,150,91,62,58,54,34,33,27,36,280,296,220,66.7,60.1,75.0,52.8,1016.8,9.1,11.4,19.0,28.9,0.0,,0,0,0,0
2019-06-11,3,6,2019,162,0,0,780,181,144,187,161,73,71,40,44,44,26,21,37,290,283,202,68.8,57.0,82.0,43.8,1020.3,10.0,6.5,12.0,17.1,0.0,,0,0,0,0
2019-06-12,4,6,2019,163,0,0,717,152,131,188,140,72,50,51,48,39,29,17,30,236,278,199,67.4,57.0,82.0,48.1,1013.2,9.7,8.3,18.1,27.0,0.0,,0,1,0,0
2019-06-13,5,6,2019,164,0,0,702,147,122,177,134,90,53,44,39,41,22,21,20,250,259,188,57.9,51.1,71.1,47.6,1011.1,9.7,12.6,19.0,28.0,0.8,,0,1,0,0
2019-06-14,6,6,2019,165,0,0,807,160,147,190,166,76,77,61,40,41,32,27,26,284,316,202,64.8,51.1,80.1,43.6,1014.9,10.0,10.9,21.0,35.0,0.05,,0,0,0,0
2019-06-15,7,6,2019,166,1,0,832,166,167,178,173,102,70,64,46,38,22,37,18,304,350,175,66.5,52.0,80.1,56.9,1009.0,9.5,10.0,21.0,35.9,0.05,,0,1,0,0
2019-06-16,1,6,2019,167,1,0,722,160,193,147,186,80,69,34,47,28,18,24,22,270,311,140,57.0,54.0,70.0,55.0,1009.4,4.7,7.1,13.0,,0.09,,0,1,0,0
2019-06-17,2,6,2019,168,0,0,753,162,159,174,139,80,77,58,50,32,26,20,21,238,331,176,59.0,54.0,66.9,52.6,1014.7,9.8,7.8,13.0,,0.07,,0,0,0,0
2019-06-18,3,6,2019,169,0,0,716,145,122,179,144,80,53,48,40,45,25,24,21,243,266,201,63.9,54.0,78.1,55.9,1014.0,7.3,3.7,7.0,,0.0,,1,0,0,0
2019-06-19,4,6,2019,170,0,0,808,188,149,181,139,78,76,58,64,70,27,22,22,280,321,204,66.6,54.0,78.1,56.3,1008.6,9.5,5.8,13.0,,0.0,,0,1,0,0
2019-06-20,5,6,2019,171,0,0,733,153,103,180,120,80,76,58,51,38,23,26,18,240,288,202,60.0,55.4,69.1,56.4,1005.4,8.2,11.0,15.9,,0.42,,0,1,0,0
2019-06-21,6,6,2019,172,0,0,781,167,141,200,128,92,63,64,49,64,19,22,17,276,316,187,62.8,52.0,72.0,48.8,1014.4,10.0,5.4,12.0,,0.04,,0,1,0,0
2019-06-22,7,6,2019,173,1,0,827,190,137,218,164,97,63,43,43,38,30,21,21,337,323,164,66.5,52.0,79.0,52.9,1015.8,10.0,8.8,18.1,26.0,0.0,,0,0,0,0
2019-06-23,1,6,2019,174,1,0,810,170,185,172,188,107,68,39,50,37,25,32,32,317,301,192,73.1,57.9,81.0,62.8,1012.8,9.7,9.2,14.0,25.1,0.03,,0,1,0,1
2019-06-24,2,6,2019,175,0,0,810,152,158,186,154,100,68,64,58,41,25,27,21,278,348,183,71.3,63.0,81.0,67.1,1003.6,9.3,7.6,17.1,33.0,0.35,,0,1,0,1
2019-06-25,3,6,2019,176,0,0,785,159,151,201,123,89,69,54,53,36,31,27,29,285,312,184,72.0,62.1,84.9,59.1,1008.5,10.0,10.4,22.0,42.0,0.17,,0,1,0,1
2019-06-26,4,6,2019,177,0,0,800,161,162,214,146,92,65,53,55,34,28,27,24,275,324,198,78.2,62.1,89.1,60.6,1014.8,10.0,5.4,11.1,,0.14,,0,0,0,0
2019-06-27,5,6,2019,178,0,0,749,171,142,189,134,65,65,42,45,46,37,31,32,271,307,171,77.2,68.0,89.1,65.5,1019.3,9.9,5.5,19.0,31.1,0.15,,0,1,0,1
2019-06-28,6,6,2019,179,0,0,847,180,157,212,158,91,66,51,52,45,30,30,34,317,347,179,75.7,68.0,90.0,66.0,1019.2,10.0,8.0,22.9,29.9,0.02,,0,1,0,1
2019-06-29,7,6,2019,180,1,0,867,188,168,212,201,93,55,51,58,46,23,22,34,329,323,215,78.4,69.1,90.0,66.9,1018.1,10.0,4.3,9.9,,0.01,,0,0,0,1
2019-06-30,1,6,2019,181,1,0,808,142,188,195,223,94,61,33,34,28,20,31,29,322,316,168,77.7,69.1,91.0,65.1,1016.6,10.0,4.7,39.0,52.1,0.0,,0,1,0,1
2019-07-01,2,7,2019,182,0,0,923,163,179,223,175,86,62,96,60,39,35,33,25,317,377,216,77.1,69.1,91.0,67.5,1015.0,10.0,6.1,12.0,21.0,0.2,,0,0,0,0
2019-07-02,3,7,2019,183,0,0,770,188,139,170,139,79,69,64,56,44,28,25,24,258,324,184,83.9,69.1,91.9,70.0,1011.7,10.0,7.4,20.0,25.1,0.0,,0,0,0,0
2019-07-03,4,7,2019,184,0,0,808,171,142,193,128,88,72,58,67,51,26,34,22,274,337,196,77.6,69.1,91.9,68.7,1011.6,9.7,6.3,15.0,21.0,0.42,,0,1,0,1
2019-07-04,5,7,2019,185,0,1,801,188,188,141,212,99,58,30,55,34,27,22,23,328,310,160,78.1,69.1,91.0,67.7,1013.1,9.8,7.1,13.0,18.1,0.41,,0,0,0,0
2019-07-05,6,7,2019,186,0,0,893,209,178,184,203,103,69,63,54,47,26,20,26,333,362,196,81.4,70.0,91.0,69.1,1014.4,9.7,6.6,11.1,34.0,0.0,,0,1,0,1
2019-07-06,7,7,2019,187,1,0,817,205,185,180,184,87,61,50,56,35,33,21,13,314,323,179,77.7,72.0,91.0,68.5,1015.0,9.8,8.0,20.0,27.0,0.47,,0,0,0,0
2019-07-07,1,7,2019,188,1,0,777,185,177,157,206,86,60,44,41,36,22,27,24,294,316,161,70.2,64.9,82.9,58.1,1016.7,10.0,13.0,19.0,20.0,0.0,,0,0,0,0
2019-07-08,2,7,2019,189,0,0,835,164,165,220,138,98,61,59,54,43,33,27,24,311,346,175,70.8,60.1,82.9,53.2,1017.3,10.0,7.0,14.0,,0.0,,0,0,0,0
2019-07-09,3,7,2019,190,0,0,743,166,121,157,139,72,66,60,39,47,35,36,26,286,289,164,74.2,60.1,88.0,57.5,1016.0,10.0,5.4,11.1,20.0,0.0,,0,0,0,0
2019-07-10,4,7,2019,191,0,0,838,170,147,217,151,74,75,51,55,46,35,29,26,311,320,202,83.4,61.0,93.9,66.1,1012.2,10.0,8.9,15.0,22.0,0.01,,0,1,0,0
2019-07-11,5,7,2019,192,0,0,765,139,156,163,164,71,82,55,49,25,27,35,25,254,323,186,77.5,70.0,93.9,61.6,1012.0,10.0,7.4,12.0,19.0,0.0,,0,0,0,0
2019-07-12,6,7,2019,193,0,0,788,174,150,185,146,82,57,65,52,51,31,34,20,274,309,200,71.8,59.0,87.1,55.7,1014.5,10.0,5.2,9.9,15.0,0.0,,0,0,0,0
2019-07-13,7,7,2019,194,1,0,893,201,186,181,197,114,59,40,43,36,38,30,30,339,343,210,81.9,59.0,93.9,63.2,1013.9,10.0,8.0,13.0,20.0,0.0,,0,0,0,0
2019-07-14,1,7,2019,195,1,0,791,153,193,177,209,90,53,37,43,37,22,28,22,319,295,175,79.4,70.0,93.9,62.5,1018.1,10.0,7.0,13.0,,0.0,,0,1,0,1
2019-07-15,2,7,2019,196,0,0,823,161,146,211,126,105,66,64,46,48,27,24,19,298,318,204,81.0,70.0,91.9,65.1,1016.8,10.0,8.7,17.1,28.9,0.0,,0,0,0,0
2019-07-16,3,7,2019,197,0,0,757,157,145,185,153,66,64,64,41,32,27,24,28,289,271,193,77.2,71.1,91.9,67.3,1013.2,9.7,6.9,13.0,22.0,0.0,,0,1,0,0
2019-07-17,4,7,2019,198,0,0,802,173,137,224,122,73,67,59,45,48,39,30,21,269,341,188,80.5,71.1,91.9,70.7,1011.6,9.7,4.3,12.0,35.9,0.05,,0,1,0,1
2019-07-18,5,7,2019,199,0,0,760,139,142,201,142,74,52,60,41,34,33,30,28,255,331,169,77.4,71.1,91.9,71.2,1010.0,8.6,7.7,20.0,29.9,0.47,,0,1,0,1
2019-07-19,6,7,2019,200,0,0,803,172,162,190,161,75,60,65,44,43,30,33,28,286,339,176,85.5,73.9,93.0,75.7,1008.5,10.0,9.6,13.0,20.0,1.36,,0,0,0,0
2019-07-20,7,7,2019,201,1,0,831,199,151,208,161,86,61,51,45,43,33,31,25,315,339,174,85.0,73.0,95.0,73.7,1009.9,10.0,11.2,25.1,32.1,0.02,,0,1,0,1
2019-07-21,1,7,2019,202,1,0,775,165,188,175,202,69,66,36,51,30,23,23,27,291,307,176,73.6,68.0,78.1,66.4,1012.5,9.5,10.0,18.1,22.9,0.79,,0,1,0,1
2019-07-22,2,7,2019,203,0,0,792,139,145,207,121,91,66,63,41,32,28,31,23,268,336,187,70.3,64.9,79.0,54.2,1016.3,10.0,12.6,18.1,28.0,0.03,,0,0,0,0
2019-07-23,3,7,2019,204,0,0,789,157,123,220,119,89,51,57,45,36,34,33,29,288,317,180,69.9,62.1,80.1,54.3,1018.6,10.0,6.5,12.0,19.0,0.0,,0,0,0,0
2019-07-24,4,7,2019,205,0,0,745,149,130,215,108,72,69,44,43,33,25,31,32,275,294,173,71.2,62.1,81.0,53.3,1020.3,10.0,4.6,8.9,15.9,0.0,,0,0,0,0
2019-07-25,5,7,2019,206,0,0,802,158,142,208,133,88,56,67,53,41,22,28,33,275,326,200,73.3,62.1,84.9,51.3,1021.2,10.0,4.0,8.0,,0.0,,0,0,0,0
2019-07-26,6,7,2019,207,0,0,817,198,151,207,136,78,67,56,48,63,31,29,25,330,314,169,75.6,63.0,84.9,59.0,1021.3,10.0,7.3,13.0,19.0,0.0,,0,0,0,0
2019-07-27,7,7,2019,208,1,0,826,159,175,217,185,82,56,38,40,43,37,26,25,301,334,189,79.7,66.9,89.1,62.4,1018.7,10.0,11.7,18.1,28.0,0.0,,0,0,0,0
2019-07-28,1,7,2019,209,1,0,833,188,180,179,199,103,56,23,39,53,22,32,28,348,317,165,81.1,71.1,89.1,64.7,1016.6,10.0,10.0,15.0,24.1,0.0,,0,0,0,0
2019-07-29,2,7,2019,210,0,0,816,175,156,201,161,80,62,65,50,51,29,27,24,287,337,186,77.3,70.0,89.1,67.1,1011.7,9.2,8.9,21.0,32.1,0.09,,0,1,0,1
2019-07-30,3,7,2019,211,0,0,777,170,125,206,130,66,60,59,50,50,39,26,25,286,304,184,73.2,66.9,82.0,61.2,1014.3,10.0,6.1,11.1,15.0,0.23,,0,0,0,0
2019-07-31,4,7,2019,212,0,0,714,133,120,198,124,71,48,62,34,31,31,26,26,275,271,167,68.6,59.0,78.1,55.6,1020.3,10.0,7.9,13.0,19.0,0.0,,0,0,0,0
2019-08-01,5,8,2019,213,0,0,934,174,151,264,128,79,59,120,49,57,32,31,21,327,392,202,68.5,57.0,80.1,54.9,1021.6,10.0,6.2,9.9,,0.0,,0,0,0,0
2019-08-02,6,8,2019,214,0,0,883,179,132,280,141,81,57,59,55,52,21,31,29,397,282,196,72.0,57.0,82.9,57.1,1020.7,10.0,5.4,9.9,,0.0,,0,0,0,0
2019-08-03,7,8,2019,215,1,0,872,174,146,234,185,80,62,59,35,50,28,30,31,404,288,175,75.4,61.0,89.1,55.9,1018.4,10.0,3.0,7.0,,0.0,,0,0,0,0
2019-08-04,1,8,2019,216,1,0,845,159,181,228,199,89,59,27,42,42,24,34,27,386,300,158,78.7,63.0,89.1,61.5,1016.6,10.0,4.6,8.9,,0.0,,0,0,0,0
2019-08-05,2,8,2019,217,0,0,810,169,155,187,151,101,66,51,42,43,30,29,33,311,318,178,78.8,70.0,90.0,63.3,1014.4,10.0,5.4,14.0,22.0,0.0,,0,0,0,0
2019-08-06,3,8,2019,218,0,0,787,162,137,179,142,87,62,60,42,49,40,25,31,289,312,181,76.1,66.9,90.0,63.5,1009.1,10.0,7.8,15.0,18.1,0.01,,0,1,0,0
2019-08-07,4,8,2019,219,0,0,781,196,135,184,129,92,50,45,40,68,30,35,37,303,294,180,76.7,66.0,88.0,61.6,1009.7,10.0,5.3,12.0,18.1,0.0,,0,0,0,0
2019-08-08,5,8,2019,220,0,0,822,186,146,227,148,66,51,69,56,44,35,28,20,298,337,185,79.1,66.0,88.0,59.6,1009.1,10.0,9.4,18.1,26.0,0.01,,0,1,0,1
2019-08-09,6,8,2019,221,0,0,796,177,143,212,150,75,54,61,39,39,32,30,24,295,320,179,72.7,62.1,87.1,52.0,1013.1,9.9,5.8,12.0,15.0,0.0,,0,0,0,0
2019-08-10,7,8,2019,222,1,0,801,159,180,175,182,85,68,43,35,25,34,25,29,334,306,161,74.2,62.1,86.0,55.9,1015.2,10.0,4.3,9.9,,0.0,,0,0,0,0
2019-08-11,1,8,2019,223,1,0,802,172,186,186,181,99,56,35,41,35,25,30,30,348,318,135,74.4,66.9,86.0,59.7,1015.4,10.0,7.2,12.0,18.1,0.0,,0,1,0,0
2019-08-12,2,8,2019,224,0,0,708,134,141,204,133,57,58,54,29,45,21,24,27,245,304,158,76.0,68.0,84.0,69.0,1011.7,9.2,4.0,8.0,,0.0,,0,1,0,0
2019-08-13,3,8,2019,225,0,0,764,159,123,204,108,93,55,64,46,48,31,17,19,278,297,188,75.2,70.0,86.0,68.3,1009.5,7.4,5.3,12.0,22.0,0.5,,0,1,0,1
2019-08-14,4,8,2019,226,0,0,796,178,146,192,134,92,70,52,54,50,25,25,24,318,293,181,71.9,66.0,86.0,64.8,1012.6,9.9,5.2,15.0,,0.19,,0,1,0,0
2019-08-15,5,8,2019,227,0,0,815,177,152,212,133,90,79,64,48,44,29,21,17,291,325,191,70.1,63.0,82.9,60.4,1014.9,10.0,8.5,14.0,,0.0,,0,0,0,0
2019-08-16,6,8,2019,228,0,0,776,178,126,186,122,78,63,58,43,62,38,28,16,295,300,179,71.8,63.0,84.0,60.1,1013.4,10.0,6.2,12.0,21.0,0.0,,0,0,0,0
2019-08-17,7,8,2019,229,1,0,812,176,162,191,179,91,59,39,36,41,37,32,33,309,318,183,73.3,64.0,84.0,65.8,1011.5,9.7,4.2,12.0,,0.0,,0,1,0,1
2019-08-18,1,8,2019,230,1,0,761,163,180,152,193,96,52,39,49,37,24,21,20,278,317,166,73.5,66.9,82.0,67.1,1010.0,9.3,7.9,19.0,29.9,0.18,,1,1,0,1
2019-08-19,2,8,2019,231,0,0,792,170,156,172,128,82,68,78,51,48,26,40,28,295,335,156,75.6,68.0,84.9,66.0,1014.1,10.0,3.5,8.9,,0.86,,0,0,0,0
2019-08-20,3,8,2019,232,0,0,733,150,157,174,128,86,61,64,52,47,25,21,23,262,294,173,74.3,68.0,84.9,69.8,1014.8,8.6,3.7,15.0,22.9,0.0,,0,1,0,1
2019-08-21,4,8,2019,233,0,0,722,180,135,198,111,75,48,58,39,56,27,27,26,264,282,174,73.1,64.9,82.9,66.9,1013.8,10.0,4.7,12.0,19.0,0.35,,0,1,0,0
2019-08-22,5,8,2019,234,0,0,754,141,132,194,135,82,58,66,48,37,29,22,23,275,290,185,71.4,64.0,82.9,60.1,1015.2,10.0,8.1,15.9,22.9,0.02,,0,0,0,0
2019-08-23,6,8,2019,235,0,0,781,175,139,221,126,88,56,47,40,59,36,25,16,280,327,174,67.6,57.9,75.9,52.8,1020.6,10.0,9.2,15.9,19.0,0.0,,0,0,0,0
2019-08-24,7,8,2019,236,1,0,819,164,175,198,177,95,56,40,39,45,31,27,24,321,320,177,66.8,57.9,75.0,52.5,1023.9,10.0,7.6,15.9,20.0,0.0,,0,0,0,0
2019-08-25,1,8,2019,237,1,0,767,174,191,157,206,89,64,34,37,43,22,24,29,296,304,165,68.6,60.1,78.1,52.9,1020.1,10.0,7.5,14.0,21.0,0.0,,0,0,0,0
2019-08-26,2,8,2019,238,0,0,730,151,144,168,125,61,66,51,53,41,38,27,23,254,303,171,70.2,61.0,78.1,63.1,1011.0,8.9,8.9,15.9,24.1,0.05,,0,1,0,0
2019-08-27,3,8,2019,239,0,0,733,159,129,194,128,84,48,58,31,44,30,27,17,282,298,151,71.6,64.9,79.0,62.9,1008.0,10.0,8.8,13.0,22.0,1.35,,0,1,0,0
2019-08-28,4,8,2019,240,0,0,755,165,134,223,128,66,64,60,40,40,23,19,19,277,289,185,68.2,59.0,79.0,52.1,1012.4,10.0,10.9,21.0,33.0,0.0,,0,0,0,0
2019-08-29,5,8,2019,241,0,0,776,149,150,204,139,73,52,57,49,39,38,29,25,292,308,174,69.8,57.9,84.0,56.3,1013.1,10.0,9.8,18.1,29.9,0.0,,0,0,0,0
2019-08-30,6,8,2019,242,0,0,770,189,130,173,137,79,61,56,43,66,18,28,30,296,282,186,69.6,57.9,84.0,52.7,1016.6,10.0,6.6,15.0,22.0,0.0,,0,0,0,0
2019-08-31,7,8,2019,243,1,0,775,192,149,200,151,76,51,42,38,47,25,32,18,318,283,173,66.9,59.0,75.0,51.9,1023.8,10.0,7.6,15.0,,0.0,,0,1,0,0
2019-09-01,1,9,2019,244,1,0,906,196,175,198,171,95,57,68,59,44,37,20,39,334,380,181,66.9,62.1,75.0,60.3,1020.7,9.8,5.3,12.0,,0.45,,0,1,0,0
2019-09-02,2,9,2019,245,0,0,779,186,178,191,166,68,67,30,49,33,31,34,18,297,320,159,70.0,61.0,82.0,61.5,1018.4,9.2,4.7,9.9,,0.34,,0,0,0,0
2019-09-03,3,9,2019,246,0,0,684,153,128,175,107,68,54,62,36,46,26,21,22,226,271,183,72.3,61.0,82.0,65.1,1013.5,9.8,9.5,24.1,35.9,0.05,,0,1,0,1
2019-09-04,4,9,2019,247,0,0,687,135,120,193,113,51,57,57,49,47,27,20,20,219,290,173,67.6,59.0,80.1,57.0,1016.0,10.0,8.5,11.1,24.1,0.17,,0,0,0,0
2019-09-05,5,9,2019,248,0,0,652,143,123,170,122,65,48,67,32,34,28,17,15,184,258,203,63.9,55.9,73.9,52.2,1020.8,10.0,4.4,8.9,,0.0,,0,0,0,0
2019-09-06,6,9,2019,249,0,0,774,171,123,195,133,77,52,55,48,51,31,28,21,285,283,203,67.3,55.9,73.9,57.7,1013.8,10.0,9.0,15.0,20.0,0.0,,0,0,0,0
2019-09-07,7,9,2019,250,1,0,739,162,161,183,163,81,63,42,37,42,27,25,22,287,282,167,66.3,55.9,78.1,55.9,1016.7,10.0,7.5,13.0,19.0,0.0,,0,0,0,0
2019-09-08,1,9,2019,251,1,0,722,154,171,145,178,82,60,45,38,29,21,16,34,264,322,135,65.1,55.9,78.1,55.4,1018.4,9.9,7.7,12.0,,0.0,,0,1,0,0
2019-09-09,2,9,2019,252,0,0,780,170,137,184,137,71,61,71,62,42,37,16,27,251,327,196,66.5,62.1,75.9,58.5,1020.7,10.0,6.2,9.9,,0.04,,0,0,0,0
2019-09-10,3,9,2019,253,0,0,725,142,146,188,142,62,64,47,53,32,33,15,26,242,288,192,78.0,62.1,90.0,66.5,1017.3,10.0,9.4,15.9,26.0,0.01,,0,0,0,0
2019-09-11,4,9,2019,254,0,0,752,178,141,171,146,78,53,57,46,56,30,17,19,241,321,187,80.5,71.1,90.0,70.4,1017.9,9.9,6.6,13.0,22.9,0.0,,0,0,0,0
2019-09-12,5,9,2019,255,0,0,786,162,134,214,146,85,76,52,35,42,32,21,19,276,281,223,71.9,63.0,89.1,66.8,1017.5,7.4,7.3,19.0,31.1,0.47,,0,1,0,1
2019-09-13,6,9,2019,256,0,0,818,184,160,198,179,95,57,50,44,47,25,20,16,284,331,200,72.7,64.9,78.1,65.4,1016.0,9.4,10.2,21.0,32.1,1.35,,0,1,0,1
2019-09-14,7,9,2019,257,1,0,764,167,169,173,161,96,60,33,36,49,23,27,14,309,273,181,66.7,55.9,80.1,55.1,1021.0,10.0,7.1,15.0,19.0,0.0,,0,0,0,0
2019-09-15,1,9,2019,258,1,0,785,154,179,150,186,88,73,41,50,29,24,27,22,287,341,155,70.6,55.9,80.1,62.7,1017.9,9.2,8.7,14.0,22.9,0.47,,0,1,0,1
2019-09-16,2,9,2019,259,0,0,807,162,155,202,141,81,66,56,53,40,34,30,25,279,316,207,71.2,63.0,78.1,66.8,1018.2,7.7,5.2,11.1,,0.02,,0,0,0,0
2019-09-17,3,9,2019,260,0,0,782,153,144,171,146,82,71,65,43,40,34,29,21,290,285,193,69.3,64.0,78.1,63.2,1020.5,8.8,6.0,8.9,,0.0,,0,0,0,0
2019-09-18,4,9,2019,261,0,0,757,168,129,176,138,83,77,50,43,46,34,15,28,257,268,223,70.9,62.1,82.0,61.0,1019.3,10.0,6.0,11.1,,0.0,,0,0,0,0
2019-09-19,5,9,2019,262,0,0,792,174,143,179,141,101,66,64,48,41,33,19,27,273,309,205,72.2,62.1,82.9,58.8,1018.0,10.0,4.9,11.1,,0.0,,0,0,0,0
2019-09-20,6,9,2019,263,0,0,817,157,145,219,150,71,58,64,50,49,21,28,21,278,316,218,74.1,63.0,84.0,64.4,1018.6,9.5,3.5,8.0,,0.01,,0,1,0,0
2019-09-21,7,9,2019,264,1,0,758,153,167,182,151,95,59,45,38,33,21,38,28,288,310,157,75.1,68.0,84.0,67.0,1018.1,9.7,8.7,15.9,26.0,0.0,,0,1,0,0
2019-09-22,1,9,2019,265,1,0,658,127,148,159,151,70,44,37,37,25,27,21,27,229,288,138,72.2,69.1,78.1,67.5,1013.4,8.3,10.4,17.1,27.0,0.33,,0,1,0,0
2019-09-23,2,9,2019,266,0,0,771,144,119,195,130,92,68,49,47,33,30,27,25,273,302,195,66.7,59.0,77.0,57.7,1014.1,9.4,8.4,17.1,22.9,1.31,,0,1,0,0
2019-09-24,3,9,2019,267,0,0,758,159,136,191,129,81,58,61,49,45,37,15,11,248,316,192,66.9,57.9,79.0,54.5,1014.5,10.0,8.2,15.0,22.9,0.0,,0,0,0,0
2019-09-25,4,9,2019,268,0,0,714,155,127,166,123,73,63,57,46,52,32,14,22,249,303,160,70.3,57.9,79.0,55.9,1007.1,10.0,12.5,17.1,27.0,0.0,,0,0,0,0
2019-09-26,5,9,2019,269,0,0,709,149,130,169,137,68,53,56,52,34,29,18,25,249,278,175,65.5,55.9,79.0,45.8,1012.1,10.0,8.5,12.0,20.0,0.0,,0,0,0,0
2019-09-27,6,9,2019,270,0,0,669,127,137,170,123,61,42,53,43,31,29,31,24,213,289,167,63.3,55.9,72.0,49.2,1010.4,9.3,8.4,15.0,26.0,0.0,,0,1,0,1
2019-09-28,7,9,2019,271,1,0,700,151,111,170,135,69,55,51,35,43,30,22,29,262,281,155,61.3,54.0,69.1,59.1,1016.3,6.4,11.2,18.1,25.1,2.45,,0,1,0,1
2019-09-29,1,9,2019,272,1,0,712,126,166,174,163,92,54,34,42,31,14,24,25,266,302,139,60.9,53.1,66.0,57.9,1021.2,9.1,9.1,15.0,19.0,0.53,,0,1,0,0
2019-09-30,2,9,2019,273,0,0,756,147,137,195,113,89,55,65,61,41,38,24,20,251,325,175,71.2,60.1,84.9,65.9,1016.5,6.1,5.9,14.0,21.0,0.06,,1,1,0,0
2019-10-01,3,10,2019,274,0,0,894,176,164,199,136,78,71,118,72,55,32,29,16,262,391,224,78.6,64.9,86.0,67.3,1013.0,9.9,8.5,11.1,17.1,0.0,,0,0,0,0
2019-10-02,4,10,2019,275,0,0,734,139,107,192,118,70,62,61,41,40,36,24,15,249,308,172,65.9,57.2,82.9,61.9,1011.8,6.5,10.4,15.0,21.0,0.08,,0,1,0,0
2019-10-03,5,10,2019,276,0,0,732,142,129,183,105,60,70,69,54,48,32,21,27,234,317,180,60.7,57.0,69.1,56.3,1016.0,7.5,8.9,15.0,24.1,2.25,,0,1,0,1
2019-10-04,6,10,2019,277,0,0,717,162,113,185,123,72,53,36,51,53,33,20,21,259,277,179,51.8,46.0,57.0,45.1,1026.5,10.0,9.5,17.1,20.0,0.57,,0,1,0,0
2019-10-05,7,10,2019,278,1,0,726,153,148,177,140,101,52,43,38,49,26,25,16,297,290,137,54.6,45.0,63.0,46.3,1022.0,9.5,7.6,12.0,15.9,0.0,,0,1,0,0
2019-10-06,1,10,2019,279,1,0,670,149,144,174,127,79,56,30,29,34,27,22,19,255,284,130,58.6,48.0,66.9,47.2,1016.6,10.0,8.9,14.0,24.1,0.27,,0,1,0,0
2019-10-07,2,10,2019,280,0,0,748,161,114,170,141,82,62,54,48,51,32,21,20,262,299,178,58.6,48.0,69.1,43.0,1020.8,10.0,8.1,14.0,21.0,0.0,,0,0,0,0
2019-10-08,3,10,2019,281,0,0,712,137,121,177,129,72,68,46,39,44,37,25,23,230,272,208,57.1,46.0,70.0,43.2,1022.6,10.0,2.4,8.9,,0.0,,0,0,0,0
2019-10-09,4,10,2019,282,0,0,736,167,119,169,117,83,56,61,50,51,24,13,27,236,292,204,59.8,46.0,70.0,44.3,1020.6,10.0,6.7,11.1,,0.0,,0,0,0,0
2019-10-10,5,10,2019,283,0,0,649,132,103,144,104,74,48,56,47,46,29,24,17,210,268,165,61.6,50.0,70.0,52.1,1017.5,10.0,7.0,11.1,17.1,0.0,,0,1,0,0
2019-10-11,6,10,2019,284,0,0,731,170,124,188,114,77,66,61,50,45,30,20,14,248,324,154,59.7,42.1,69.1,55.2,1012.2,9.0,9.7,17.1,25.1,0.2,,0,1,0,0
2019-10-12,7,10,2019,285,1,0,733,168,128,183,121,94,45,51,47,48,29,27,24,269,303,157,42.7,35.1,66.9,26.6,1015.4,9.7,12.9,19.0,32.1,0.58,,0,0,0,0
2019-10-13,1,10,2019,286,1,0,697,131,164,168,155,95,44,40,50,22,15,26,21,250,309,136,45.4,36.0,54.0,31.9,1010.2,10.0,9.8,18.1,28.0,0.0,,0,0,0,0
2019-10-14,2,10,2019,287,0,0,687,162,116,174,109,68,55,40,50,41,31,18,26,235,293,153,44.7,37.0,54.0,31.8,1016.6,10.0,7.1,13.0,19.0,0.0,,0,0,0,0
2019-10-15,3,10,2019,288,0,0,746,137,106,195,110,69,66,77,46,37,35,26,20,245,302,194,50.0,41.0,62.6,40.6,1013.7,9.7,7.0,14.0,26.0,0.0,,0,1,0,0
2019-10-16,4,10,2019,289,0,0,743,140,115,192,122,72,50,78,52,41,30,26,25,259,281,195,48.8,41.0,62.1,37.0,1011.0,10.0,14.1,22.9,36.9,0.0,,0,0,0,0
2019-10-17,5,10,2019,290,0,0,677,135,105,176,111,71,49,59,53,33,19,20,22,231,269,174,46.0,41.0,54.0,36.4,1016.6,10.0,5.8,8.0,15.0,0.0,,0,0,0,0
2019-10-18,6,10,2019,291,0,0,705,133,132,173,112,63,59,70,54,39,24,28,27,247,273,183,46.8,37.9,59.0,38.5,1017.2,10.0,4.8,11.1,17.1,0.0,,0,0,0,0
2019-10-19,7,10,2019,292,1,0,719,151,154,156,179,83,55,38,40,32,33,13,16,258,301,157,53.4,37.9,68.0,40.4,1010.5,10.0,7.6,12.0,20.0,0.0,,0,0,0,0
2019-10-20,1,10,2019,293,1,0,720,142,150,158,155,107,62,26,48,28,22,31,27,288,281,151,56.3,44.1,68.0,47.6,1010.2,9.9,5.3,8.9,,0.0,,0,1,0,0
2019-10-21,2,10,2019,294,0,0,713,114,134,164,139,83,54,53,43,29,37,22,33,215,308,188,56.2,48.2,66.9,50.9,1003.0,6.7,11.9,22.9,35.9,0.0,,1,1,0,0
2019-10-22,3,10,2019,295,0,0,660,133,111,147,117,70,56,51,42,33,29,19,25,243,250,166,50.0,46.0,66.9,38.8,1001.3,10.0,15.5,22.0,39.0,0.05,,0,1,0,0
2019-10-23,4,10,2019,296,0,0,702,135,113,183,114,73,63,54,52,33,35,23,29,251,291,155,47.5,39.0,57.9,33.7,1011.3,10.0,9.0,17.1,26.0,0.01,,0,0,0,0
2019-10-24,5,10,2019,297,0,0,716,174,116,203,107,83,55,48,41,50,25,21,21,239,299,174,47.1,39.9,57.9,39.0,1021.6,10.0,6.3,15.0,,0.02,,0,1,0,0
2019-10-25,6,10,2019,298,0,0,755,151,131,217,140,67,50,58,39,44,24,23,30,274,316,162,44.5,42.1,50.0,34.1,1027.1,10.0,3.9,6.0,,0.0,,0,0,0,0
2019-10-26,7,10,2019,299,1,0,561,105,128,134,124,61,39,27,33,22,19,29,19,174,260,124,42.1,36.0,48.2,37.6,1018.0,7.4,6.7,21.0,26.0,0.0,,0,1,0,0
2019-10-27,1,10,2019,300,1,0,702,134,156,176,155,79,47,32,36,24,19,28,33,251,291,158,48.6,36.0,57.9,42.0,1008.1,7.3,12.3,22.0,29.9,2.22,,0,1,0,0
2019-10-28,2,10,2019,301,0,0,663,119,121,162,132,76,55,48,38,13,32,25,28,225,275,161,47.1,41.0,57.9,41.2,1016.5,9.9,3.6,7.0,,0.04,,0,0,0,0
2019-10-29,3,10,2019,302,0,0,637,147,119,172,107,47,55,50,32,45,30,25,20,199,282,151,40.3,35.1,48.9,36.3,1021.1,8.4,7.0,15.0,24.1,0.15,,0,1,0,0
2019-10-30,4,10,2019,303,0,0,579,116,125,148,101,58,49,46,48,30,17,28,16,183,263,128,36.5,32.0,45.0,32.4,1024.1,6.3,7.8,15.9,25.1,0.27,1.2,0,1,1,0
2019-10-31,5,10,2019,304,0,0,590,115,118,155,99,62,56,54,35,28,20,25,9,159,286,144,33.4,30.0,41.0,31.7,1012.8,2.9,14.7,20.0,28.9,0.46,3.1,1,1,1,0
2019-11-01,6,11,2019,305,0,0,872,166,167,198,128,85,53,134,58,42,33,22,23,233,437,190,30.9,23.0,44.1,23.6,1021.6,9.6,8.3,14.0,21.0,0.11,2.0,0,0,0,0
2019-11-02,7,11,2019,306,1,0,665,121,147,160,144,80,59,43,38,30,21,20,26,213,313,137,38.0,23.2,44.1,31.3,1020.1,9.3,9.3,15.0,31.1,0.01,2.0,0,1,0,0
2019-11-03,1,11,2019,307,1,0,721,169,173,167,164,84,70,31,46,36,21,21,23,280,286,153,38.8,30.0,53.1,28.3,1019.7,10.0,7.4,14.0,25.1,0.0,,0,0,0,0
2019-11-04,2,11,2019,308,0,0,672,121,128,180,135,62,44,56,37,46,26,12,17,208,284,172,47.6,30.2,53.1,34.7,1013.5,10.0,8.8,13.0,21.0,0.0,,0,1,0,0
2019-11-05,3,11,2019,309,0,0,637,140,116,139,108,68,47,58,43,43,29,20,27,198,276,158,37.7,32.0,51.1,25.3,1022.6,10.0,8.2,13.0,22.9,0.0,,0,0,0,0
2019-11-06,4,11,2019,310,0,0,663,134,125,139,117,58,58,67,38,40,34,27,21,183,322,152,38.6,30.0,55.0,24.7,1026.1,10.0,6.5,15.9,28.9,0.0,,0,0,1,0
2019-11-07,5,11,2019,311,0,0,666,151,117,173,111,73,57,53,49,31,27,18,17,204,270,187,28.3,21.9,37.0,18.7,1030.0,9.1,11.1,17.1,21.0,0.01,,0,1,1,0
2019-11-08,6,11,2019,312,0,0,682,151,136,157,113,57,49,70,54,46,25,20,18,233,313,133,23.0,16.0,32.0,8.1,1032.2,10.0,6.6,11.1,,0.0,,0,0,0,0
2019-11-09,7,11,2019,313,1,0,712,144,137,166,134,77,47,53,42,38,27,29,29,217,335,157,33.6,16.0,46.0,16.8,1018.7,10.0,9.4,15.0,21.0,0.0,,0,0,0,0
2019-11-10,1,11,2019,314,1,0,652,149,146,116,155,81,41,40,36,33,17,30,33,221,277,152,40.6,27.1,46.0,30.9,1014.6,9.5,6.2,11.1,,0.0,,0,0,0,0
2019-11-11,2,11,2019,315,0,1,495,122,95,112,78,47,34,48,29,34,18,24,16,147,242,106,28.1,19.9,43.0,24.6,1022.7,3.7,13.2,22.0,28.9,0.18,3.1,0,1,1,0
2019-11-12,3,11,2019,316,0,0,551,115,95,151,85,40,37,55,38,33,26,24,11,137,263,147,13.4,7.0,33.1,1.9,1031.6,10.0,11.2,17.1,25.1,0.04,3.1,0,0,0,0
2019-11-13,4,11,2019,317,0,0,578,126,114,153,94,47,36,46,44,34,27,26,20,160,288,125,15.7,7.0,25.0,3.7,1025.8,10.0,9.1,15.0,24.1,0.0,2.0,0,0,0,0
2019-11-14,5,11,2019,318,0,0,579,130,89,166,86,41,59,48,35,36,20,22,19,181,254,142,27.1,10.9,30.0,19.9,1022.0,9.3,6.3,11.1,15.9,0.01,2.0,0,0,1,0
2019-11-15,6,11,2019,319,0,0,761,161,134,195,133,72,47,73,36,44,35,37,19,257,323,174,27.1,21.9,37.9,20.2,1027.6,9.3,5.9,9.9,,0.0,1.2,0,0,0,0
2019-11-16,7,11,2019,320,1,0,665,151,136,152,134,66,47,50,43,44,28,28,17,231,294,135,32.8,21.9,42.1,26.6,1029.4,8.1,4.5,8.9,,0.0,1.2,0,0,0,0
2019-11-17,1,11,2019,321,1,0,702,155,162,173,155,87,34,43,30,36,19,19,29,252,330,118,32.9,26.1,42.1,26.6,1019.4,9.7,6.2,8.0,,0.0,1.2,0,0,0,0
2019-11-18,2,11,2019,322,0,0,686,143,132,171,119,65,58,53,37,41,26,28,24,196,309,177,36.7,27.1,39.9,33.5,1009.6,5.7,4.3,8.0,,0.04,,0,1,0,0
2019-11-19,3,11,2019,323,0,0,687,109,132,169,110,69,55,67,53,29,28,29,24,210,290,184,37.2,34.0,41.0,32.0,1009.1,8.2,3.2,7.0,,0.0,,0,1,0,0
2019-11-20,4,11,2019,324,0,0,731,147,127,186,138,57,61,71,38,37,30,30,19,230,296,195,40.8,35.1,46.9,37.3,1019.2,6.7,3.5,11.1,,0.01,,0,0,0,0
2019-11-21,5,11,2019,325,0,0,663,134,109,161,117,65,55,53,37,29,37,22,24,206,282,174,46.5,37.9,54.0,41.9,1012.6,8.8,12.7,22.0,36.9,0.26,,0,1,0,0
2019-11-22,6,11,2019,326,0,0,729,180,124,165,123,67,52,55,51,60,29,26,26,251,305,168,36.0,28.9,54.0,26.8,1019.7,10.0,8.2,14.0,25.1,0.42,,0,1,0,0
2019-11-23,7,11,2019,327,1,0,703,152,146,180,136,89,51,46,33,44,30,21,21,236,313,148,31.0,24.1,39.9,25.0,1014.0,10.0,4.5,8.9,,0.0,,0,0,0,0
2019-11-24,1,11,2019,328,1,0,700,177,154,157,143,67,56,51,52,35,24,14,24,239,300,158,38.0,24.3,50.0,30.2,1005.3,10.0,7.9,11.1,,0.0,,0,0,0,0
2019-11-25,2,11,2019,329,0,0,697,138,118,196,99,69,44,45,45,38,34,28,23,230,272,193,44.5,32.0,53.1,36.3,1002.4,10.0,6.8,9.9,,0.0,,0,0,0,0
2019-11-26,3,11,2019,330,0,0,678,156,123,178,142,64,47,48,44,39,17,16,25,208,302,165,41.2,32.0,53.1,34.3,1007.8,9.8,5.8,14.0,,0.0,,0,1,0,0
2019-11-27,4,11,2019,331,0,0,638,123,113,172,95,59,59,49,36,34,34,25,20,180,286,169,44.4,33.1,55.0,39.6,1001.1,7.6,16.1,31.1,46.0,0.62,,0,1,0,1
2019-11-28,5,11,2019,332,0,1,508,91,142,99,127,58,40,35,26,16,24,16,19,176,228,103,33.8,30.9,36.0,25.2,1028.7,10.0,9.6,20.0,28.9,0.25,,0,0,0,0
2019-11-29,6,11,2019,333,0,0,649,151,139,160,130,65,44,61,35,34,26,17,25,202,309,133,35.7,31.1,39.9,32.8,1028.6,8.6,5.5,8.9,,0.0,,0,1,0,0
2019-11-30,7,11,2019,334,1,0,664,153,133,197,121,71,33,43,29,40,20,21,27,203,313,147,37.3,33.1,39.9,34.2,1013.8,7.0,10.4,22.0,32.1,0.03,,0,1,0,0
2019-12-01,1,12,2019,335,1,0,740,141,142,165,135,73,42,85,38,39,31,26,20,231,357,137,39.3,34.0,41.0,37.6,996.4,5.6,8.0,20.0,28.0,0.34,,0,1,1,1
2019-12-02,2,12,2019,336,0,0,710,144,123,200,107,62,50,63,51,41,23,24,30,227,286,193,31.7,28.9,41.0,26.5,1013.4,9.4,11.3,15.9,22.9,0.11,,0,0,1,0
2019-12-03,3,12,2019,337,0,0,693,142,116,207,111,44,58,60,43,43,23,19,28,215,285,192,32.4,28.9,39.9,26.2,1011.0,9.9,9.1,14.0,22.0,0.0,,0,0,0,0
2019-12-04,4,12,2019,338,0,0,747,156,118,194,122,70,58,57,42,48,29,31,30,230,300,211,36.7,29.1,43.0,28.1,1004.2,10.0,11.4,20.0,29.9,0.0,,0,0,0,0
2019-12-05,5,12,2019,339,0,0,702,122,113,203,131,59,69,63,35,35,24,23,18,215,297,185,35.7,27.0,45.0,27.9,1014.7,10.0,5.8,11.1,,0.0,,0,0,0,0
2019-12-06,6,12,2019,340,0,0,736,137,137,216,125,81,52,47,41,35,28,31,19,222,310,203,38.5,29.1,45.0,29.6,1019.7,10.0,9.8,20.0,28.9,0.0,,0,0,0,0
2019-12-07,7,12,2019,341,1,0,702,164,137,215,133,55,43,37,31,43,21,26,21,227,305,169,30.7,25.0,42.1,23.8,1028.2,10.0,5.3,9.9,,0.0,,0,0,0,0
2019-12-08,1,12,2019,342,1,0,672,149,172,133,158,83,48,34,50,31,24,17,20,241,290,139,38.5,25.2,46.9,30.7,1016.3,8.9,10.3,15.0,22.9,0.0,,0,0,0,0
2019-12-09,2,12,2019,343,0,0,708,140,130,202,115,62,60,54,38,39,35,17,26,203,331,170,45.8,34.0,46.9,43.3,1003.1,6.6,7.3,21.0,32.1,0.05,,0,1,0,0
2019-12-10,3,12,2019,344,0,0,675,127,112,197,101,61,55,52,40,34,25,30,19,183,305,183,22.0,14.0,46.9,13.2,1016.1,9.8,12.5,20.0,31.1,0.0,,0,0,1,0
2019-12-11,4,12,2019,345,0,0,606,120,123,152,98,54,61,47,50,30,16,23,16,157,276,171,17.9,12.9,24.1,7.4,1029.4,9.4,8.6,14.0,22.9,0.0,,0,0,1,0
2019-12-12,5,12,2019,346,0,0,657,128,116,199,102,78,52,54,39,26,33,22,18,183,286,186,28.0,12.9,45.0,18.2,1027.8,9.8,8.3,15.0,27.0,0.0,,0,0,0,0
2019-12-13,6,12,2019,347,0,0,733,127,125,190,137,68,59,65,36,29,32,30,26,233,316,179,39.7,36.0,45.0,27.5,1014.8,10.0,6.8,11.1,20.0,0.0,,0,0,0,0
2019-12-14,7,12,2019,348,1,0,682,126,120,206,149,66,39,44,36,24,21,23,27,240,307,133,32.8,27.0,45.0,28.0,1007.8,7.7,5.1,15.9,22.9,0.0,,0,0,0,0
2019-12-15,1,12,2019,349,1,0,658,155,143,156,137,57,39,53,53,31,25,26,17,186,323,144,23.5,19.0,35.1,15.2,1016.7,9.8,7.3,14.0,25.1,0.0,,0,0,0,0
2019-12-16,2,12,2019,350,0,0,625,132,103,161,117,59,49,45,41,25,33,19,22,179,286,156,26.0,24.1,30.2,20.1,1021.5,8.3,4.7,8.0,,0.01,,0,0,1,0
2019-12-17,3,12,2019,351,0,0,671,121,113,169,132,45,43,61,47,28,28,23,27,196,304,169,24.9,19.0,30.0,18.7,1020.2,10.0,8.4,14.0,22.9,0.0,,0,0,0,0
2019-12-18,4,12,2019,352,0,0,654,141,116,189,131,46,28,51,39,44,24,30,26,180,295,176,19.9,10.0,28.9,7.4,1023.9,9.9,9.1,15.9,22.0,0.0,,0,0,1,0
2019-12-19,5,12,2019,353,0,0,687,120,134,202,117,46,54,67,35,22,32,33,17,199,284,198,22.9,14.0,35.1,8.8,1026.2,10.0,8.2,15.0,22.0,0.0,,0,0,0,0
2019-12-20,6,12,2019,354,0,0,729,140,106,215,107,68,39,57,42,39,35,36,19,215,325,180,29.9,15.1,41.0,24.6,1029.0,7.2,3.5,8.9,,0.0,,0,0,0,0
2019-12-21,7,12,2019,355,1,0,747,141,142,194,145,69,58,50,37,37,28,29,34,246,328,169,37.5,23.2,46.9,28.5,1027.6,10.0,6.9,9.9,,0.0,,0,0,0,0
2019-12-22,1,12,2019,356,1,0,682,160,133,156,121,73,56,42,38,39,23,23,34,240,309,131,39.7,33.1,52.0,30.6,1024.2,10.0,7.8,12.0,20.0,0.0,,0,0,0,0
2019-12-23,2,12,2019,357,0,0,691,124,118,176,109,66,66,65,26,37,34,32,30,229,315,141,42.0,33.1,52.0,31.8,1018.5,10.0,7.7,11.1,19.0,0.0,,0,0,0,0
2019-12-24,3,12,2019,358,0,0,624,113,130,170,116,84,47,31,25,24,32,21,30,191,289,143,39.8,30.0,55.0,35.0,1017.7,5.8,5.7,13.0,21.0,0.0,,1,0,0,0
2019-12-25,4,12,2019,359,0,1,511,82,188,92,148,75,52,19,25,9,17,15,15,168,242,101,47.5,30.2,57.0,39.7,1012.3,10.0,7.5,13.0,20.0,0.0,,0,0,0,0
2019-12-26,5,12,2019,360,0,0,611,139,125,133,116,73,48,48,29,44,25,14,20,192,279,136,55.6,37.0,61.0,48.0,1012.4,10.0,10.2,12.0,26.0,0.0,,0,0,0,0
2019-12-27,6,12,2019,361,0,0,695,162,122,187,102,68,34,60,54,55,35,35,18,239,307,145,36.9,32.0,61.0,31.7,1021.5,9.5,7.7,13.0,21.0,0.0,,0,0,0,0
2019-12-28,7,12,2019,362,1,0,640,140,131,139,116,54,54,55,43,45,25,24,27,234,275,126,34.1,27.0,44.1,30.0,1022.9,6.5,4.5,9.9,,0.0,,0,0,0,0
2019-12-29,1,12,2019,363,1,0,690,155,172,158,156,74,43,33,39,46,18,17,41,211,333,144,51.9,44.1,57.2,49.0,1006.1,7.4,8.9,15.0,25.1,0.94,,0,1,0,0
2019-12-30,2,12,2019,364,0,0,617,128,125,164,107,64,52,48,28,32,26,28,23,177,299,138,38.4,28.4,53.1,34.7,998.6,8.1,12.2,20.0,32.1,0.31,,0,1,1,0
2019-12-31,3,12,2019,365,0,0,554,118,118,120,120,50,29,44,39,32,22,20,26,172,247,129,26.3,24.1,30.0,20.8,1004.8,7.1,15.2,26.0,36.9,0.13,1.2,0,0,1,0
2020-01-01,4,1,2020,1,0,1,1098,195,313,126,238,104,59,205,78,30,24,17,21,229,642,174,28.3,21.0,42.1,21.8,1008.6,10.0,9.2,15.9,25.1,0.08,2.0,0,0,0,0
2020-01-02,5,1,2020,2,0,0,638,132,108,171,99,67,38,53,44,30,24,22,20,200,273,158,41.7,37.0,48.0,30.7,1001.3,10.0,12.5,17.1,27.0,0.0,,0,0,0,0
2020-01-03,6,1,2020,3,0,0,702,167,131,152,128,54,57,59,57,52,26,23,20,244,313,139,38.4,34.0,48.0,32.9,1007.6,10.0,5.3,8.9,,0.0,,0,0,0,0
2020-01-04,7,1,2020,4,1,0,639,165,145,132,144,67,41,32,34,40,29,22,34,206,306,125,31.8,28.9,41.0,25.6,1014.1,8.5,7.6,12.0,17.1,0.03,1.2,0,0,1,0
2020-01-05,1,1,2020,5,1,0,626,145,155,118,127,62,46,34,49,44,28,25,37,236,268,115,30.7,24.1,42.1,23.9,1017.2,9.9,10.1,18.1,32.1,0.0,1.2,0,0,0,0
2020-01-06,2,1,2020,6,0,0,692,153,126,169,118,66,55,64,34,47,31,16,27,208,321,160,33.8,24.3,42.1,22.3,1018.9,10.0,10.1,19.0,32.1,0.0,,0,0,0,0
2020-01-07,3,1,2020,7,0,0,632,142,97,158,106,57,51,76,38,42,25,14,15,180,257,188,33.9,28.0,42.1,22.3,1016.5,10.0,7.6,13.0,19.0,0.0,,0,0,0,0
2020-01-08,4,1,2020,8,0,0,651,137,134,153,109,72,53,43,57,38,29,17,24,195,311,140,23.9,14.0,39.9,9.5,1024.3,10.0,10.7,18.1,27.0,0.0,,0,0,0,0
2020-01-09,5,1,2020,9,0,0,634,112,104,158,89,54,46,57,46,41,25,24,23,212,275,143,32.0,17.1,50.0,21.4,1021.7,9.9,11.9,19.0,29.9,0.0,,0,1,0,0
2020-01-10,6,1,2020,10,0,0,626,138,115,163,112,42,43,56,33,37,28,29,20,190,278,156,46.2,23.2,50.0,43.1,1016.3,5.8,10.8,19.0,32.1,0.03,,1,1,0,0
2020-01-11,7,1,2020,11,1,0,562,137,121,124,98,45,51,40,37,45,24,28,23,165,273,122,34.3,28.9,50.0,32.7,1011.5,3.2,21.0,29.9,45.1,1.14,1.2,0,1,1,0
2020-01-12,1,1,2020,12,1,0,577,138,144,145,115,71,37,40,32,30,20,21,24,182,277,115,26.4,23.0,37.0,22.3,1023.0,7.6,8.7,24.1,38.1,0.06,2.0,1,0,1,0
2020-01-13,2,1,2020,13,0,0,651,124,129,154,101,68,62,65,53,36,22,22,25,194,309,144,31.1,23.0,32.0,26.8,1025.3,8.4,7.0,12.0,19.0,0.0,2.0,0,1,1,0
2020-01-14,3,1,2020,14,0,0,664,146,102,170,105,49,55,58,55,46,22,22,16,225,263,170,34.7,30.9,39.0,30.7,1021.1,8.2,8.5,14.0,24.1,0.0,1.2,0,0,0,0
2020-01-15,4,1,2020,15,0,0,658,148,126,152,107,51,54,76,41,38,30,25,15,181,316,150,31.7,25.0,39.0,29.6,1020.3,6.1,4.7,11.1,19.0,0.0,1.2,0,1,0,0
2020-01-16,5,1,2020,16,0,0,677,147,118,166,118,75,53,44,61,37,23,24,21,224,287,158,24.8,15.1,36.0,16.5,1032.6,9.5,11.5,18.1,24.1,0.0,,0,0,0,0
2020-01-17,6,1,2020,17,0,0,583,124,84,153,102,56,44,40,29,41,17,28,20,182,258,140,18.8,10.9,28.9,9.6,1041.6,9.3,7.0,15.0,21.0,0.0,1.2,1,0,1,0
2020-01-18,7,1,2020,18,1,0,561,126,126,135,116,46,50,32,41,38,15,16,28,168,265,125,29.3,10.9,35.1,27.0,1013.1,4.8,13.1,22.9,39.0,0.74,2.0,0,1,1,0
2020-01-19,1,1,2020,19,1,0,504,135,123,121,114,44,40,22,37,30,11,32,11,159,249,95,9.0,1.9,19.0,1.6,1022.7,9.7,14.3,22.9,34.0,0.03,2.0,0,0,1,0
2020-01-20,2,1,2020,20,0,0,625,159,129,152,107,49,48,44,49,56,20,26,22,209,278,133,21.4,1.9,30.9,13.1,1034.4,10.0,6.9,12.0,,0.0,2.0,0,0,0,0
2020-01-21,3,1,2020,21,0,0,585,135,99,147,95,47,44,44,52,39,23,23,22,168,267,143,21.1,15.1,30.9,14.5,1036.5,10.0,6.0,12.0,,0.0,2.0,0,0,0,0
2020-01-22,4,1,2020,22,0,0,635,141,125,119,128,51,61,51,43,41,26,22,27,182,292,158,27.1,15.1,34.0,19.4,1025.6,10.0,10.3,13.0,22.9,0.0,2.0,0,0,0,0
2020-01-23,5,1,2020,23,0,0,595,146,103,138,105,37,48,45,38,57,25,12,31,162,262,167,31.6,24.1,34.0,26.2,1019.3,5.4,8.0,12.0,17.1,0.02,2.0,0,1,1,0
2020-01-24,6,1,2020,24,0,0,660,143,118,172,100,62,49,51,49,34,22,19,23,208,297,154,34.9,33.1,37.4,33.9,1013.4,2.5,5.1,9.9,,0.27,1.2,1,1,1,0
2020-01-25,7,1,2020,25,1,0,664,185,142,142,129,48,43,56,52,52,28,16,25,203,313,146,33.2,32.0,37.0,32.5,1009.1,4.9,5.5,12.0,17.1,0.31,1.2,0,1,1,0
2020-01-26,1,1,2020,26,1,0,608,149,137,128,128,50,44,40,42,32,16,23,26,225,270,111,31.6,28.0,34.0,28.9,1012.8,9.0,8.6,11.1,18.1,0.09,1.2,0,1,1,0
2020-01-27,2,1,2020,27,0,0,700,150,124,171,132,56,53,70,59,43,23,23,13,217,315,163,29.8,27.0,35.1,26.9,1014.1,7.1,5.9,8.9,,0.0,1.2,0,1,1,0
2020-01-28,3,1,2020,28,0,0,682,170,119,158,121,53,46,49,48,49,31,18,39,216,297,162,32.1,27.1,35.1,26.5,1018.7,9.4,4.9,7.0,,0.0,,0,0,1,0
2020-01-29,4,1,2020,29,0,0,623,148,103,155,90,55,52,54,48,43,27,13,20,203,277,138,31.7,30.0,34.0,23.4,1021.7,9.7,4.9,7.0,,0.0,,0,0,1,0
2020-01-30,5,1,2020,30,0,0,619,144,97,145,98,68,49,41,46,51,22,25,25,206,249,160,33.1,31.1,35.1,24.3,1022.9,9.7,2.7,7.0,,0.0,,0,0,0,0
2020-01-31,6,1,2020,31,0,0,711,162,120,165,128,66,48,63,45,53,24,22,29,236,327,144,34.1,32.0,37.4,27.6,1021.6,5.9,4.5,6.0,,0.05,,0,0,1,0
2020-02-01,7,2,2020,32,1,0,820,176,155,189,139,81,56,93,49,38,27,29,22,257,396,160,35.6,32.0,37.9,30.4,1015.1,6.2,7.7,15.0,24.1,0.04,,0,1,1,0
2020-02-02,1,2,2020,33,1,0,667,152,176,144,176,80,50,33,37,35,20,20,27,225,329,112,41.4,34.0,52.0,30.8,1002.2,10.0,14.2,18.1,29.9,0.01,,0,0,0,0
2020-02-03,2,2,2020,34,0,0,746,162,119,180,118,81,55,53,45,55,31,26,25,241,322,182,39.3,30.0,52.0,31.4,1007.4,10.0,6.2,13.0,,0.0,,0,0,0,0
2020-02-04,3,2,2020,35,0,0,649,178,111,136,112,61,54,46,54,60,24,20,22,204,270,168,36.4,30.2,48.0,27.6,1012.8,10.0,18.9,25.1,35.0,0.0,,0,0,0,0
2020-02-05,4,2,2020,36,0,0,634,147,102,182,106,39,46,53,43,46,23,29,19,190,279,160,30.1,27.0,39.0,16.5,1020.2,10.0,12.2,19.0,29.9,0.0,,0,0,1,0
2020-02-06,5,2,2020,37,0,0,557,141,118,142,98,46,37,44,41,44,21,16,24,155,261,139,28.8,26.6,30.2,21.9,1007.4,5.3,11.4,18.1,22.9,0.09,2.0,1,0,1,0
2020-02-07,6,2,2020,38,0,0,695,169,116,164,119,58,58,60,54,51,22,17,23,232,306,157,30.1,24.1,37.9,16.5,1005.6,9.1,7.8,11.1,18.1,0.03,1.2,0,0,1,0
2020-02-08,7,2,2020,39,1,0,629,152,129,140,125,67,42,39,43,33,14,32,22,216,291,119,32.3,24.1,37.9,20.1,1017.0,10.0,5.4,8.9,,0.0,2.0,0,0,1,0
2020-02-09,1,2,2020,40,1,0,564,128,136,120,132,49,32,30,31,34,30,21,22,197,261,104,30.8,25.0,37.0,23.4,1021.5,8.0,8.2,15.9,27.0,0.0,1.2,1,1,1,0
2020-02-10,2,2,2020,41,0,0,631,145,116,132,114,55,44,55,50,43,24,23,27,198,267,163,31.9,25.2,39.0,26.0,1018.7,8.4,6.4,13.0,17.1,0.14,,0,1,0,0
2020-02-11,3,2,2020,42,0,0,644,159,123,139,115,50,45,62,45,46,20,22,21,177,287,174,30.8,27.0,39.0,22.1,1020.4,9.0,7.7,19.0,31.1,0.0,,0,0,0,0
2020-02-12,4,2,2020,43,0,0,631,123,111,163,83,53,66,52,48,37,31,17,22,182,291,154,29.6,24.1,37.0,20.2,1019.1,9.0,6.1,11.1,17.1,0.0,1.2,1,0,1,0
2020-02-13,5,2,2020,44,0,0,549,128,103,120,94,64,42,51,41,36,17,21,21,150,244,150,24.0,10.0,37.0,18.5,1018.1,3.5,9.0,18.1,25.1,0.2,3.1,0,0,1,0
2020-02-14,6,2,2020,45,0,0,588,115,116,157,107,51,44,60,39,28,17,26,20,169,273,144,6.0,-2.0,15.1,-6.6,1033.4,10.0,6.5,13.0,,0.01,3.1,0,0,0,0
2020-02-15,7,2,2020,46,1,0,596,127,137,143,124,73,42,36,41,27,14,25,17,180,309,107,18.5,-0.9,33.1,7.8,1024.7,10.0,11.3,15.9,27.0,0.0,2.0,0,0,1,0
2020-02-16,1,2,2020,47,1,0,619,146,145,122,142,59,40,46,40,30,15,28,26,222,289,105,30.1,7.0,43.0,20.6,1019.2,9.4,4.2,8.9,,0.0,1.2,0,0,0,0
2020-02-17,2,2,2020,48,0,0,603,154,150,130,112,70,47,42,45,37,17,19,19,189,293,117,34.5,19.9,43.0,25.6,1018.6,8.9,6.8,15.9,19.0,0.0,1.2,0,1,1,0
2020-02-18,3,2,2020,49,0,0,669,126,134,171,136,59,52,57,41,39,25,20,16,190,309,163,36.8,28.2,41.0,29.6,1017.4,7.1,11.6,17.1,32.1,0.13,1.2,0,1,0,0
2020-02-19,4,2,2020,50,0,0,585,127,103,130,105,46,49,49,31,31,28,24,27,181,252,147,24.7,16.0,39.0,8.7,1033.3,10.0,7.8,12.0,17.1,0.0,,0,0,0,0
2020-02-20,5,2,2020,51,0,0,611,139,96,153,90,53,36,58,61,42,14,27,22,186,270,151,18.8,9.0,30.9,-1.2,1038.6,10.0,8.2,13.0,15.9,0.0,,0,0,0,0
2020-02-21,6,2,2020,52,0,0,657,150,118,157,103,60,56,37,41,55,27,18,34,224,270,163,21.4,10.0,37.9,3.6,1036.3,10.0,8.8,17.1,26.0,0.0,,0,0,0,0
2020-02-22,7,2,2020,53,1,0,685,161,140,150,153,76,53,35,45,43,19,12,23,241,309,135,36.0,28.0,50.0,18.1,1024.3,10.0,12.6,17.1,26.0,0.0,,0,0,0,0
2020-02-23,1,2,2020,54,1,0,662,148,135,124,143,82,55,33,33,38,24,21,26,254,294,112,43.3,28.2,55.0,26.0,1015.8,10.0,10.4,14.0,22.0,0.0,,0,0,0,0
2020-02-24,2,2,2020,55,0,0,601,126,99,162,107,49,35,37,49,40,21,27,18,197,256,144,41.3,35.1,55.0,29.2,1012.6,10.0,8.4,15.9,,0.0,,0,0,0,0
2020-02-25,3,2,2020,56,0,0,518,121,116,113,100,50,43,43,37,33,19,15,18,146,252,117,37.8,33.8,39.9,30.1,1013.2,9.7,17.8,27.0,35.0,0.0,,0,0,1,0
2020-02-26,4,2,2020,57,0,0,604,150,126,109,107,62,55,59,40,49,20,27,17,182,284,133,31.0,28.0,41.0,24.7,1018.2,4.7,17.3,27.0,33.0,0.02,1.2,0,0,1,0
2020-02-27,5,2,2020,58,0,0,565,143,101,127,97,43,51,51,44,39,21,20,16,184,259,120,27.5,25.0,33.1,13.0,1018.5,10.0,10.0,15.9,25.1,0.1,1.2,0,0,1,0
2020-02-28,6,2,2020,59,0,0,658,143,108,145,116,64,53,53,39,45,20,31,20,217,292,146,24.2,19.0,32.0,8.1,1017.8,10.0,7.8,13.0,20.0,0.0,1.2,0,0,0,0
2020-02-29,7,2,2020,60,1,0,588,158,122,132,115,61,48,40,38,43,14,20,21,214,265,107,25.7,17.1,37.0,4.2,1021.8,10.0,8.1,12.0,18.1,0.0,1.2,0,0,0,0
2020-03-01,1,3,2020,61,1,0,766,167,172,138,147,103,46,87,58,41,15,24,17,279,350,125,40.7,17.1,60.1,25.5,1013.4,10.0,11.0,17.1,26.0,0.0,,0,0,0,0
2020-03-02,2,3,2020,62,0,0,604,131,117,144,103,66,52,55,43,31,14,17,15,198,274,126,45.6,30.2,60.1,33.7,1006.7,10.0,6.1,9.9,15.0,0.0,,0,0,0,0
2020-03-03,3,3,2020,63,0,0,637,135,126,152,107,59,60,67,40,40,24,18,7,188,333,114,38.5,32.0,50.0,28.9,1003.2,10.0,8.7,20.0,33.0,0.0,,0,1,1,0
2020-03-04,4,3,2020,64,0,0,627,135,131,145,109,57,68,56,51,42,18,13,22,204,300,118,41.7,32.0,48.9,26.1,1011.0,10.0,8.4,14.0,20.0,0.0,,0,0,0,0
2020-03-05,5,3,2020,65,0,0,589,137,108,139,110,59,49,43,42,39,15,20,12,187,273,124,41.9,32.0,53.1,25.1,1015.6,10.0,10.4,22.0,38.1,0.0,,0,0,0,0
2020-03-06,6,3,2020,66,0,0,709,160,142,153,138,66,54,58,52,42,23,32,21,241,362,104,36.8,32.0,53.1,24.8,1022.6,9.7,15.3,24.1,33.0,0.0,,0,1,1,0
2020-03-07,7,3,2020,67,1,0,591,133,140,121,136,65,44,39,36,24,20,15,26,220,272,96,34.6,25.0,53.1,20.9,1032.4,9.8,7.3,15.0,24.1,0.0,,0,0,0,0
2020-03-08,1,3,2020,68,1,0,640,142,117,135,148,75,57,26,37,40,19,21,17,248,288,100,50.5,42.1,66.9,23.9,1023.4,10.0,13.7,19.0,31.1,0.0,,0,0,0,0
2020-03-09,2,3,2020,69,0,0,571,120,127,127,124,49,48,34,40,33,21,23,18,191,312,64,55.1,43.0,66.9,38.1,1017.3,9.1,14.2,18.1,32.1,0.02,,0,1,0,0
2020-03-10,3,3,2020,70,0,0,565,136,101,130,106,48,49,38,45,43,14,25,9,208,281,74,45.9,37.0,57.0,39.6,1018.5,9.0,9.6,15.9,28.9,0.81,,0,1,0,0
2020-03-11,4,3,2020,71,0,0,591,124,120,158,101,59,63,37,46,40,15,17,12,194,313,80,39.4,35.1,51.1,32.1,1019.0,8.8,4.7,11.1,,0.0,,0,1,0,0
2020-03-12,5,3,2020,72,0,0,634,142,138,117,134,60,60,47,54,49,16,21,12,215,327,88,44.4,36.0,57.9,38.3,1010.7,8.2,7.2,12.0,20.0,0.0,,0,1,0,0
2020-03-13,6,3,2020,73,0,0,680,144,132,147,130,81,52,49,42,46,24,24,28,251,320,106,44.1,34.0,57.9,28.5,1017.6,9.3,12.8,21.0,32.1,0.01,,0,1,0,0
2020-03-14,7,3,2020,74,1,0,621,154,149,124,153,60,52,31,29,35,18,38,14,237,312,70,39.1,33.1,50.0,22.6,1030.9,9.7,8.7,15.0,,0.0,,0,0,1,0
2020-03-15,1,3,2020,75,1,0,596,123,150,115,152,68,47,44,35,22,27,16,16,207,323,63,35.8,33.1,42.1,25.7,1036.1,9.7,11.5,18.1,22.9,0.01,,0,0,1,0
2020-03-16,2,3,2020,76,0,0,530,108,117,118,101,53,50,48,36,29,17,20,13,170,274,80,35.1,30.0,42.1,28.9,1028.6,8.3,4.5,8.0,,0.0,,0,1,1,0
2020-03-17,3,3,2020,77,0,0,579,129,121,117,112,64,48,49,43,29,14,21,21,239,275,59,40.8,30.2,50.0,28.0,1023.4,8.7,6.8,12.0,18.1,0.04,,0,1,0,0
2020-03-18,4,3,2020,78,0,0,533,88,138,108,107,64,54,27,36,23,17,24,21,194,271,65,41.7,37.0,50.0,27.6,1022.4,8.5,5.6,9.9,,0.0,,0,1,0,0
2020-03-19,5,3,2020,79,0,0,477,77,117,89,109,52,39,36,26,17,32,32,18,163,249,61,44.7,39.0,55.0,41.8,1016.8,3.5,6.7,9.9,15.0,0.29,,1,1,0,0
2020-03-20,6,3,2020,80,0,0,507,54,122,99,118,77,39,55,29,6,17,20,19,158,282,58,47.8,34.0,64.4,41.1,1016.5,9.4,12.5,17.1,28.9,0.28,,0,1,0,0
2020-03-21,7,3,2020,81,1,0,441,51,132,80,106,54,53,32,24,6,16,18,15,141,249,46,31.2,28.0,34.0,18.4,1034.5,10.0,12.0,17.1,22.9,0.06,,0,0,0,0
2020-03-22,1,3,2020,82,1,0,379,46,144,72,104,47,29,28,25,7,15,8,6,112,217,46,30.7,26.1,37.0,20.3,1033.3,9.0,6.4,12.0,19.0,0.0,,0,0,1,0
2020-03-23,2,3,2020,83,0,0,397,53,94,85,83,60,31,36,23,9,12,14,15,159,180,52,35.6,26.2,45.0,30.7,1022.6,5.7,3.8,7.0,,0.21,1.2,0,0,1,0
2020-03-24,3,3,2020,84,0,0,425,65,129,80,106,54,42,35,31,3,19,13,16,134,238,52,39.6,33.1,48.9,31.9,1019.9,7.9,5.3,11.1,,0.05,3.1,0,0,0,0
2020-03-25,4,3,2020,85,0,0,439,54,105,70,94,63,49,33,30,8,19,19,12,168,218,48,42.7,32.0,57.9,34.5,1014.1,8.2,5.1,12.0,,0.0,,0,0,0,0
2020-03-26,5,3,2020,86,0,0,426,58,99,94,91,41,48,31,24,8,13,20,20,148,226,46,48.4,32.0,57.9,41.6,1009.7,9.9,9.1,15.9,22.0,0.0,,0,1,0,0
2020-03-27,6,3,2020,87,0,0,427,49,110,88,92,53,39,30,28,9,21,17,7,132,236,57,41.7,37.0,52.0,38.4,1012.0,5.0,9.7,15.0,,0.0,,0,1,0,0
2020-03-28,7,3,2020,88,1,0,471,56,129,96,133,51,39,29,25,9,21,22,12,157,259,48,48.8,44.1,60.8,45.8,1006.3,6.7,8.0,17.1,24.1,0.33,,0,1,0,1
2020-03-29,1,3,2020,89,1,0,502,60,153,106,129,72,39,19,30,2,19,17,23,178,273,49,51.4,44.1,66.9,41.7,1000.2,8.8,16.6,28.0,48.0,0.36,,0,1,0,0
2020-03-30,2,3,2020,90,0,0,451,53,105,98,85,69,41,31,36,5,15,18,17,158,242,46,45.4,39.9,63.0,33.9,1016.6,10.0,12.6,18.1,32.1,0.0,,0,1,0,0
2020-03-31,3,3,2020,91,0,0,389,42,110,90,94,43,36,22,19,4,18,21,14,121,216,51,39.8,37.0,51.1,32.0,1019.0,9.8,10.4,14.0,,0.0,,0,1,0,0
2020-04-01,4,4,2020,92,0,0,546,34,120,103,100,59,41,100,34,1,23,29,15,158,325,51,42.6,37.0,53.1,34.2,1018.1,10.0,7.5,14.0,,0.0,,0,0,0,0
2020-04-02,5,4,2020,93,0,0,376,43,98,83,89,43,31,23,20,2,15,17,21,132,199,39,45.9,34.0,61.0,33.3,1020.8,10.0,4.8,11.1,,0.0,,0,0,0,0
2020-04-03,6,4,2020,94,0,0,509,42,134,103,120,79,34,33,31,2,25,23,15,182,256,65,54.8,34.0,70.0,36.5,1018.0,10.0,4.8,12.0,,0.0,,0,1,0,0
2020-04-04,7,4,2020,95,1,0,451,42,112,76,95,69,49,45,20,5,13,17,23,160,240,48,47.6,37.9,70.0,38.2,1017.8,10.0,7.3,11.1,19.0,0.06,,0,1,0,0
2020-04-05,1,4,2020,96,1,0,409,39,120,69,100,59,34,22,28,4,13,21,19,159,208,38,42.1,35.1,53.1,29.4,1021.9,10.0,7.3,13.0,,0.0,,0,0,0,0
2020-04-06,2,4,2020,97,0,0,452,47,103,81,109,60,28,41,21,5,21,26,19,160,224,63,47.3,35.1,64.0,33.5,1019.1,9.9,5.6,12.0,19.0,0.0,,0,1,0,0
2020-04-07,3,4,2020,98,0,0,458,55,110,84,116,59,38,22,27,1,24,23,14,190,224,42,62.7,51.1,80.1,51.8,1007.9,9.3,5.8,15.9,24.1,0.04,,0,1,0,0
2020-04-08,4,4,2020,99,0,0,446,52,118,61,95,68,47,33,32,7,15,28,17,165,240,40,60.7,51.1,80.1,51.1,1005.5,9.0,7.0,22.0,29.9,0.01,,0,1,0,1
2020-04-09,5,4,2020,100,0,0,429,52,105,93,100,52,37,28,31,4,19,15,17,138,234,55,46.2,39.9,53.1,29.9,1006.9,10.0,14.7,24.1,36.9,0.22,,0,1,1,0
2020-04-10,6,4,2020,101,0,0,429,56,92,81,64,52,48,43,24,10,23,23,11,147,222,52,40.1,33.1,50.0,22.7,1015.0,10.0,10.9,17.1,25.1,0.0,,0,0,0,0
2020-04-11,7,4,2020,102,1,0,450,55,133,89,98,80,43,28,24,6,14,16,14,170,232,43,50.3,33.1,63.0,29.0,1012.6,10.0,5.7,14.0,22.0,0.0,,0,1,0,0
2020-04-12,1,4,2020,103,1,0,386,46,105,71,80,73,31,19,21,7,12,17,18,146,182,55,55.6,42.1,66.0,45.4,1004.3,9.6,7.4,15.9,28.0,0.17,,0,1,0,0
2020-04-13,2,4,2020,104,0,0,399,47,105,81,84,65,33,25,21,4,13,22,16,129,220,48,45.1,36.0,66.0,34.2,1006.8,9.7,15.6,22.0,33.0,0.15,,0,1,0,0
2020-04-14,3,4,2020,105,0,0,370,41,88,81,53,56,38,25,31,3,19,20,13,106,211,49,35.4,30.0,55.9,17.8,1021.1,10.0,11.3,20.0,31.1,0.02,,0,0,1,0
2020-04-15,4,4,2020,106,0,0,416,47,96,94,84,43,31,59,21,10,17,20,6,112,263,36,33.3,27.0,41.0,19.1,1018.9,8.0,7.1,15.0,20.0,0.08,1.2,0,0,1,0
2020-04-16,5,4,2020,107,0,0,408,58,79,71,84,65,39,42,13,8,15,24,12,151,199,52,36.6,27.1,46.9,14.8,1024.0,10.0,8.4,13.0,21.0,0.02,1.2,0,0,0,0
2020-04-17,6,4,2020,108,0,0,425,50,97,83,76,52,38,45,24,8,15,21,23,140,236,46,38.5,28.2,46.9,26.8,1020.9,6.8,6.2,11.1,15.9,0.18,1.2,1,0,1,0
2020-04-18,7,4,2020,109,1,0,464,52,120,79,103,70,43,36,27,3,24,14,16,176,243,44,43.5,34.0,59.0,30.8,1014.6,10.0,11.5,22.0,35.0,0.11,2.0,0,0,0,0
2020-04-19,1,4,2020,110,1,0,345,38,95,59,86,48,35,22,23,4,16,11,9,130,176,36,53.0,34.0,62.1,32.5,1008.0,10.0,13.1,19.0,28.9,0.0,,0,0,0,0
2020-04-20,2,4,2020,111,0,0,506,78,115,92,94,67,37,53,32,12,24,22,16,146,290,66,48.3,36.0,64.0,29.9,1007.3,10.0,7.9,20.0,33.0,0.0,,0,0,0,0
2020-04-21,3,4,2020,112,0,0,422,48,112,82,92,51,31,45,29,7,9,22,17,160,220,36,47.3,36.0,64.0,22.5,1009.1,10.0,14.9,22.9,34.0,0.04,,0,1,0,0
2020-04-22,4,4,2020,113,0,0,431,46,87,102,82,48,35,46,23,11,14,24,13,128,249,48,45.9,36.0,63.0,26.9,1013.7,9.8,6.3,12.0,,0.0,,0,1,0,0
2020-04-23,5,4,2020,114,0,0,442,56,90,110,59,49,40,49,22,8,20,31,19,164,228,42,49.9,39.9,63.0,41.8,1007.0,9.9,5.3,14.0,15.9,0.06,,0,1,0,0
2020-04-24,6,4,2020,115,0,0,440,54,104,90,86,61,29,40,24,4,18,18,24,162,232,41,44.7,42.1,57.0,39.3,1010.5,5.7,9.3,13.0,,0.0,,0,0,0,0
2020-04-25,7,4,2020,116,1,0,402,55,113,75,84,68,36,27,24,7,19,27,9,118,229,52,44.2,39.9,50.0,36.6,1014.3,9.8,11.0,18.1,,0.0,,0,1,0,0
2020-04-26,1,4,2020,117,1,0,423,58,130,68,108,63,40,27,28,6,9,23,9,155,219,47,49.5,41.0,63.0,32.8,1017.8,9.9,11.0,19.0,22.9,0.19,,0,1,0,0
2020-04-27,2,4,2020,118,0,0,402,41,89,86,77,50,37,41,22,7,10,26,9,144,209,42,52.9,39.9,68.0,32.9,1019.0,10.0,7.9,15.9,28.0,0.0,,0,1,0,0
2020-04-28,3,4,2020,119,0,0,469,43,131,85,99,60,46,44,24,7,23,27,9,152,252,55,61.0,39.9,75.9,52.8,1010.8,7.7,6.1,15.9,26.0,0.16,,1,1,0,1
2020-04-29,4,4,2020,120,0,0,424,47,95,90,80,65,30,33,20,9,31,28,12,138,232,51,56.5,48.0,75.9,53.0,999.7,6.5,7.2,15.0,24.1,0.52,,0,1,0,0
2020-04-30,5,4,2020,121,0,0,428,53,95,86,96,51,33,45,22,7,15,24,20,154,215,51,46.7,42.1,61.0,39.8,1005.9,8.0,13.2,21.0,32.1,1.77,,0,1,0,0
2020-05-01,6,5,2020,122,0,0,594,58,136,109,107,63,50,91,56,4,23,28,13,196,317,67,52.0,37.9,68.0,35.1,1015.3,10.0,4.7,9.9,,0.03,,0,0,0,0
2020-05-02,7,5,2020,123,1,0,494,66,108,85,113,64,58,24,31,9,20,27,16,198,228,64,65.3,57.0,77.0,45.6,1011.6,10.0,9.3,15.0,25.1,0.0,,0,0,0,0
2020-05-03,1,5,2020,124,1,0,491,65,126,81,127,72,45,32,26,15,15,21,18,203,233,51,66.8,57.0,77.0,39.6,1012.0,10.0,8.3,12.0,22.9,0.0,,0,0,0,0
2020-05-04,2,5,2020,125,0,0,438,53,104,91,95,59,38,38,21,12,20,23,15,147,241,43,47.6,39.9,73.9,33.0,1018.6,10.0,14.7,26.0,31.1,0.0,,0,0,0,0
2020-05-05,3,5,2020,126,0,0,445,64,96,91,75,64,31,50,28,16,13,23,17,133,247,56,44.9,39.9,48.9,35.6,1016.0,10.0,10.0,17.1,,0.04,,0,1,0,0
2020-05-06,4,5,2020,127,0,0,464,59,117,108,82,62,37,35,28,14,16,30,12,177,228,57,49.2,39.9,63.0,26.1,1018.2,10.0,7.2,11.1,18.1,0.05,,0,0,0,0
2020-05-07,5,5,2020,128,0,0,420,46,103,92,77,48,41,30,23,9,21,14,13,142,201,71,56.2,39.9,66.0,34.1,1014.9,10.0,9.3,17.1,33.0,0.0,,0,0,0,0
2020-05-08,6,5,2020,129,0,0,446,56,101,89,91,61,34,31,27,9,20,22,19,175,221,47,43.7,39.0,66.0,26.3,1015.4,10.0,13.1,24.1,31.1,0.0,,0,0,0,0
2020-05-09,7,5,2020,130,1,0,465,77,115,87,94,68,54,20,25,15,14,24,15,174,239,48,42.3,30.9,59.0,21.2,1021.9,10.0,8.5,15.0,25.1,0.0,,0,0,0,0
2020-05-10,1,5,2020,131,1,0,473,65,142,84,125,65,46,22,34,10,14,27,9,162,247,61,49.6,31.1,59.0,34.2,1015.6,9.5,11.1,20.0,26.0,0.0,,0,1,0,0
2020-05-11,2,5,2020,132,0,0,452,56,101,97,81,66,34,40,29,13,18,18,15,154,241,53,43.3,37.0,55.0,32.3,1021.7,10.0,5.6,9.9,,0.2,,0,1,0,0
2020-05-12,3,5,2020,133,0,0,455,66,107,89,96,68,44,27,20,16,22,13,15,171,230,47,50.3,41.0,63.0,29.1,1022.2,10.0,8.0,15.0,21.0,0.0,,0,0,0,0
2020-05-13,4,5,2020,134,0,0,523,70,126,102,120,60,47,48,19,12,18,26,16,195,273,47,53.5,41.0,69.1,28.9,1022.9,10.0,8.7,15.0,22.9,0.0,,0,0,0,0
2020-05-14,5,5,2020,135,0,0,471,64,109,89,97,70,37,39,24,17,17,25,16,145,265,58,60.6,42.1,73.0,52.0,1014.7,8.2,9.5,13.0,22.0,0.52,,0,1,0,1
2020-05-15,6,5,2020,136,0,0,554,95,126,100,108,65,62,46,30,23,21,24,18,219,277,52,68.0,54.0,79.0,59.5,1010.4,8.4,5.8,15.9,28.9,3.74,,0,1,0,1
2020-05-16,7,5,2020,137,1,0,578,97,150,88,146,83,65,29,27,18,19,25,22,244,263,67,59.5,50.0,79.0,49.5,1017.7,10.0,9.2,15.9,20.0,0.03,,0,0,0,0
2020-05-17,1,5,2020,138,1,0,442,53,125,81,105,92,40,15,23,6,17,18,8,160,245,36,58.7,50.0,68.0,54.2,1011.6,5.8,9.4,15.9,22.9,1.15,,1,1,0,1
2020-05-18,2,5,2020,139,0,0,503,66,122,89,117,55,43,46,32,13,22,24,17,189,252,53,61.3,53.1,68.0,57.6,1006.8,6.0,6.2,13.0,,2.52,,0,1,0,1
2020-05-19,3,5,2020,140,0,0,474,86,108,102,88,50,45,43,40,14,17,28,10,149,261,59,54.2,52.0,64.0,51.9,1011.1,2.2,12.5,15.9,22.0,0.14,,1,1,0,0
2020-05-20,4,5,2020,141,0,0,543,88,115,107,97,79,57,41,22,27,17,28,25,218,248,72,58.7,52.0,66.0,50.5,1019.0,9.6,10.0,15.9,22.0,0.11,,0,1,0,0
2020-05-21,5,5,2020,142,0,0,496,94,110,100,95,50,37,47,29,27,22,22,26,193,243,56,61.5,53.1,70.0,49.2,1019.2,10.0,7.6,13.0,,0.0,,0,0,0,0
2020-05-22,6,5,2020,143,0,0,539,108,120,85,105,72,42,37,37,22,20,28,11,222,243,68,62.6,57.0,72.0,53.4,1016.8,7.6,3.3,8.0,,0.0,,0,1,0,0
2020-05-23,7,5,2020,144,1,0,555,124,132,93,119,72,49,36,24,24,17,20,15,221,273,56,65.8,55.0,87.1,56.3,1013.4,9.1,7.2,15.9,17.1,0.0,,0,1,0,1
2020-05-24,1,5,2020,145,1,0,566,134,153,71,145,75,54,20,28,22,11,37,15,275,227,59,74.2,55.0,90.0,62.4,1011.6,9.5,5.0,15.9,22.9,0.52,,0,1,0,0
2020-05-25,2,5,2020,146,0,0,644,141,189,89,178,83,68,19,34,16,18,22,19,265,317,58,78.0,64.0,90.0,64.1,1012.9,9.5,7.9,12.0,15.0,0.18,,0,1,0,0
2020-05-27,4,5,2020,148,0,0,569,96,128,98,121,67,57,31,40,30,17,23,28,220,263,78,79.5,68.0,91.9,64.1,1013.0,10.0,6.4,12.0,,0.07,,0,0,0,0
2020-05-28,5,5,2020,149,0,0,554,90,137,102,136,64,71,26,23,19,18,21,21,205,282,65,74.9,70.0,87.1,64.8,1010.8,9.5,8.9,18.1,,0.03,,0,1,0,0
2020-05-29,6,5,2020,150,0,0,583,98,136,96,121,86,46,33,30,15,31,28,23,233,269,78,66.8,59.0,82.0,55.2,1013.1,9.7,9.0,19.0,26.0,0.21,,0,1,0,0
2020-05-30,7,5,2020,151,1,0,925,87,140,114,155,183,50,12,26,4,215,37,32,318,467,135,63.2,55.0,75.9,47.5,1020.2,10.0,7.9,17.1,,0.0,,0,0,0,0
2020-05-31,1,5,2020,152,1,0,1901,176,98,132,139,343,43,22,19,5,581,94,81,503,1081,302,58.7,50.0,73.0,40.9,1025.9,10.0,7.5,13.0,,0.0,,0,0,0,0
2020-06-01,2,6,2020,153,0,0,956,144,135,109,127,152,48,91,37,13,129,34,31,282,515,144,62.8,53.1,75.9,42.3,1022.9,10.0,9.1,18.1,25.1,0.0,,0,1,0,0
2020-06-02,3,6,2020,154,0,0,681,123,127,75,145,108,70,32,28,6,51,33,24,280,309,83,77.4,53.1,93.9,56.7,1012.4,10.0,14.3,18.1,25.1,0.02,,0,0,0,0
2020-06-03,4,6,2020,155,0,0,622,107,149,90,129,100,68,26,24,13,26,28,29,278,264,78,79.1,66.2,91.9,62.0,1009.6,9.8,9.2,19.0,22.9,0.0,,0,1,0,0
2020-06-04,5,6,2020,156,0,0,530,98,128,70,111,77,57,32,37,15,19,29,18,227,233,63,78.3,66.0,88.0,61.2,1007.4,10.0,6.4,12.0,,0.19,,0,1,0,0
2020-06-05,6,6,2020,157,0,0,546,93,133,98,116,66,44,34,33,14,17,38,18,232,233,76,78.8,70.0,89.1,63.7,1009.3,9.9,6.2,13.0,21.0,0.0,,0,0,0,0
2020-06-06,7,6,2020,158,1,0,532,70,149,93,130,68,52,31,31,7,18,26,18,199,276,53,73.9,66.0,89.1,56.9,1015.5,9.7,7.9,12.0,18.1,0.0,,0,0,0,0
2020-06-07,1,6,2020,159,1,0,558,81,157,76,134,78,57,36,31,10,17,37,14,259,250,43,66.1,55.9,79.0,51.4,1018.6,10.0,8.5,13.0,,0.0,,0,0,0,0
2020-06-08,2,6,2020,160,0,0,527,78,121,99,109,72,37,56,21,10,21,21,12,209,244,69,74.8,55.9,90.0,52.8,1014.7,10.0,7.0,12.0,14.0,0.0,,0,0,0,0
2020-06-09,3,6,2020,161,0,0,498,64,112,117,100,65,37,31,31,13,24,17,10,173,266,56,79.3,62.1,91.0,58.3,1006.0,9.7,10.5,29.9,52.1,0.0,,0,1,0,0
2020-06-10,4,6,2020,162,0,0,503,63,133,96,113,67,50,40,28,9,16,17,12,177,250,69,76.0,66.2,82.9,66.9,998.3,9.6,12.5,22.9,38.1,0.56,,0,1,0,1
2020-06-11,5,6,2020,163,0,0,557,72,145,99,120,72,66,35,31,21,20,24,18,219,260,72,68.2,59.0,84.0,50.8,1014.4,9.9,11.0,18.1,32.1,0.3,,0,1,0,0
2020-06-12,6,6,2020,164,0,0,606,84,147,115,140,83,53,41,31,17,23,30,10,246,293,64,69.7,59.0,82.0,50.4,1022.9,10.0,6.1,14.0,20.0,0.0,,0,0,0,0
2020-06-13,7,6,2020,165,1,0,505,73,142,84,139,74,61,16,19,8,17,24,15,186,253,63,58.2,52.0,75.0,45.0,1025.3,10.0,13.0,15.9,22.0,0.0,,0,1,0,0
2020-06-14,1,6,2020,166,1,0,540,71,165,86,134,83,63,24,26,6,14,26,20,216,255,63,60.5,52.0,68.0,43.0,1027.0,10.0,9.8,17.1,18.1,0.0,,0,0,0,0
2020-06-15,2,6,2020,167,0,0,580,57,136,112,135,72,55,47,43,12,21,25,13,220,284,71,62.6,52.0,73.0,43.0,1027.7,10.0,6.6,9.9,17.1,0.0,,0,0,0,0
2020-06-16,3,6,2020,168,0,0,555,57,127,114,111,80,43,45,40,7,19,25,17,220,270,59,69.5,52.0,86.0,48.5,1025.9,10.0,5.5,11.1,,0.0,,0,0,0,0
2020-06-17,4,6,2020,169,0,0,607,81,152,122,137,73,57,54,36,14,25,17,16,215,308,72,76.0,57.0,87.1,53.6,1021.6,10.0,5.2,13.0,,0.0,,0,0,0,0
2020-06-18,5,6,2020,170,0,0,601,64,145,109,137,77,58,47,39,14,27,25,20,231,308,61,78.3,64.0,89.1,52.0,1017.3,10.0,4.7,12.0,,0.0,,0,0,0,0
2020-06-19,6,6,2020,171,0,0,607,60,157,117,133,66,61,47,38,10,29,30,20,241,286,76,80.6,66.0,93.0,54.9,1015.1,9.9,4.5,9.9,19.0,0.0,,0,0,0,0
2020-06-20,7,6,2020,172,1,0,656,73,178,98,173,96,78,35,36,7,20,20,26,268,313,74,82.1,69.1,93.0,60.5,1013.4,9.8,7.1,15.9,24.1,0.0,,0,1,0,0
2020-06-21,1,6,2020,173,1,0,595,76,183,109,171,90,53,35,26,8,8,25,15,241,286,65,75.7,69.1,91.0,63.9,1011.4,9.9,6.4,12.0,21.0,0.19,,0,1,0,1
2020-06-22,2,6,2020,174,0,0,674,74,195,126,158,108,69,36,44,9,18,23,22,266,320,84,76.9,66.9,87.1,64.8,1009.8,9.7,6.5,15.9,25.1,0.0,,0,1,0,1
2020-06-23,3,6,2020,175,0,0,581,61,121,122,128,72,47,43,38,10,21,28,21,244,259,75,69.7,63.0,78.1,58.2,1007.0,9.4,9.6,14.0,22.9,1.55,,0,1,0,1
2020-06-24,4,6,2020,176,0,0,584,81,147,97,130,72,65,47,41,17,18,15,26,221,297,65,69.8,61.0,80.1,54.4,1009.9,10.0,6.2,12.0,19.0,0.0,,0,1,0,0
2020-06-25,5,6,2020,177,0,0,616,72,139,111,117,91,78,41,31,15,31,25,20,243,305,67,73.5,62.1,86.0,53.0,1012.7,10.0,5.7,14.0,15.0,0.04,,0,0,0,0
2020-06-26,6,6,2020,178,0,0,559,82,145,119,108,78,63,33,26,12,25,28,21,223,277,55,74.8,62.1,86.0,60.5,1013.1,9.4,5.7,11.1,17.1,0.0,,0,1,0,1
2020-06-27,7,6,2020,179,1,0,579,68,142,103,143,89,54,34,27,6,12,24,24,255,270,53,78.0,70.0,88.0,68.3,1008.6,9.8,6.7,20.0,46.0,1.55,,0,1,0,1
2020-06-28,1,6,2020,180,1,0,630,86,153,107,175,74,51,27,28,12,29,34,25,293,267,67,78.3,72.0,88.0,68.1,1008.2,10.0,5.6,14.0,,0.0,,0,0,0,0
2020-06-29,2,6,2020,181,0,0,556,72,134,91,106,79,58,38,37,13,21,38,24,220,264,70,81.1,72.0,93.0,68.5,1011.0,10.0,6.5,22.9,32.1,0.0,,0,1,0,1
2020-06-30,3,6,2020,182,0,0,573,64,127,124,116,69,73,49,31,11,18,28,15,231,254,85,79.2,72.0,93.0,70.3,1012.2,9.7,5.4,9.9,,0.3,,0,1,0,1
2020-07-01,4,7,2020,183,0,0,730,90,193,123,141,83,60,95,52,8,21,25,18,234,407,77,81.4,73.9,91.0,66.7,1012.1,10.0,7.8,14.0,17.1,0.0,,0,0,0,0
2020-07-02,5,7,2020,184,0,0,641,106,135,120,127,92,57,43,44,23,21,22,25,251,315,75,79.8,69.1,91.0,64.1,1015.7,10.0,6.3,9.9,,0.0,,0,0,0,0
2020-07-03,6,7,2020,185,0,0,689,109,150,144,133,90,58,40,55,15,32,33,25,273,331,81,80.8,69.1,91.0,62.2,1016.8,10.0,3.5,8.9,,0.0,,0,0,0,0
2020-07-04,7,7,2020,186,1,1,744,124,193,115,186,118,74,21,38,13,27,25,18,314,344,84,81.0,69.1,91.0,67.5,1016.1,10.0,5.6,14.0,18.1,0.0,,0,0,0,0
2020-07-05,1,7,2020,187,1,0,727,133,196,92,185,99,76,27,35,25,24,40,28,316,321,84,81.9,71.1,93.9,66.3,1015.0,9.5,5.1,30.3,,0.0,,0,0,0,0
2020-07-06,2,7,2020,188,0,0,634,96,148,131,131,78,65,42,45,22,27,25,17,248,320,65,85.5,71.1,95.0,64.4,1014.6,10.0,3.6,9.9,,0.0,,0,0,0,0
2020-07-07,3,7,2020,189,0,0,561,69,130,115,114,70,61,49,35,7,20,32,17,211,277,68,86.5,75.0,96.1,66.6,1013.8,9.9,4.9,35.0,52.1,0.0,,0,1,0,1
2020-07-08,4,7,2020,190,0,0,556,81,123,111,116,74,50,35,29,19,20,24,22,215,272,66,81.0,73.0,96.1,70.1,1013.0,10.0,5.1,21.0,31.1,0.19,,0,1,0,1
2020-07-09,5,7,2020,191,0,0,561,75,143,107,120,76,55,40,28,14,26,26,21,239,254,66,84.3,73.9,93.0,69.4,1010.8,10.0,6.3,15.9,22.0,0.0,,0,1,0,1
2020-07-10,6,7,2020,192,0,0,672,104,167,120,132,89,81,52,30,28,26,31,17,272,324,74,79.0,71.1,93.0,68.8,1008.9,9.5,10.6,15.9,28.0,0.65,,0,1,0,1
2020-07-11,7,7,2020,193,1,0,630,77,149,124,165,81,57,29,23,8,27,26,18,263,275,90,78.0,71.1,86.0,63.7,1011.6,10.0,7.7,15.9,22.0,0.33,,0,1,0,0
2020-07-12,1,7,2020,194,1,0,600,75,172,109,152,104,55,26,18,9,19,31,20,276,251,70,76.3,71.1,84.9,64.2,1010.0,10.0,8.9,18.1,25.1,0.0,,0,0,0,0
2020-07-13,2,7,2020,195,0,0,667,80,147,134,138,84,71,48,33,12,28,39,16,264,318,80,73.6,64.9,84.0,60.8,1014.7,10.0,4.5,9.9,,0.0,,0,0,0,0
2020-07-14,3,7,2020,196,0,0,607,84,138,124,111,62,67,44,44,16,19,36,26,260,280,63,76.2,64.9,86.0,59.7,1015.7,10.0,6.5,14.0,21.0,0.0,,0,0,0,0
2020-07-15,4,7,2020,197,0,0,612,77,136,125,118,80,55,70,29,11,15,32,24,220,322,65,79.5,68.0,88.0,65.7,1014.7,9.8,7.5,12.0,18.1,0.0,,0,1,0,0
2020-07-16,5,7,2020,198,0,0,597,93,112,121,116,67,56,61,25,19,24,26,17,257,259,77,73.4,66.0,88.0,65.6,1014.6,9.4,8.2,15.0,,0.46,,0,1,0,0
2020-07-17,6,7,2020,199,0,0,660,86,134,113,142,84,57,66,27,13,35,26,35,281,310,68,78.1,68.0,90.0,65.4,1018.8,10.0,5.8,12.0,18.1,0.0,,0,0,0,0
2020-07-18,7,7,2020,200,1,0,650,76,153,120,161,84,56,36,25,8,21,40,28,278,301,65,83.1,68.0,91.0,71.8,1014.5,10.0,9.3,15.9,24.1,0.0,,0,0,0,0
2020-07-19,1,7,2020,201,1,0,628,82,174,105,160,93,64,21,39,14,16,35,21,260,297,68,81.5,73.0,91.0,73.2,1009.7,9.3,12.4,20.0,33.0,0.0,,0,1,0,1
2020-07-20,2,7,2020,202,0,0,652,61,151,140,137,71,56,72,39,10,33,28,23,241,326,76,77.9,68.0,87.1,60.5,1014.2,10.0,6.6,11.1,18.1,0.18,,0,0,0,0
2020-07-21,3,7,2020,203,0,0,635,96,158,110,120,86,59,70,32,17,19,34,28,252,299,78,76.6,68.0,87.1,63.2,1015.8,10.0,7.1,8.9,,0.0,,0,1,0,0
2020-07-22,4,7,2020,204,0,0,612,100,132,111,102,69,66,51,39,22,18,33,25,233,297,77,77.9,72.0,88.0,69.3,1013.1,10.0,6.2,9.9,,0.03,,0,1,0,0
2020-07-23,5,7,2020,205,0,0,568,79,112,108,106,71,50,48,30,13,24,29,27,240,257,66,74.5,64.9,88.0,59.6,1017.2,10.0,6.5,12.0,,0.0,,0,0,0,0
2020-07-24,6,7,2020,206,0,0,631,96,130,119,133,62,51,54,43,21,31,38,26,248,317,65,75.2,64.9,87.1,64.5,1020.2,10.0,5.8,11.1,,0.0,,0,0,0,0
2020-07-25,7,7,2020,207,1,0,653,91,151,127,136,91,60,38,33,18,26,24,27,279,292,75,80.2,64.9,91.9,65.9,1018.9,9.8,4.9,9.9,15.0,0.0,,0,0,0,0
2020-07-26,1,7,2020,208,1,0,662,103,160,108,183,81,62,26,36,30,21,35,28,292,280,86,85.6,69.1,96.1,70.5,1015.7,10.0,9.4,18.1,26.0,0.0,,0,0,0,0
2020-07-27,2,7,2020,209,0,0,621,72,156,111,132,67,69,40,38,10,28,41,26,238,313,68,80.6,75.9,96.1,70.8,1012.5,10.0,7.9,26.0,38.1,0.07,,0,1,0,0
2020-07-28,3,7,2020,210,0,0,626,102,137,128,116,75,61,39,49,13,19,32,28,258,282,80,78.5,69.1,90.0,59.9,1013.4,10.0,7.3,12.0,22.0,0.01,,0,0,0,0
2020-07-29,4,7,2020,211,0,0,622,109,124,119,123,79,66,37,41,26,24,26,29,280,274,62,81.2,69.1,91.0,65.3,1012.1,10.0,8.8,12.0,17.1,0.0,,0,1,0,1
2020-07-30,5,7,2020,212,0,0,607,95,125,118,101,73,66,44,41,31,24,29,29,255,265,83,76.8,72.0,91.0,64.9,1012.2,9.7,9.9,19.0,24.1,0.66,,0,1,0,0
2020-07-31,6,7,2020,213,0,0,633,81,133,124,116,71,52,50,45,22,23,38,25,259,289,77,73.8,66.0,82.9,61.2,1013.6,10.0,9.5,19.0,22.0,0.09,,0,0,0,0
2020-08-01,7,8,2020,214,1,0,715,99,150,119,122,80,71,83,50,19,24,31,21,252,375,78,73.9,69.1,82.0,63.0,1012.2,10.0,7.5,13.0,,0.0,,0,1,0,0
2020-08-02,1,8,2020,215,1,0,569,85,142,96,104,92,58,25,32,16,18,42,26,235,255,76,74.8,68.0,86.0,62.6,1009.9,10.0,6.9,18.1,25.1,0.0,,0,1,0,1
2020-08-03,2,8,2020,216,0,0,610,69,115,134,111,80,48,54,39,15,17,35,35,254,281,66,67.8,63.0,86.0,61.3,1015.2,10.0,8.3,15.0,17.1,0.05,,0,0,0,0
2020-08-04,3,8,2020,217,0,0,545,72,125,107,103,63,60,39,21,18,27,23,26,210,261,66,66.0,59.0,75.9,49.9,1017.4,10.0,10.4,15.9,21.0,0.0,,0,0,0,0
2020-08-05,4,8,2020,218,0,0,579,113,136,114,130,64,53,37,26,27,21,29,21,260,254,59,67.4,55.9,78.1,49.5,1018.9,10.0,5.1,9.9,17.1,0.0,,0,0,0,0
2020-08-06,5,8,2020,219,0,0,607,92,133,128,105,69,55,50,34,28,26,37,22,251,280,67,73.4,55.9,82.0,54.5,1019.1,10.0,4.6,8.9,,0.0,,0,0,0,0
2020-08-07,6,8,2020,220,0,0,597,95,137,118,122,70,72,40,25,27,26,20,13,255,272,66,74.2,62.1,86.0,56.8,1020.0,10.0,3.9,8.9,,0.0,,0,0,0,0
2020-08-08,7,8,2020,221,1,0,671,108,155,134,159,63,51,26,41,13,31,42,31,311,294,66,78.2,62.1,89.1,59.8,1019.3,10.0,7.5,12.0,19.0,0.0,,0,0,0,0
2020-08-09,1,8,2020,222,1,0,656,102,185,97,178,84,60,24,29,13,38,32,29,294,297,63,82.2,68.0,93.0,69.0,1016.8,10.0,8.9,14.0,20.0,0.0,,0,0,0,0
2020-08-10,2,8,2020,223,0,0,952,94,141,120,121,113,53,43,33,8,317,41,43,266,558,121,79.2,71.1,93.0,71.9,1012.7,9.7,7.8,31.1,54.0,0.06,,0,1,0,1
2020-08-11,3,8,2020,224,0,0,598,94,132,117,114,57,57,38,43,15,32,38,33,241,276,74,74.8,66.0,91.0,60.3,1013.7,10.0,6.2,11.1,,0.41,,0,0,0,0
2020-08-12,4,8,2020,225,0,0,605,121,135,113,116,65,64,34,30,27,27,25,29,242,292,69,75.6,64.0,86.0,54.8,1017.9,10.0,3.9,9.9,18.1,0.0,,0,0,0,0
2020-08-13,5,8,2020,226,0,0,650,117,122,119,127,75,59,42,35,38,24,35,28,279,278,84,78.2,64.0,87.1,60.7,1018.3,10.0,4.9,9.9,15.0,0.0,,0,0,0,0
2020-08-14,6,8,2020,227,0,0,645,119,127,129,123,54,70,39,33,31,24,39,25,286,271,84,78.8,68.0,90.0,61.7,1016.3,10.0,6.3,11.1,,0.0,,0,0,0,0
2020-08-15,7,8,2020,228,1,0,627,101,155,117,154,73,59,30,34,9,25,34,20,270,284,72,79.2,68.0,91.0,64.0,1013.4,9.8,4.4,11.1,,0.0,,0,1,0,1
2020-08-16,1,8,2020,229,1,0,670,122,162,128,183,80,59,27,40,15,15,26,20,324,268,74,74.7,64.0,91.0,58.2,1015.1,10.0,7.4,12.0,21.0,0.25,,0,0,0,0
2020-08-17,2,8,2020,230,0,0,642,85,134,137,126,87,54,49,30,19,20,42,26,269,288,82,77.3,64.0,86.0,55.9,1015.2,10.0,5.0,8.9,,0.0,,0,0,0,0
2020-08-18,3,8,2020,231,0,0,619,76,145,121,130,78,61,52,31,16,21,31,26,254,281,75,74.9,69.1,86.0,54.4,1016.1,10.0,7.7,15.9,20.0,0.0,,0,0,0,0
2020-08-19,4,8,2020,232,0,0,629,93,134,141,113,74,64,38,40,11,27,36,31,251,298,76,71.9,62.1,84.0,54.0,1018.2,10.0,4.4,11.1,,0.0,,0,0,0,0
2020-08-20,5,8,2020,233,0,0,643,83,149,131,124,71,68,51,34,14,22,37,29,245,310,81,74.4,62.1,86.0,52.9,1016.2,10.0,5.5,8.9,,0.0,,0,0,0,0
2020-08-21,6,8,2020,234,0,0,657,88,139,156,125,66,51,36,48,16,19,34,37,271,298,87,77.1,64.0,88.0,57.7,1013.6,10.0,4.8,8.9,,0.0,,0,0,0,0
2020-08-22,7,8,2020,235,1,0,645,99,148,113,163,74,56,21,41,15,34,26,25,267,303,73,78.5,66.9,89.1,59.3,1012.9,10.0,6.5,12.0,15.9,0.0,,0,0,0,0
2020-08-23,1,8,2020,236,1,0,627,96,147,118,160,98,52,21,33,10,24,32,18,271,294,61,79.8,66.9,91.9,62.5,1013.8,10.0,6.7,13.0,18.1,0.0,,0,1,0,1
2020-08-24,2,8,2020,237,0,0,637,70,141,139,131,94,55,39,34,11,25,30,29,244,319,70,82.6,70.0,97.0,67.9,1014.4,9.9,5.1,11.1,15.0,0.0,,0,1,0,1
2020-08-25,3,8,2020,238,0,0,640,96,129,158,115,61,50,35,41,21,23,34,28,261,285,91,83.2,72.0,97.0,66.9,1015.8,10.0,7.0,21.0,33.0,0.03,,0,1,0,1
2020-08-26,4,8,2020,239,0,0,652,91,128,137,113,83,65,42,41,15,28,31,23,279,289,81,83.6,72.0,93.9,68.7,1014.6,10.0,7.8,14.0,22.9,0.0,,0,0,0,0
2020-08-27,5,8,2020,240,0,0,590,70,122,132,110,69,68,43,38,14,15,27,27,241,272,73,85.4,75.9,95.0,70.4,1010.8,10.0,9.2,12.0,19.0,0.0,,0,0,0,0
2020-08-28,6,8,2020,241,0,0,669,116,145,142,132,74,61,45,31,21,39,30,22,279,292,93,85.5,77.0,95.0,70.6,1008.1,10.0,8.7,15.9,,0.0,,0,0,0,0
2020-08-29,7,8,2020,242,1,0,646,133,154,132,148,67,62,30,36,16,29,27,14,280,299,65,79.8,70.0,95.0,58.8,1006.3,10.0,12.6,17.1,22.0,0.0,,0,0,0,0
2020-08-30,1,8,2020,243,1,0,663,118,159,101,161,89,55,30,37,22,25,25,33,299,285,73,72.0,60.1,82.0,53.0,1012.0,10.0,6.8,11.1,,0.0,,0,0,0,0
2020-08-31,2,8,2020,244,0,0,699,100,171,138,153,99,65,55,40,12,19,25,26,293,326,74,74.2,60.1,84.9,56.9,1009.6,10.0,8.0,12.0,18.1,0.0,,0,0,0,0
2020-09-01,3,9,2020,245,0,0,691,91,149,140,87,70,57,91,48,23,26,32,29,220,366,91,73.3,66.9,84.9,62.3,1010.8,9.6,7.0,12.0,,0.0,,0,1,0,1
2020-09-02,4,9,2020,246,0,0,583,83,138,127,124,59,54,40,36,17,16,37,24,232,276,72,75.3,69.1,88.0,62.3,1008.6,9.0,7.8,13.0,24.1,0.24,,0,1,0,0
2020-09-03,5,9,2020,247,0,0,575,81,122,120,109,67,64,41,31,17,17,26,26,215,277,74,76.7,66.9,88.0,54.7,1007.8,10.0,11.3,24.1,33.0,0.05,,0,0,0,0
2020-09-04,6,9,2020,248,0,0,652,124,142,143,120,86,59,45,33,20,22,29,18,277,296,78,68.9,55.9,88.0,43.1,1016.8,10.0,8.4,15.0,25.1,0.0,,0,0,0,0
2020-09-05,7,9,2020,249,1,0,673,130,147,126,147,73,70,38,41,22,20,31,17,298,287,86,72.9,55.9,82.0,48.5,1020.9,10.0,9.9,15.9,28.9,0.0,,0,0,0,0
2020-09-06,1,9,2020,250,1,0,649,135,155,93,150,80,54,31,35,17,26,24,25,291,285,70,69.0,59.0,82.9,55.9,1017.3,9.2,8.5,20.0,29.9,0.2,,0,1,0,1
2020-09-07,2,9,2020,251,0,0,607,144,144,105,128,63,59,23,42,34,19,20,29,281,255,69,75.7,63.0,82.9,60.2,1009.0,10.0,11.0,17.1,31.1,0.4,,0,1,0,0
2020-09-08,3,9,2020,252,0,0,549,78,106,124,72,74,44,47,41,17,24,29,24,198,266,82,63.5,60.1,80.1,56.6,1015.4,8.6,13.6,22.0,25.1,0.67,,0,1,0,1
2020-09-09,4,9,2020,253,0,0,545,74,93,130,88,65,41,45,30,16,18,36,30,227,246,67,61.9,60.1,78.1,56.8,1022.3,9.1,11.6,17.1,21.0,0.76,,0,1,0,1
2020-09-10,5,9,2020,254,0,0,566,68,112,143,91,59,52,27,42,17,23,35,31,228,274,61,60.5,55.0,68.0,53.9,1026.6,9.2,10.4,15.0,20.0,0.56,,0,1,0,0
2020-09-11,6,9,2020,255,0,0,661,96,121,162,125,82,64,36,33,16,17,37,26,303,279,77,62.4,55.0,68.0,57.2,1025.0,9.1,9.0,13.0,,0.19,,0,1,0,0
2020-09-12,7,9,2020,256,1,0,564,95,119,110,97,80,66,26,21,19,14,41,22,260,241,62,67.1,61.0,73.0,61.6,1016.3,7.5,7.9,11.1,18.1,0.05,,0,1,0,0
2020-09-13,1,9,2020,257,1,0,585,72,147,109,125,84,57,25,32,10,16,38,29,262,257,61,67.9,61.0,77.0,58.2,1015.9,9.7,6.3,12.0,17.1,0.27,,0,1,0,0
2020-09-14,2,9,2020,258,0,0,591,68,120,126,118,78,47,41,33,10,19,33,31,251,264,74,66.3,57.9,77.0,56.4,1025.3,10.0,3.3,8.0,,0.02,,0,0,0,0
2020-09-15,3,9,2020,259,0,0,608,63,127,133,108,73,62,43,38,13,24,29,30,246,287,71,67.8,57.9,79.0,56.0,1024.5,9.9,6.7,11.1,17.1,0.0,,0,0,0,0
2020-09-16,4,9,2020,260,0,0,621,92,124,132,112,83,62,36,43,15,26,29,18,255,293,68,70.7,60.1,84.0,56.5,1016.9,9.9,7.9,14.0,21.0,0.0,,0,0,0,0
2020-09-17,5,9,2020,261,0,0,539,81,125,101,107,59,57,47,34,11,20,26,18,202,268,65,68.2,62.1,84.0,54.7,1019.2,10.0,11.9,15.9,22.9,0.0,,0,0,0,0
2020-09-18,6,9,2020,262,0,0,578,77,119,110,111,77,47,44,34,18,25,33,22,217,265,91,59.3,55.9,69.1,41.9,1025.4,10.0,11.6,17.1,22.9,0.0,,0,0,0,0
2020-09-19,7,9,2020,263,1,0,592,90,123,118,119,65,47,24,44,15,20,33,31,275,253,60,54.2,46.0,66.9,38.6,1028.3,10.0,4.3,11.1,,0.0,,0,0,0,0
2020-09-20,1,9,2020,264,1,0,605,77,148,104,154,76,58,44,42,13,17,27,20,267,273,61,59.5,46.0,73.0,40.3,1028.5,10.0,4.8,11.1,20.0,0.0,,0,0,0,0
2020-09-21,2,9,2020,265,0,0,570,101,113,123,109,60,44,45,26,25,24,25,24,223,263,79,63.7,48.0,75.0,41.2,1027.8,10.0,5.6,8.9,,0.0,,0,0,0,0
2020-09-22,3,9,2020,266,0,0,546,79,100,100,97,57,50,50,32,23,30,30,22,221,248,70,65.8,53.1,79.0,49.5,1022.5,10.0,3.9,8.9,15.9,0.0,,0,0,0,0
2020-09-23,4,9,2020,267,0,0,639,106,131,137,108,80,70,41,31,25,15,38,29,290,271,72,68.9,54.0,79.0,55.3,1017.4,10.0,5.3,9.9,14.0,0.0,,0,0,0,0
2020-09-24,5,9,2020,268,0,0,573,98,119,99,102,68,57,34,35,22,19,34,32,237,246,86,68.1,57.9,79.0,54.8,1013.9,10.0,6.0,11.1,,0.0,,0,0,0,0
2020-09-25,6,9,2020,269,0,0,682,104,133,145,137,93,52,47,47,28,13,35,21,309,299,71,70.7,57.9,80.1,54.1,1013.6,10.0,6.8,13.0,20.0,0.0,,0,0,0,0
2020-09-26,7,9,2020,270,1,0,633,96,144,133,150,88,62,30,28,20,25,24,16,262,306,60,69.7,61.0,80.1,59.6,1009.2,10.0,9.9,14.0,27.0,0.0,,0,0,0,0
2020-09-27,1,9,2020,271,1,0,655,79,185,115,162,86,71,37,28,14,21,30,23,302,293,47,71.9,64.0,79.0,57.5,1005.5,10.0,12.3,18.1,31.1,0.0,,0,0,0,0
2020-09-28,2,9,2020,272,0,0,549,88,120,113,86,56,72,52,32,22,27,24,28,214,267,62,56.9,53.1,77.0,50.0,1008.2,9.5,6.7,13.0,24.1,0.4,,0,1,0,0
2020-09-29,3,9,2020,273,0,0,521,78,113,94,86,68,45,47,41,21,14,27,24,221,251,45,53.3,46.0,63.0,44.5,1010.6,10.0,7.0,12.0,21.0,0.21,,0,0,0,0
2020-09-30,4,9,2020,274,0,0,585,86,134,107,117,60,55,48,31,20,18,29,24,253,252,73,57.6,46.9,66.9,44.6,1004.4,10.0,11.6,21.0,35.0,0.0,,0,1,0,0
2020-10-01,5,10,2020,275,0,0,657,77,143,118,109,57,55,112,44,13,21,35,19,215,357,69,52.8,48.0,66.9,41.4,1013.8,9.6,8.1,15.0,35.0,0.0,,0,1,0,0
2020-10-02,6,10,2020,276,0,0,555,76,110,117,88,62,46,57,40,24,20,24,19,215,279,55,48.9,42.1,59.0,37.0,1021.3,10.0,6.5,11.1,18.1,0.21,,0,1,0,0
2020-10-03,7,10,2020,277,1,0,608,82,125,115,122,88,52,39,41,10,15,45,21,269,267,69,50.0,43.0,55.9,36.2,1021.9,10.0,4.5,7.0,,0.0,,0,1,0,0
2020-10-04,1,10,2020,278,1,0,584,74,140,105,120,88,53,53,26,15,14,32,23,237,273,62,49.1,41.0,57.0,39.3,1022.0,10.0,7.6,14.0,20.0,0.11,,0,1,0,0
2020-10-05,2,10,2020,279,0,0,568,97,119,115,88,73,50,43,42,26,16,31,24,269,223,69,48.5,37.9,63.0,32.2,1023.1,10.0,6.7,18.1,27.0,0.0,,0,0,0,0
2020-10-06,3,10,2020,280,0,0,596,85,118,94,126,72,47,61,30,30,22,33,25,248,277,65,60.3,37.9,75.0,38.9,1013.1,10.0,10.7,15.9,25.1,0.0,,0,0,0,0
2020-10-07,4,10,2020,281,0,0,616,83,114,134,115,71,50,49,48,19,26,40,21,252,280,80,67.1,52.0,75.9,44.5,1010.5,10.0,10.2,15.9,25.1,0.0,,0,0,0,0
2020-10-08,5,10,2020,282,0,0,563,80,106,115,102,56,52,59,30,20,23,33,22,239,259,60,59.4,50.0,75.9,43.8,1019.6,10.0,3.6,11.1,,0.0,,0,0,0,0
2020-10-09,6,10,2020,283,0,0,657,97,124,130,125,80,60,59,43,18,26,37,19,280,294,78,63.0,50.0,82.0,46.6,1016.1,9.5,8.5,17.1,31.1,0.0,,0,0,0,0
2020-10-10,7,10,2020,284,1,0,679,108,154,132,157,92,48,34,29,30,21,34,35,301,306,69,69.7,52.0,82.0,56.9,1010.8,10.0,11.4,15.9,21.0,0.0,,0,0,0,0
2020-10-11,1,10,2020,285,1,0,653,86,139,93,161,84,64,60,28,23,18,26,24,277,278,83,61.3,55.9,77.0,51.3,1014.5,10.0,9.0,15.0,22.0,0.0,,0,0,0,0
2020-10-12,2,10,2020,286,0,0,579,74,126,106,107,88,47,44,44,19,17,25,34,217,310,49,62.5,55.0,69.1,56.3,1009.0,9.2,10.0,21.0,35.0,0.0,,0,1,0,0
2020-10-13,3,10,2020,287,0,0,592,82,112,119,108,62,48,53,30,21,30,31,30,254,276,57,56.8,46.0,73.0,37.4,1015.3,10.0,9.8,20.0,36.9,0.11,,0,0,0,0
2020-10-14,4,10,2020,288,0,0,654,77,124,153,104,81,62,80,31,19,21,38,20,258,316,73,59.9,46.0,79.0,36.1,1011.6,10.0,9.4,20.0,42.0,0.0,,0,0,0,0
2020-10-15,5,10,2020,289,0,0,647,104,139,125,104,69,50,74,45,21,18,40,29,256,322,63,58.3,46.9,79.0,35.1,1008.3,10.0,12.3,20.0,31.1,0.0,,0,0,0,0
2020-10-16,6,10,2020,290,0,0,570,80,120,105,95,68,44,60,26,22,26,32,19,216,268,81,44.9,37.0,64.0,25.4,1020.6,10.0,8.3,15.9,22.9,0.0,,0,1,0,0
2020-10-17,7,10,2020,291,1,0,621,93,145,135,137,65,48,45,25,22,20,36,19,234,313,68,49.1,37.0,64.9,28.1,1019.1,10.0,10.1,21.0,40.0,0.01,,0,1,0,0
2020-10-18,1,10,2020,292,1,0,561,84,141,84,114,58,43,84,31,21,24,27,25,210,281,66,53.3,42.1,64.9,33.5,1016.1,9.8,10.3,17.1,28.9,0.0,,0,1,0,0
2020-10-19,2,10,2020,293,0,0,532,64,107,111,87,64,38,76,32,17,25,21,27,183,277,65,41.9,37.9,60.1,35.5,1024.2,9.5,5.7,14.0,20.0,0.18,,0,1,0,0
2020-10-20,3,10,2020,294,0,0,558,73,97,100,86,43,45,102,40,21,18,32,25,216,276,61,43.3,37.9,53.1,36.4,1022.7,9.2,7.8,13.0,,0.05,,0,1,0,1
2020-10-21,4,10,2020,295,0,0,582,93,105,104,91,60,53,81,37,26,18,39,24,225,286,62,50.8,37.9,59.0,42.7,1019.9,7.8,6.2,12.0,19.0,0.12,,0,1,0,1
2020-10-22,5,10,2020,296,0,0,607,81,113,118,117,54,53,82,41,21,19,26,25,258,272,71,55.2,46.4,78.1,49.9,1016.6,5.2,7.5,13.0,20.0,2.03,,0,1,0,1
2020-10-23,6,10,2020,297,0,0,584,88,126,113,95,72,40,69,40,24,20,32,26,218,298,65,61.0,44.1,78.1,54.3,1012.2,8.6,11.3,15.0,29.9,0.02,,0,1,0,1
2020-10-24,7,10,2020,298,1,0,558,92,119,91,120,73,48,37,29,15,28,25,24,210,290,57,41.0,34.0,48.0,30.8,1024.7,10.0,7.9,15.9,22.0,0.65,,0,0,0,0
2020-10-25,1,10,2020,299,1,0,654,103,131,96,124,76,56,105,32,17,17,30,23,239,338,72,42.0,34.0,48.9,32.6,1023.0,10.0,9.1,14.0,,0.0,,0,1,0,0
2020-10-26,2,10,2020,300,0,0,547,64,120,91,102,55,47,84,30,18,18,32,24,186,292,59,37.9,34.0,46.9,31.7,1023.9,8.7,10.0,15.0,19.0,0.01,,0,1,1,0
2020-10-27,3,10,2020,301,0,0,518,71,97,101,78,65,37,76,30,17,17,29,20,209,253,49,35.8,33.8,37.9,27.7,1026.1,9.0,4.2,8.0,,0.05,,0,1,1,0
2020-10-28,4,10,2020,302,0,0,550,77,88,104,84,59,35,82,22,27,26,31,25,209,274,61,39.1,30.9,51.1,26.1,1018.8,10.0,6.7,14.0,20.0,0.03,,0,0,0,0
2020-10-29,5,10,2020,303,0,0,582,76,98,85,100,67,42,89,39,20,15,32,30,227,294,59,44.6,31.1,51.1,33.6,1013.0,10.0,11.9,26.0,35.9,0.0,,0,0,0,0
2020-10-30,6,10,2020,304,0,0,620,85,92,114,112,62,45,78,26,18,26,36,28,241,311,65,37.2,30.9,48.9,23.1,1022.8,10.0,7.3,15.0,21.0,0.0,,0,0,0,0
2020-10-31,7,10,2020,305,1,0,626,102,136,109,137,80,54,55,34,12,19,36,27,260,294,69,41.0,30.0,59.0,28.4,1024.1,10.0,8.1,18.1,28.9,0.0,,0,0,0,0
2020-11-01,1,11,2020,306,1,0,698,99,173,106,138,81,54,102,42,13,21,35,28,246,375,70,44.9,32.0,59.0,25.4,1016.4,10.0,16.8,25.1,44.1,0.0,,0,0,0,0
2020-11-02,2,11,2020,307,0,0,605,75,111,87,87,57,44,129,35,15,32,39,28,200,319,79,36.8,28.0,55.0,17.2,1026.9,10.0,9.1,17.1,25.1,0.0,,0,0,0,0
2020-11-03,3,11,2020,308,0,0,618,89,108,100,103,72,51,97,36,13,22,32,29,233,316,65,50.2,29.1,69.1,29.6,1018.5,10.0,7.7,12.0,22.0,0.0,,0,0,0,0
2020-11-04,4,11,2020,309,0,0,661,100,114,115,121,68,47,117,25,14,22,32,31,257,341,59,61.1,39.0,73.9,40.5,1017.3,10.0,11.3,17.1,27.0,0.0,,0,0,0,0
2020-11-05,5,11,2020,310,0,0,646,105,128,110,110,68,54,107,36,21,19,34,26,254,336,55,63.2,52.0,73.9,43.2,1018.9,10.0,10.2,14.0,22.0,0.0,,0,0,0,0
2020-11-06,6,11,2020,311,0,0,670,109,126,126,117,71,56,94,36,22,26,36,29,267,313,84,60.8,51.1,73.9,45.9,1020.7,10.0,7.2,12.0,22.0,0.0,,0,0,0,0
2020-11-07,7,11,2020,312,1,0,623,113,127,108,147,71,43,62,30,23,28,27,16,270,303,49,62.7,51.1,73.9,46.2,1020.4,10.0,9.2,14.0,21.0,0.0,,0,0,0,0
2020-11-08,1,11,2020,313,1,0,597,102,158,83,146,67,51,37,36,23,27,28,22,261,279,56,63.0,52.0,75.9,51.2,1021.3,10.0,7.1,14.0,20.0,0.0,,0,0,0,0
2020-11-09,2,11,2020,314,0,0,626,75,144,104,113,64,52,90,44,18,28,21,29,217,348,56,69.4,52.0,75.9,56.9,1018.5,10.0,9.6,17.1,29.9,0.0,,0,0,0,0
2020-11-10,3,11,2020,315,0,0,601,74,121,118,99,59,43,98,35,17,17,37,31,203,326,69,70.5,60.8,73.9,59.8,1009.0,10.0,13.9,26.0,55.9,0.0,,0,1,0,1
2020-11-11,4,11,2020,316,0,1,490,66,110,90,84,51,47,55,37,17,21,27,15,180,255,54,43.4,35.1,62.1,33.9,1013.7,9.8,12.2,21.0,35.9,0.32,,0,1,0,0
2020-11-12,5,11,2020,317,0,0,523,72,111,89,91,58,43,72,37,19,25,28,27,181,275,59,42.7,35.1,54.0,31.5,1020.1,10.0,4.9,11.1,15.9,0.0,,0,0,0,0
2020-11-13,6,11,2020,318,0,0,533,83,103,113,80,66,34,76,32,17,24,25,15,169,290,71,40.8,33.1,54.0,29.1,1019.4,10.0,7.4,17.1,26.0,0.02,,0,1,0,0
2020-11-14,7,11,2020,319,1,0,474,70,134,85,97,60,46,35,30,18,15,32,19,173,246,53,35.1,28.9,46.4,25.7,1018.8,10.0,7.6,15.0,26.0,0.0,,0,0,0,0
2020-11-15,1,11,2020,320,1,0,524,74,126,98,113,73,44,48,27,13,17,27,16,184,288,48,46.3,29.1,55.0,39.7,1000.7,9.0,17.2,28.0,42.9,0.28,,0,1,0,1
2020-11-16,2,11,2020,321,0,0,520,59,98,87,93,54,39,66,34,19,24,49,15,214,238,63,37.6,32.0,55.0,24.6,1016.8,10.0,11.1,18.1,33.0,0.05,,0,0,0,0
2020-11-17,3,11,2020,322,0,0,504,77,100,107,76,45,55,68,33,26,16,26,20,179,258,61,37.5,28.9,46.9,21.6,1026.9,10.0,10.7,15.9,28.0,0.0,,0,0,0,0
2020-11-18,4,11,2020,323,0,0,506,65,91,114,69,67,34,69,23,16,14,35,25,189,270,42,41.3,30.2,51.1,22.2,1031.0,10.0,9.2,22.0,33.0,0.0,,0,0,0,0
2020-11-19,5,11,2020,324,0,0,522,55,108,103,98,75,46,52,31,11,8,28,39,200,270,47,53.5,35.1,66.0,28.1,1016.4,10.0,17.1,24.1,35.9,0.0,,0,0,0,0
2020-11-20,6,11,2020,325,0,0,647,70,143,129,122,63,56,83,34,13,23,36,31,241,345,58,57.4,46.9,66.0,37.0,1019.8,10.0,12.0,19.0,33.0,0.0,,0,0,0,0
2020-11-21,7,11,2020,326,1,0,537,85,111,102,90,66,45,28,31,12,24,42,33,229,252,52,43.1,36.0,61.0,30.7,1032.4,10.0,5.7,9.9,,0.0,,0,0,0,0
2020-11-22,1,11,2020,327,1,0,512,79,119,78,96,75,35,53,25,18,18,34,31,193,260,52,43.1,37.0,48.0,33.8,1025.8,9.9,5.5,8.9,,0.0,,0,0,0,0
2020-11-23,2,11,2020,328,0,0,539,78,120,87,91,61,51,61,26,16,22,37,41,213,265,56,40.6,33.1,46.9,29.6,1024.3,10.0,6.0,9.9,17.1,0.0,,0,0,0,0
2020-11-24,3,11,2020,329,0,0,511,68,107,98,74,49,41,69,33,15,14,31,30,175,269,58,37.4,33.1,46.0,31.0,1023.6,6.5,7.1,13.0,,0.07,,0,1,1,0
2020-11-25,4,11,2020,330,0,0,487,65,98,96,83,54,41,56,28,22,17,29,22,183,263,37,45.0,34.0,46.9,41.7,1010.0,4.3,6.9,12.0,,0.51,,0,1,0,0
2020-11-26,5,11,2020,331,0,1,395,47,128,54,83,57,40,23,20,3,26,19,13,137,227,29,44.0,42.1,46.9,39.2,1013.4,7.7,8.9,12.0,,0.47,,0,1,0,0
2020-11-27,6,11,2020,332,0,0,579,128,132,103,112,70,35,46,29,26,24,27,24,228,299,50,41.8,39.0,46.0,36.1,1018.4,8.8,6.7,9.9,,0.0,,0,0,0,0
2020-11-28,7,11,2020,333,1,0,493,93,100,97,75,61,39,36,21,17,14,32,23,212,234,45,37.4,28.9,50.0,26.7,1020.7,10.0,7.6,13.0,19.0,0.0,,0,0,0,0
2020-11-29,1,11,2020,334,1,0,536,78,128,75,116,69,34,56,33,21,13,27,34,210,279,41,42.8,29.1,50.0,32.5,1015.4,10.0,9.6,15.0,25.1,0.0,,0,0,0,0
2020-11-30,2,11,2020,335,0,0,495,74,108,107,95,36,36,77,30,11,18,27,13,163,269,52,34.5,30.0,48.9,21.5,1015.3,10.0,15.8,20.0,28.9,0.0,,0,0,1,0
2020-12-01,3,12,2020,336,0,0,615,63,111,132,83,38,40,145,38,18,19,30,20,167,366,66,29.2,25.0,37.0,17.3,1017.7,10.0,9.8,15.9,22.9,0.0,,0,0,0,0
2020-12-02,4,12,2020,337,0,0,514,70,97,111,81,48,35,84,28,17,14,27,20,184,282,42,33.3,25.0,48.0,17.1,1024.9,10.0,4.8,7.0,,0.0,,0,0,0,0
2020-12-03,5,12,2020,338,0,0,477,86,74,105,58,46,37,73,24,25,11,32,17,170,254,45,36.4,26.2,48.0,21.8,1021.9,10.0,9.0,15.9,25.1,0.0,,0,0,0,0
2020-12-04,6,12,2020,339,0,0,581,76,125,118,92,52,37,100,34,13,17,41,13,208,318,49,37.6,31.1,46.0,26.4,1014.1,10.0,9.9,14.0,24.1,0.0,,0,0,0,0
2020-12-05,7,12,2020,340,1,0,567,88,112,108,116,59,50,57,27,22,20,36,14,224,265,70,34.2,28.9,46.0,26.2,1019.8,10.0,5.3,8.0,,0.0,,0,0,0,0
2020-12-06,1,12,2020,341,1,0,567,96,137,88,97,60,47,83,37,22,17,29,20,225,300,37,35.4,29.1,41.0,28.3,1019.2,9.7,4.3,8.0,,0.0,,0,1,1,0
2020-12-07,2,12,2020,342,0,0,556,75,100,109,76,64,46,98,37,18,19,22,18,183,324,46,35.6,33.1,37.9,28.2,1017.1,9.9,3.3,8.0,,0.0,,0,0,0,0
2020-12-08,3,12,2020,343,0,0,550,67,98,104,72,63,42,108,27,14,14,36,20,182,308,52,35.0,33.1,37.9,26.5,1018.4,9.7,6.3,13.0,22.0,0.0,,0,0,0,0
2020-12-09,4,12,2020,344,0,0,526,81,93,106,87,53,40,93,27,23,12,29,11,190,274,55,39.3,32.0,53.1,30.7,1011.6,7.4,7.1,14.0,20.0,0.0,,0,0,0,0
2020-12-10,5,12,2020,345,0,0,584,87,104,108,73,58,54,115,38,28,10,26,18,208,310,62,42.0,30.9,57.0,31.4,1015.2,9.5,3.5,9.9,,0.0,,0,0,0,0
2020-12-11,6,12,2020,346,0,0,503,63,89,98,78,55,34,93,27,16,18,21,25,168,283,45,43.2,31.1,57.0,36.2,1012.8,8.8,9.6,24.1,28.9,0.0,,0,1,0,0
2020-12-12,7,12,2020,347,1,0,503,66,126,82,106,52,41,62,31,15,18,28,29,179,277,42,40.0,35.1,44.1,36.6,1008.4,5.2,14.7,19.0,28.0,1.18,,0,1,1,0
2020-12-13,1,12,2020,348,1,0,550,82,128,81,108,60,37,83,29,19,23,34,25,213,284,43,31.3,27.0,42.1,25.0,1019.5,9.8,5.8,11.1,,0.49,,0,0,1,0
2020-12-14,2,12,2020,349,0,0,556,90,114,87,85,43,52,123,26,17,22,37,7,164,330,52,29.8,27.0,36.0,19.0,1021.8,10.0,9.4,15.0,25.1,0.0,,0,0,0,0
2020-12-15,3,12,2020,350,0,0,579,78,91,117,64,49,33,151,35,21,12,28,20,184,347,41,24.9,18.0,34.0,13.1,1028.5,10.0,6.3,12.0,,0.0,,0,0,0,0
2020-12-16,4,12,2020,351,0,0,528,71,117,93,90,51,47,107,30,18,21,22,12,161,323,41,31.2,19.0,34.0,21.9,1019.0,9.5,9.4,12.0,17.1,0.0,,0,0,1,0
2020-12-17,5,12,2020,352,0,0,519,67,113,98,86,37,41,101,31,14,15,33,17,177,291,44,33.1,29.1,35.1,22.8,1019.1,9.9,6.0,8.9,,0.0,,0,0,1,0
2020-12-18,6,12,2020,353,0,0,566,77,105,105,78,45,42,117,40,20,17,22,21,174,346,39,30.1,24.1,37.0,22.3,1025.2,9.3,5.5,13.0,21.0,0.0,,0,0,0,0
2020-12-19,7,12,2020,354,1,0,534,93,115,91,110,56,47,42,25,13,18,37,21,226,263,41,38.3,25.2,43.0,31.0,1017.0,9.9,10.2,17.1,26.0,0.0,,0,0,0,0
2020-12-20,1,12,2020,355,1,0,559,85,119,76,96,66,44,97,21,15,20,41,21,189,320,41,36.4,32.0,43.0,28.2,1013.0,8.7,8.4,13.0,22.9,0.0,,0,0,0,0
2020-12-21,2,12,2020,356,0,0,615,84,93,95,85,59,44,163,27,20,20,24,26,196,356,52,37.4,33.1,46.0,29.1,1005.8,9.1,8.7,18.1,28.0,0.0,,0,1,0,0
2020-12-22,3,12,2020,357,0,0,581,71,106,119,97,52,39,126,19,9,15,26,22,210,324,43,37.3,32.0,46.0,27.3,1017.6,10.0,10.0,19.0,29.9,0.0,,0,1,0,0
2020-12-23,4,12,2020,358,0,0,588,92,101,104,90,55,44,115,33,21,25,33,16,187,336,56,46.7,32.0,57.9,32.7,1007.1,9.7,16.3,26.0,35.9,0.0,,0,1,0,0
2020-12-24,5,12,2020,359,0,0,502,48,141,110,78,54,40,87,31,3,17,23,16,145,314,37,21.9,12.2,50.0,11.6,1005.3,9.0,14.3,21.0,38.1,0.17,,0,1,1,0
2020-12-25,6,12,2020,360,0,1,400,54,166,44,127,52,37,18,26,4,17,24,13,128,239,28,13.4,8.1,26.1,2.7,1014.3,9.7,10.5,15.0,21.0,0.0,,0,0,1,0
2020-12-26,7,12,2020,361,1,0,442,76,125,64,89,52,37,46,29,12,22,23,18,165,226,47,23.1,8.1,33.1,10.4,1013.9,10.0,7.3,14.0,28.0,0.0,,0,0,0,0
2020-12-27,1,12,2020,362,1,0,497,63,116,75,94,71,41,50,29,18,20,32,21,183,262,45,31.8,19.0,46.9,23.6,1010.5,10.0,5.6,11.1,,0.0,,0,0,0,0
2020-12-28,2,12,2020,363,0,0,529,68,124,86,85,61,34,84,36,18,26,33,22,177,302,40,33.0,25.2,46.9,23.3,1018.2,10.0,10.3,14.0,24.1,0.0,,0,1,0,0
2020-12-29,3,12,2020,364,0,0,431,59,96,60,69,55,36,79,25,14,14,22,16,148,255,23,24.2,18.0,34.0,15.7,1032.4,9.6,5.1,15.9,22.9,0.0,1.2,1,0,1,0
2020-12-30,4,12,2020,365,0,0,475,68,99,78,72,31,41,107,40,18,13,28,14,126,292,51,31.8,18.0,35.1,26.6,1013.7,6.6,13.2,18.1,28.9,0.7,1.2,1,1,1,0
2020-12-31,5,12,2020,366,0,0,555,79,132,74,107,74,36,92,29,12,23,33,12,166,332,46,25.6,23.0,35.1,17.2,1023.1,9.9,5.1,12.0,22.0,0.01,1.2,0,0,0,0
2021-01-01,6,1,2021,1,0,1,858,124,256,76,160,94,39,188,67,12,21,21,12,214,552,64,26.7,18.0,35.1,22.3,1022.0,5.6,7.6,18.1,25.1,0.0,1.2,0,1,1,0
2021-01-02,7,1,2021,2,1,0,450,82,112,78,84,40,34,54,35,20,16,23,14,158,250,35,32.0,19.2,35.1,28.5,1016.2,3.8,7.5,15.0,,0.38,2.0,1,1,1,0
2021-01-03,1,1,2021,3,1,0,516,91,130,70,108,73,33,62,21,24,15,30,20,192,270,47,31.9,29.1,35.1,28.4,1015.4,5.1,5.5,8.0,,0.02,2.0,0,0,1,0
2021-01-04,2,1,2021,4,0,0,535,87,110,87,84,54,38,107,35,14,18,23,13,175,297,50,26.9,24.1,33.1,23.3,1016.2,5.8,6.7,9.9,,0.01,2.0,1,0,1,0
2021-01-05,3,1,2021,5,0,0,541,85,111,93,79,62,39,93,32,21,21,29,22,189,301,40,30.9,24.1,37.0,27.2,1018.3,6.2,6.3,11.1,,0.0,2.0,0,1,1,0
2021-01-06,4,1,2021,6,0,0,486,63,90,77,64,45,49,101,33,22,11,22,19,168,277,31,33.0,28.9,39.0,27.5,1026.4,5.4,2.7,8.0,,0.0,2.0,0,0,0,0
2021-01-07,5,1,2021,7,0,0,579,88,116,115,87,49,39,89,42,18,15,27,31,209,314,47,35.3,31.1,39.0,28.3,1028.3,8.5,7.1,12.0,,0.0,1.2,0,0,0,0
2021-01-08,6,1,2021,8,0,0,589,92,128,111,84,73,60,84,31,22,24,31,25,208,318,52,33.8,30.9,37.9,26.7,1025.6,9.2,9.6,15.0,,0.0,1.2,0,0,1,0
2021-01-09,7,1,2021,9,1,0,495,94,127,76,100,58,46,32,38,24,13,30,19,192,250,46,31.4,28.9,37.0,22.9,1025.5,10.0,8.2,13.0,19.0,0.02,1.2,0,0,0,0
2021-01-10,1,1,2021,10,1,0,559,82,127,80,96,69,42,93,37,17,14,25,23,211,287,43,28.9,28.0,37.0,21.7,1027.1,10.0,4.2,7.0,,0.0,1.2,0,0,0,0
2021-01-11,2,1,2021,11,0,0,491,65,105,86,68,41,56,92,22,16,15,29,32,169,280,34,25.2,21.9,28.9,19.8,1025.5,8.7,9.9,15.9,25.1,0.0,1.2,0,0,0,0
2021-01-12,3,1,2021,12,0,0,566,81,114,102,81,66,45,103,29,18,13,29,35,198,319,40,30.7,21.9,37.0,24.8,1019.0,9.7,11.2,15.0,22.9,0.0,1.2,0,0,0,0
2021-01-13,4,1,2021,13,0,0,518,61,103,84,78,59,44,95,32,11,17,26,24,184,277,51,34.5,27.0,41.0,28.2,1012.2,9.5,7.9,12.0,17.1,0.0,1.2,0,0,0,0
2021-01-14,5,1,2021,14,0,0,536,72,106,99,68,64,37,105,29,12,16,27,27,178,297,49,36.3,31.1,41.0,30.5,1002.8,9.6,6.4,12.0,20.0,0.0,1.2,0,1,0,0
2021-01-15,6,1,2021,15,0,0,584,72,120,104,88,57,60,98,36,18,22,22,30,192,334,50,35.4,32.0,39.9,30.7,997.8,9.4,7.5,13.0,22.0,0.14,,0,1,1,0
2021-01-16,7,1,2021,16,1,0,489,69,131,73,108,70,46,28,26,11,18,28,31,185,260,37,33.0,30.0,39.0,28.9,1002.6,7.3,6.2,11.1,,0.06,1.2,0,1,1,0
2021-01-17,1,1,2021,17,1,0,542,81,132,88,105,61,45,76,38,7,12,38,26,191,303,40,31.9,28.4,36.0,28.0,1006.0,6.0,5.9,8.9,,0.03,1.2,0,1,1,0
2021-01-18,2,1,2021,18,0,0,476,67,130,86,68,71,33,39,41,12,17,35,31,175,244,44,28.4,26.6,32.0,22.9,1010.8,9.1,7.7,13.0,19.0,0.04,1.2,0,0,1,0
2021-01-19,3,1,2021,19,0,0,522,67,113,89,93,56,44,69,36,16,11,27,32,171,293,49,24.3,19.9,30.0,16.9,1019.9,9.3,7.7,12.0,21.0,0.0,1.2,0,0,1,0
2021-01-20,4,1,2021,20,0,0,542,65,91,92,77,53,37,132,20,16,18,34,24,166,318,49,22.7,12.9,32.0,14.7,1020.7,8.3,10.2,19.0,28.9,0.05,1.2,1,0,1,0
2021-01-21,5,1,2021,21,0,0,596,58,119,98,93,42,35,143,32,12,24,23,42,177,361,48,34.0,30.0,39.0,23.4,1007.2,10.0,13.8,22.9,32.1,0.0,1.2,0,0,0,0
2021-01-22,6,1,2021,22,0,0,521,66,95,74,84,53,38,118,36,14,14,29,15,143,317,52,22.8,14.0,39.0,9.7,1016.2,10.0,10.8,17.1,22.9,0.0,1.2,0,0,0,0
2021-01-23,7,1,2021,23,1,0,527,71,136,95,127,54,51,36,22,11,21,24,24,189,283,45,17.1,10.0,30.0,3.3,1027.9,10.0,4.3,8.9,,0.0,,0,0,0,0
2021-01-24,1,1,2021,24,1,0,509,85,137,83,105,67,43,43,38,15,13,28,21,193,260,43,29.7,27.0,34.0,19.8,1021.1,8.6,6.2,11.1,,0.01,,0,0,1,0
2021-01-25,2,1,2021,25,0,0,538,65,119,77,87,52,49,107,39,13,21,37,18,168,327,40,30.9,28.0,34.0,23.3,1017.9,9.8,9.4,18.1,26.0,0.01,,0,0,1,0
2021-01-26,3,1,2021,26,0,0,440,66,101,70,76,51,34,84,33,24,16,18,15,136,262,38,31.0,28.0,34.0,26.9,1010.4,2.5,15.7,21.0,31.1,0.11,5.9,1,0,1,0
2021-01-27,4,1,2021,27,0,0,519,75,108,96,69,41,54,124,33,25,8,22,17,150,322,39,24.3,19.9,32.0,16.7,1025.6,10.0,11.1,19.0,21.0,0.07,5.1,0,0,0,0
2021-01-28,5,1,2021,28,0,0,481,75,90,85,68,42,36,103,25,27,10,20,27,152,281,41,16.8,8.1,27.0,4.8,1036.1,10.0,6.6,11.1,,0.0,5.1,0,0,0,0
2021-01-29,6,1,2021,29,0,0,494,81,129,82,105,29,37,93,34,23,7,18,25,135,307,46,22.0,8.1,32.0,9.1,1032.0,10.0,3.8,9.9,,0.0,5.1,0,0,0,0
2021-01-30,7,1,2021,30,1,0,464,61,107,88,102,48,41,43,35,13,15,18,21,163,262,32,30.5,17.1,34.0,19.8,1021.7,9.2,11.1,21.0,32.1,0.0,5.1,0,0,1,0
2021-01-31,1,1,2021,31,1,0,344,26,106,56,84,33,55,30,29,1,10,8,13,93,207,35,30.7,28.9,34.0,27.6,1012.4,1.0,15.3,21.0,29.9,0.32,15.0,1,0,1,0
2021-02-01,2,2,2021,32,0,0,565,65,123,77,86,43,58,144,45,17,14,18,13,166,342,42,29.5,25.0,33.1,23.4,1021.2,9.2,11.5,17.1,28.9,0.04,13.0,0,0,1,0
2021-02-02,3,2,2021,33,0,0,508,76,115,81,99,51,45,87,37,22,7,16,16,165,304,29,26.0,21.0,33.1,17.6,1024.4,10.0,8.6,12.0,,0.0,11.8,0,0,0,0
2021-02-03,4,2,2021,34,0,0,501,81,92,71,74,52,46,71,46,36,14,24,21,187,270,35,25.5,17.1,36.0,16.8,1021.2,10.0,3.9,9.9,,0.0,11.0,0,0,0,0
2021-02-04,5,2,2021,35,0,0,436,67,94,74,81,34,52,60,27,19,13,20,21,147,239,35,32.2,17.1,39.0,24.1,1008.5,8.0,10.2,21.0,28.9,0.0,11.0,1,0,1,0
2021-02-05,6,2,2021,36,0,0,488,79,109,76,83,50,36,64,46,26,11,34,13,163,278,38,17.1,10.0,39.0,9.6,1003.9,7.5,16.9,26.0,42.9,0.17,11.0,0,0,1,0
2021-02-06,7,2,2021,37,1,0,405,74,108,63,109,40,31,36,27,15,6,19,18,145,216,35,8.7,3.0,19.0,0.0,1015.6,8.9,9.5,17.1,28.9,0.0,11.0,0,0,1,0
2021-02-07,1,2,2021,38,1,0,383,49,117,63,101,42,45,44,22,5,8,21,9,127,221,30,1.3,-7.1,12.0,-9.1,1023.9,8.8,8.6,11.1,18.1,0.07,11.0,0,0,1,0
2021-02-08,2,2,2021,39,0,0,416,56,95,68,71,41,38,56,37,12,9,28,17,135,242,32,5.4,-6.0,15.1,-4.7,1027.5,7.8,2.5,8.9,,0.0,14.2,0,0,1,0
2021-02-09,3,2,2021,40,0,0,439,65,89,76,64,50,49,36,33,22,15,26,32,143,249,43,8.2,0.0,18.0,-3.5,1028.6,8.3,7.7,14.0,,0.08,13.0,0,0,1,0
2021-02-10,4,2,2021,41,0,0,427,69,97,72,67,44,38,57,33,26,16,18,14,141,244,36,9.7,0.0,18.0,-1.8,1030.2,8.7,5.9,11.1,,0.0,13.0,0,0,1,0
2021-02-11,5,2,2021,42,0,0,440,74,103,83,87,43,41,58,17,23,14,29,16,144,235,52,11.7,1.9,21.2,0.9,1031.0,8.5,10.6,15.9,,0.03,13.0,0,0,1,0
2021-02-12,6,2,2021,43,0,0,487,94,114,97,75,54,39,62,41,33,9,23,21,161,266,56,13.8,10.0,17.6,6.2,1029.4,8.7,8.3,14.0,,0.01,11.8,0,0,1,0
2021-02-13,7,2,2021,44,1,0,425,54,111,73,86,52,47,34,32,13,11,24,20,149,246,26,7.8,5.0,17.1,0.3,1028.7,3.9,8.2,13.0,,0.03,15.0,0,0,1,0
2021-02-14,1,2,2021,45,1,0,404,57,124,60,96,38,36,48,32,11,12,26,10,124,250,25,0.1,-5.1,12.0,-12.2,1031.8,9.8,9.4,13.0,,0.06,15.0,0,0,1,0
2021-02-15,2,2,2021,46,0,0,342,42,117,38,81,42,35,41,31,9,5,17,15,89,213,34,3.5,-5.1,12.0,-4.1,1029.7,2.8,13.3,20.0,28.9,0.03,16.9,0,0,1,0
2021-02-16,3,2,2021,47,0,0,366,59,89,44,75,32,47,47,37,20,6,12,19,102,219,42,11.6,0.0,19.9,4.5,1019.3,5.1,11.3,18.1,27.0,0.19,20.1,0,0,1,0
2021-02-17,4,2,2021,48,0,0,437,65,86,65,66,36,46,78,33,21,11,22,23,157,235,40,15.5,6.1,27.0,4.9,1027.5,10.0,3.9,8.0,,0.01,18.1,0,0,0,0
2021-02-18,5,2,2021,49,0,0,450,82,94,66,72,52,49,56,34,33,15,23,12,148,252,47,20.6,8.1,27.0,12.3,1028.4,6.0,5.1,8.0,,0.01,18.1,0,0,1,0
2021-02-19,6,2,2021,50,0,0,490,90,98,92,88,55,49,56,24,29,9,22,13,174,260,51,16.2,8.1,21.0,7.9,1026.6,9.5,7.0,12.0,18.1,0.03,16.9,0,0,1,0
2021-02-20,7,2,2021,51,1,0,473,83,106,78,92,59,45,38,41,29,8,24,17,197,242,31,16.8,6.1,28.9,8.0,1027.9,7.8,4.7,8.0,,0.0,16.1,0,0,1,0
2021-02-21,1,2,2021,52,1,0,464,67,118,68,101,73,50,46,30,11,5,15,19,193,244,26,25.6,17.1,37.0,16.1,1024.3,9.1,8.0,14.0,24.1,0.0,16.1,1,0,1,0
2021-02-22,2,2,2021,53,0,0,496,69,96,90,82,62,42,71,28,23,19,28,15,180,262,51,32.7,17.2,37.9,27.6,1008.0,6.0,13.1,17.1,27.0,0.26,14.2,0,1,1,0
2021-02-23,3,2,2021,54,0,0,548,89,125,103,95,69,53,63,42,28,15,24,19,189,301,57,40.4,28.9,46.9,30.3,1006.6,9.9,10.5,15.9,25.1,0.0,11.0,0,0,0,0
2021-02-24,4,2,2021,55,0,0,519,81,109,87,88,61,48,68,31,23,21,25,20,192,273,50,42.0,37.9,46.9,32.1,1009.1,10.0,10.3,15.9,22.9,0.0,7.1,0,0,0,0
2021-02-25,5,2,2021,56,0,0,537,97,122,93,97,58,57,70,35,31,17,14,18,177,310,45,33.9,27.0,45.0,23.9,1025.6,10.0,6.4,14.0,21.0,0.0,5.9,0,0,0,0
2021-02-26,6,2,2021,57,0,0,574,98,128,91,90,72,60,73,45,27,21,29,16,189,334,49,33.6,24.1,43.0,21.3,1023.7,10.0,6.4,12.0,,0.0,5.1,0,0,0,0
2021-02-27,7,2,2021,58,1,0,572,93,136,94,116,85,50,56,32,26,12,26,18,229,303,38,40.3,24.3,52.0,31.2,1014.2,7.9,6.5,9.9,,0.02,3.9,0,1,1,0
2021-02-28,1,2,2021,59,1,0,565,93,135,82,116,67,52,56,38,18,29,23,14,199,311,55,42.8,33.1,52.0,38.2,1011.9,6.2,8.1,19.0,31.1,0.0,1.2,0,1,0,0
2021-03-01,2,3,2021,60,0,0,652,75,137,99,80,60,39,163,51,23,16,31,19,187,401,50,32.5,26.1,48.9,21.7,1020.0,10.0,9.8,15.9,24.1,0.01,3.1,0,0,0,0
2021-03-02,3,3,2021,61,0,0,507,70,109,98,77,48,42,72,48,20,15,25,14,180,274,50,29.6,21.9,43.0,14.5,1026.2,10.0,6.9,18.1,28.0,0.0,,0,0,0,0
2021-03-03,4,3,2021,62,0,0,568,99,139,105,102,52,52,70,48,42,11,18,19,228,286,50,44.3,22.1,59.0,30.1,1014.6,10.0,8.6,14.0,22.0,0.0,,0,0,0,0
2021-03-04,5,3,2021,63,0,0,534,91,91,107,86,59,29,70,35,31,12,39,16,205,272,54,35.7,30.9,59.0,27.0,1024.9,9.8,11.0,17.1,24.1,0.0,,0,0,0,0
2021-03-05,6,3,2021,64,0,0,535,91,97,106,85,58,34,66,39,33,18,28,17,179,291,60,34.1,24.1,48.9,20.2,1028.3,10.0,6.3,12.0,20.0,0.0,,0,0,0,0
2021-03-06,7,3,2021,65,1,0,527,78,153,87,128,60,62,28,34,17,10,23,22,202,274,48,36.5,25.2,48.9,22.9,1027.5,10.0,3.0,11.1,,0.0,,0,0,0,0
2021-03-07,1,3,2021,66,1,0,492,69,147,60,127,62,43,39,32,13,12,29,17,202,257,31,36.5,26.1,52.0,22.2,1028.6,10.0,4.5,12.0,15.0,0.0,,0,0,0,0
2021-03-08,2,3,2021,67,0,0,538,96,118,95,108,59,48,48,40,19,13,27,15,219,258,56,50.8,44.1,62.1,32.3,1025.3,10.0,10.9,18.1,27.0,0.0,,0,0,0,0
2021-03-09,3,3,2021,68,0,0,593,115,125,90,114,71,56,63,38,35,13,23,20,243,295,53,52.6,39.9,69.1,36.1,1024.0,10.0,5.9,18.1,31.1,0.0,,0,0,0,0
2021-03-10,4,3,2021,69,0,0,559,103,128,82,110,73,53,53,35,42,15,28,16,230,276,47,61.0,57.0,69.1,42.5,1014.7,10.0,14.7,20.0,35.0,0.0,,0,1,0,0
2021-03-11,5,3,2021,70,0,0,503,89,126,90,88,47,42,61,30,41,7,21,17,198,253,50,55.3,45.0,69.1,43.5,1013.6,10.0,16.1,26.0,47.0,0.16,,0,1,0,0
2021-03-12,6,3,2021,71,0,0,538,89,121,106,94,66,49,46,43,32,10,17,12,221,268,48,45.2,37.0,64.0,29.1,1027.4,10.0,7.4,11.1,,0.0,,0,0,0,0
2021-03-13,7,3,2021,72,1,0,509,90,139,83,123,73,39,27,31,26,14,18,12,218,249,42,43.2,30.9,59.0,24.7,1031.0,10.0,4.8,8.9,,0.0,,0,0,0,0
2021-03-14,1,3,2021,73,1,0,458,64,135,64,100,75,41,23,33,13,11,28,19,199,220,39,45.4,31.1,59.0,26.4,1027.5,10.0,11.8,22.9,31.1,0.0,,0,0,0,0
2021-03-15,2,3,2021,74,0,0,497,71,99,73,86,59,37,85,45,25,9,19,17,160,281,46,35.0,28.9,48.0,22.6,1025.9,7.9,16.0,22.9,31.1,0.0,2.0,1,1,1,0
2021-03-16,3,3,2021,75,0,0,487,75,100,79,89,48,49,73,39,30,4,24,12,195,241,46,34.8,28.9,39.9,30.1,1016.3,5.5,6.4,17.1,26.0,0.23,1.2,0,1,0,0
2021-03-17,4,3,2021,76,0,0,522,90,129,74,98,51,57,64,42,34,21,25,12,178,295,42,35.7,33.1,39.0,30.3,1016.8,7.5,8.0,20.0,25.1,0.0,1.2,0,1,0,0
2021-03-18,5,3,2021,77,0,0,455,66,105,74,78,48,43,54,37,28,15,22,17,154,260,40,38.6,34.0,43.0,33.2,1014.5,7.9,23.8,31.1,42.9,0.4,,0,1,0,0
2021-03-19,6,3,2021,78,0,0,508,78,104,97,91,71,43,60,27,19,10,32,14,178,286,39,39.0,35.1,45.0,21.4,1030.6,10.0,14.0,22.9,31.1,0.03,,0,0,0,0
2021-03-20,7,3,2021,79,1,0,498,83,128,92,106,58,42,53,25,15,12,26,13,185,260,52,40.9,28.0,57.9,23.1,1033.3,10.0,4.5,11.1,,0.0,,0,0,0,0
2021-03-21,1,3,2021,80,1,0,558,98,174,82,122,81,53,34,42,21,16,23,15,234,275,47,49.8,28.2,64.9,26.8,1026.8,10.0,7.8,15.0,22.9,0.0,,0,0,0,0
2021-03-22,2,3,2021,81,0,0,607,96,159,104,128,67,51,63,44,27,22,23,12,221,334,51,56.5,37.0,68.0,29.0,1018.8,10.0,9.5,14.0,26.0,0.0,,0,0,0,0
2021-03-23,3,3,2021,82,0,0,503,95,112,97,81,64,38,58,37,31,8,29,14,202,250,48,56.8,46.0,68.0,41.0,1013.0,9.6,7.0,15.0,22.9,0.0,,0,1,0,0
2021-03-24,4,3,2021,83,0,0,514,90,120,96,85,56,59,61,37,36,12,16,18,199,266,44,55.2,50.0,64.0,48.5,1004.2,9.5,13.4,21.0,35.9,0.24,,0,1,0,0
2021-03-25,5,3,2021,84,0,0,475,67,99,88,87,48,36,46,37,29,16,31,19,177,264,31,47.0,42.1,57.9,40.0,1011.3,9.8,8.4,15.9,27.0,0.01,,0,1,0,0
2021-03-26,6,3,2021,85,0,0,514,73,138,84,97,60,55,51,45,17,4,38,23,191,264,54,39.3,35.1,50.0,33.9,1012.8,9.6,9.6,22.0,28.0,0.18,,0,1,0,0
2021-03-27,7,3,2021,86,1,0,480,73,136,67,122,55,51,29,31,9,13,28,14,197,243,37,47.2,35.1,66.0,39.6,1015.2,8.8,6.5,15.9,24.1,0.0,,0,0,0,0
2021-03-28,1,3,2021,87,1,0,541,93,161,84,124,64,58,32,39,26,16,27,11,222,279,39,47.6,36.0,66.0,34.0,1011.2,9.9,15.0,24.1,34.0,0.0,,0,1,0,0
2021-03-29,2,3,2021,88,0,0,507,86,128,80,115,67,48,39,37,23,10,25,5,202,263,38,43.6,30.9,62.1,25.7,1019.1,10.0,9.7,20.0,36.9,0.0,,0,0,0,0
2021-03-30,3,3,2021,89,0,0,531,100,110,106,95,67,47,36,37,30,16,23,13,203,272,52,56.8,48.9,66.9,35.1,1008.6,10.0,17.5,22.9,38.1,0.0,,0,0,0,0
2021-03-31,4,3,2021,90,0,0,500,80,120,91,77,69,55,45,29,29,13,21,18,185,274,38,42.1,34.0,68.0,18.8,1018.3,10.0,11.7,15.9,25.1,0.0,,0,1,0,0
2021-04-01,5,4,2021,91,0,0,662,87,137,122,86,80,55,118,56,29,17,22,15,193,392,61,33.4,24.1,44.1,12.4,1030.4,10.0,12.3,15.9,22.9,0.0,,0,0,0,0
2021-04-02,6,4,2021,92,0,0,512,64,112,111,92,62,48,33,40,17,12,26,26,223,246,42,36.0,24.1,51.1,16.1,1033.2,10.0,5.9,14.0,19.0,0.0,,0,0,0,0
2021-04-03,7,4,2021,93,1,0,541,94,141,92,119,59,62,31,32,16,9,25,16,243,262,34,51.3,26.2,71.1,23.0,1022.1,10.0,12.9,18.1,28.0,0.0,,0,0,0,0
2021-04-04,1,4,2021,94,1,0,551,95,172,75,143,62,53,40,36,20,12,21,16,233,260,55,59.8,39.9,75.9,37.1,1019.8,10.0,4.4,13.0,21.0,0.0,,0,0,0,0
2021-04-05,2,4,2021,95,0,0,532,86,135,87,96,65,52,48,48,26,12,23,10,203,264,62,67.0,60.1,75.9,46.7,1013.5,10.0,9.9,17.1,24.1,0.0,,0,1,0,0
2021-04-06,3,4,2021,96,0,0,557,102,148,94,108,73,56,50,38,28,10,31,11,237,268,47,69.7,59.0,81.0,48.4,1010.6,10.0,9.5,14.0,24.1,0.0,,0,0,0,0
2021-04-07,4,4,2021,97,0,0,590,93,164,115,110,60,62,50,47,33,12,26,13,237,296,52,70.2,59.0,82.0,51.6,1008.9,10.0,8.7,15.9,32.1,0.0,,0,1,0,0
2021-04-08,5,4,2021,98,0,0,492,76,115,91,82,52,45,51,39,32,10,21,18,191,250,46,63.5,55.0,82.0,54.9,1002.4,9.2,7.6,15.0,24.1,0.03,,0,1,0,0
2021-04-09,6,4,2021,99,0,0,533,93,127,72,103,63,58,52,54,26,19,21,14,204,273,55,54.1,51.1,69.1,46.9,1002.6,9.4,10.8,19.0,31.1,0.33,,0,1,0,0
2021-04-10,7,4,2021,100,1,0,521,73,159,88,116,67,58,24,41,21,11,25,14,203,262,55,52.8,46.9,62.1,47.3,1004.1,8.6,7.4,15.0,22.0,0.0,,0,1,0,0
2021-04-11,1,4,2021,101,1,0,487,66,151,73,114,71,53,25,33,15,19,21,13,207,229,48,50.1,45.0,55.9,44.3,994.1,9.3,4.7,9.9,,0.26,,0,1,0,0
2021-04-12,2,4,2021,102,0,0,535,60,126,86,101,68,60,61,39,12,19,20,17,191,294,47,54.5,45.0,62.1,43.8,1004.9,9.8,8.9,19.0,29.9,0.01,,0,1,0,0
2021-04-13,3,4,2021,103,0,0,520,78,127,94,113,64,51,42,34,13,15,16,24,205,268,44,49.4,42.1,62.1,32.8,1016.7,10.0,10.1,17.1,28.0,0.0,,0,0,0,0
2021-04-14,4,4,2021,104,0,0,468,61,143,83,91,58,44,40,47,15,11,22,9,153,271,43,44.3,36.0,54.0,26.4,1019.4,10.0,8.2,15.9,22.0,0.0,,0,0,0,0
2021-04-15,5,4,2021,105,0,0,525,71,124,102,93,59,59,57,37,11,12,29,11,204,263,46,44.7,36.0,55.9,30.6,1017.0,10.0,9.4,14.0,21.0,0.0,,0,0,0,0
2021-04-16,6,4,2021,106,0,0,531,69,115,103,95,83,46,54,30,10,13,20,20,190,289,49,46.9,39.0,57.0,35.3,1015.9,10.0,5.4,9.9,,0.0,,0,0,0,0
2021-04-17,7,4,2021,107,1,0,517,68,142,83,127,84,45,28,37,6,12,19,18,204,263,50,44.1,35.1,57.0,33.3,1014.5,10.0,6.4,11.1,,0.0,,0,0,0,0
2021-04-18,1,4,2021,108,1,0,458,74,149,77,112,55,48,25,33,10,9,17,14,183,238,33,49.2,35.1,62.1,27.3,1013.4,10.0,4.5,11.1,15.9,0.0,,0,0,0,0
2021-04-19,2,4,2021,109,0,0,444,56,106,90,75,58,35,44,35,8,14,23,15,156,243,42,50.9,39.0,62.1,31.9,1010.1,10.0,9.4,14.0,21.0,0.0,,0,1,0,0
2021-04-20,3,4,2021,110,0,0,444,61,100,96,70,46,43,55,34,10,19,21,15,151,259,31,40.2,34.0,52.0,24.0,1016.7,9.1,6.9,12.0,,0.0,,0,0,1,0
2021-04-21,4,4,2021,111,0,0,467,60,105,99,75,47,42,49,37,9,20,27,12,159,258,46,39.1,34.0,50.0,23.9,1018.9,9.7,7.8,22.0,33.0,0.0,,0,0,0,0
2021-04-22,5,4,2021,112,0,0,503,64,110,96,81,62,64,41,31,13,15,28,20,191,263,45,41.7,32.0,60.1,25.5,1018.9,9.8,6.3,15.0,22.9,0.0,,0,0,0,0
2021-04-23,6,4,2021,113,0,0,518,75,114,97,92,75,42,43,44,15,14,24,9,188,277,51,52.8,32.0,62.1,27.1,1016.7,10.0,9.9,15.0,22.9,0.0,,0,0,0,0
2021-04-24,7,4,2021,114,1,0,538,64,157,76,132,69,66,27,50,12,10,28,17,205,284,48,55.4,43.0,64.0,40.9,1012.1,10.0,3.3,14.0,,0.0,,0,1,0,0
2021-04-25,1,4,2021,115,1,0,507,77,157,89,118,69,49,23,34,13,11,28,13,212,263,30,46.2,39.9,64.0,33.6,1016.3,9.9,10.4,18.1,20.0,0.0,,0,1,0,0
2021-04-26,2,4,2021,116,0,0,542,87,132,82,101,81,60,39,41,17,21,26,17,206,283,51,52.8,39.0,79.0,31.7,1015.2,10.0,12.2,24.1,41.0,0.0,,0,0,0,0
2021-04-27,3,4,2021,117,0,0,612,75,158,119,132,82,78,43,41,12,8,32,13,258,300,52,73.3,64.9,86.0,50.3,1005.9,10.0,13.2,17.1,27.0,0.0,,0,0,0,0
2021-04-29,5,4,2021,119,0,0,460,60,115,103,97,42,40,31,28,14,13,22,17,165,255,36,53.5,46.9,71.1,45.2,1010.4,9.2,8.3,12.0,15.9,0.04,,0,1,0,0
2021-04-30,6,4,2021,120,0,0,604,81,140,116,106,79,68,53,48,17,19,23,19,229,324,50,53.1,46.9,71.1,37.4,1017.5,10.0,10.4,22.9,27.0,0.04,,0,0,0,0
2021-05-01,7,5,2021,121,1,0,722,90,172,115,135,78,73,90,60,6,21,32,22,282,380,51,55.9,42.1,84.9,34.3,1015.4,10.0,12.8,27.0,41.0,0.0,,0,0,0,0
2021-05-02,1,5,2021,122,1,0,625,87,195,88,164,94,66,24,39,16,15,23,25,289,292,43,74.4,63.0,84.0,50.4,1003.5,10.0,13.6,22.0,29.9,0.0,,0,0,0,0
2021-05-03,2,5,2021,123,0,0,561,69,150,100,113,49,60,55,46,23,15,26,22,204,303,46,65.4,59.0,84.9,57.0,1001.5,9.5,9.7,19.0,28.9,0.01,,0,1,0,0
2021-05-04,3,5,2021,124,0,0,481,70,117,80,88,53,58,37,45,29,15,18,13,183,262,33,56.9,52.0,73.0,51.0,1007.8,9.9,8.0,11.1,15.0,0.06,,0,1,0,0
2021-05-05,4,5,2021,125,0,0,590,78,153,111,125,64,64,52,50,24,12,29,18,220,308,58,51.2,41.0,61.0,37.1,1017.1,10.0,7.9,15.0,22.0,0.0,,0,0,0,0
2021-05-06,5,5,2021,126,0,0,507,68,129,115,89,56,54,39,37,18,14,21,17,180,279,48,49.2,41.0,61.0,35.2,1019.5,10.0,7.2,13.0,,0.05,,0,1,0,0
2021-05-07,6,5,2021,127,0,0,519,71,131,84,95,57,59,42,52,19,16,27,21,186,272,59,50.2,44.1,60.1,32.4,1016.3,10.0,8.0,17.1,24.1,0.01,,0,0,0,0
2021-05-08,7,5,2021,128,1,0,548,62,137,97,118,72,50,35,40,12,18,31,18,208,292,46,45.0,37.0,60.1,32.5,1019.7,9.6,6.0,15.0,,0.0,,0,0,0,0
2021-05-09,1,5,2021,129,1,0,528,81,165,84,138,84,42,21,36,16,18,27,17,203,295,30,46.1,37.0,57.0,34.8,1014.7,9.4,10.7,17.1,24.1,0.12,,0,1,0,0
2021-05-10,2,5,2021,130,0,0,533,80,133,107,103,74,34,48,52,24,11,25,11,196,285,50,46.2,39.0,57.0,33.4,1019.6,10.0,7.8,15.0,15.9,0.1,,0,0,0,0
2021-05-11,3,5,2021,131,0,0,540,67,122,109,92,70,53,49,51,17,20,24,13,188,310,39,46.3,36.0,55.9,30.2,1025.9,10.0,7.4,15.9,22.0,0.0,,0,0,0,0
2021-05-12,4,5,2021,132,0,0,500,71,122,105,93,57,47,49,41,18,14,13,17,183,270,40,49.8,36.0,62.1,27.0,1030.7,10.0,4.8,12.0,17.1,0.0,,0,0,0,0
2021-05-13,5,5,2021,133,0,0,547,78,112,114,101,70,65,40,40,17,14,26,12,209,286,50,55.4,37.0,70.0,24.1,1029.1,10.0,4.0,8.9,,0.0,,0,0,0,0
2021-05-14,6,5,2021,134,0,0,619,88,126,120,112,81,66,47,34,22,21,35,24,269,282,63,60.3,41.0,71.1,27.5,1025.7,10.0,5.5,11.1,,0.0,,0,0,0,0
2021-05-15,7,5,2021,135,1,0,619,83,165,120,133,95,50,31,51,15,19,20,12,266,290,61,58.6,48.0,71.1,37.9,1022.8,10.0,6.9,12.0,24.1,0.0,,0,1,0,0
2021-05-16,1,5,2021,136,1,0,564,92,165,95,140,69,53,27,33,21,16,22,19,241,278,45,61.7,55.0,72.0,47.0,1021.1,10.0,3.5,8.0,,0.01,,0,0,0,0
2021-05-17,2,5,2021,137,0,0,602,78,156,104,116,73,69,50,40,13,18,28,12,248,292,57,63.5,55.0,72.0,48.7,1021.0,10.0,5.9,11.1,,0.0,,0,0,0,0
2021-05-18,3,5,2021,138,0,0,559,68,136,113,113,78,51,40,45,13,17,28,17,217,283,57,65.2,55.9,75.9,54.6,1022.1,10.0,8.8,18.1,24.1,0.0,,0,1,0,0
2021-05-19,4,5,2021,139,0,0,587,84,125,116,95,71,58,46,45,18,24,20,21,232,287,64,68.7,57.9,75.9,61.2,1021.1,9.6,9.5,15.9,26.0,0.07,,0,1,0,0
2021-05-20,5,5,2021,140,0,0,579,78,144,109,130,70,69,55,32,18,8,25,14,243,286,44,74.1,66.0,86.0,60.4,1022.6,10.0,9.2,17.1,25.1,0.04,,0,1,0,0
2021-05-21,6,5,2021,141,0,0,628,103,150,121,136,68,64,43,34,23,18,25,17,261,306,58,77.3,66.0,86.0,58.3,1024.7,10.0,8.9,15.0,25.1,0.0,,0,0,0,0
2021-05-22,7,5,2021,142,1,0,677,110,191,122,155,105,61,24,42,33,17,28,11,293,336,46,77.6,69.1,88.0,61.0,1026.1,10.0,5.1,11.1,19.0,0.0,,0,0,0,0
2021-05-23,1,5,2021,143,1,0,651,124,199,100,174,91,74,19,50,16,11,21,13,269,322,58,75.3,60.1,84.9,63.6,1022.0,9.9,6.9,11.1,14.0,0.0,,0,1,0,0
2021-05-24,2,5,2021,144,0,0,661,104,178,126,130,68,63,58,53,22,15,26,23,260,339,62,68.5,55.4,89.1,56.5,1019.4,7.3,6.1,12.0,20.0,0.02,,1,1,0,0
2021-05-25,3,5,2021,145,0,0,639,84,156,119,124,102,66,58,47,16,13,22,18,259,321,56,79.0,73.0,86.0,58.1,1015.1,10.0,10.4,21.0,32.1,0.0,,0,1,0,0
2021-05-26,4,5,2021,146,0,0,574,87,143,110,132,82,64,37,33,15,16,19,16,250,272,52,72.8,64.9,84.9,58.8,1014.2,9.0,10.7,21.0,26.0,0.77,,0,1,0,1
2021-05-27,5,5,2021,147,0,0,513,76,117,106,76,67,59,46,40,23,7,22,10,199,247,66,57.3,50.0,82.0,45.3,1019.3,9.9,13.3,20.0,28.9,0.74,,0,1,0,0
2021-05-28,6,5,2021,148,0,0,504,71,120,93,95,60,45,61,40,13,11,23,15,176,276,49,48.2,44.1,59.0,42.8,1014.7,8.4,18.4,27.0,35.0,0.24,,0,1,0,1
2021-05-29,7,5,2021,149,1,0,571,95,143,113,113,77,57,35,47,12,10,16,16,224,283,59,51.4,44.1,60.1,31.4,1021.9,9.8,13.1,18.1,28.9,0.29,,0,1,0,0
2021-05-30,1,5,2021,150,1,0,591,102,148,101,130,74,56,35,39,20,17,27,10,254,285,51,55.7,42.1,69.1,32.7,1024.8,10.0,4.8,11.1,,0.0,,0,0,0,0
2021-05-31,2,5,2021,151,0,0,546,104,138,75,120,79,50,33,55,16,11,19,12,247,251,46,62.7,42.1,70.0,40.5,1023.9,10.0,6.0,13.0,17.1,0.0,,0,0,0,0
2021-06-01,3,6,2021,152,0,0,724,99,190,111,118,77,72,110,66,14,14,24,17,246,413,52,63.2,50.0,77.0,46.1,1022.6,9.7,3.9,11.1,,0.0,,0,0,0,0
2021-06-02,4,6,2021,153,0,0,601,88,120,112,115,92,55,53,50,18,13,25,12,249,281,66,67.3,50.0,78.1,47.5,1017.0,10.0,5.2,9.9,14.0,0.0,,0,0,0,0
2021-06-03,5,6,2021,154,0,0,628,70,129,145,114,57,49,72,49,17,22,29,19,261,301,62,70.7,55.9,87.1,48.9,1011.9,9.9,4.4,8.9,,0.0,,0,0,0,0
2021-06-04,6,6,2021,155,0,0,605,65,126,131,108,55,55,58,41,10,20,30,35,234,326,43,79.8,71.1,90.0,50.4,1011.8,10.0,8.6,15.9,25.1,0.0,,0,1,0,0
2021-06-05,7,6,2021,156,1,0,612,99,157,98,140,86,72,26,41,10,11,23,22,269,289,54,80.6,69.1,91.9,54.8,1011.8,10.0,10.7,17.1,22.9,0.0,,0,0,0,0
2021-06-06,1,6,2021,157,1,0,719,88,207,112,184,109,65,41,44,16,14,33,20,321,327,66,81.5,69.1,91.9,59.2,1012.0,10.0,10.2,15.9,28.9,0.0,,0,0,0,0
2021-06-07,2,6,2021,158,0,0,653,74,164,117,132,78,70,69,39,14,27,34,16,235,352,63,77.5,72.0,89.1,67.5,1012.4,9.9,7.3,9.9,15.9,0.0,,0,1,0,0
2021-06-08,3,6,2021,159,0,0,682,79,169,143,139,86,78,52,44,15,12,26,15,264,351,65,77.5,71.1,91.0,67.8,1014.7,9.8,3.5,8.0,,0.0,,0,1,0,0
2021-06-09,4,6,2021,160,0,0,609,61,141,99,110,80,68,71,46,12,12,28,20,251,300,56,79.9,71.1,91.0,66.7,1015.7,10.0,4.4,9.9,17.1,0.01,,0,0,0,0
2021-06-10,5,6,2021,161,0,0,629,82,137,108,121,80,67,50,46,15,16,41,23,250,326,51,77.3,66.0,90.0,65.0,1014.0,10.0,5.1,9.9,,0.0,,0,0,0,0
2021-06-11,6,6,2021,162,0,0,665,95,167,131,155,63,61,62,57,13,20,33,15,245,349,71,81.2,66.0,91.9,66.3,1010.0,10.0,4.0,8.9,,0.0,,0,0,0,0
2021-06-12,7,6,2021,163,1,0,603,74,164,135,137,78,47,29,40,8,22,18,22,240,300,63,79.9,68.0,93.0,67.8,1009.7,9.3,4.8,20.0,35.0,0.0,,0,1,0,1
2021-06-13,1,6,2021,164,1,0,673,82,179,120,166,81,56,43,59,12,16,24,28,297,315,60,77.9,66.0,93.0,58.8,1013.3,10.0,6.1,8.9,14.0,1.5,,0,0,0,0
2021-06-14,2,6,2021,165,0,0,657,85,150,129,132,74,60,73,44,13,25,24,18,247,337,69,75.3,64.9,87.1,52.8,1012.8,10.0,10.4,19.0,24.1,0.0,,0,0,0,0
2021-06-15,3,6,2021,166,0,0,619,80,142,99,119,73,83,60,41,27,14,20,16,247,319,52,70.5,62.1,82.9,52.7,1017.7,10.0,7.1,14.0,20.0,0.0,,0,0,0,0
2021-06-16,4,6,2021,167,0,0,597,81,156,99,122,80,66,57,55,23,19,21,11,228,319,50,67.1,55.9,77.0,44.9,1019.3,10.0,7.5,15.0,15.9,0.0,,0,0,0,0
2021-06-17,5,6,2021,168,0,0,564,76,118,110,96,67,54,45,41,25,14,29,27,247,266,47,71.5,55.9,88.0,46.0,1015.3,10.0,5.7,15.0,21.0,0.0,,0,1,0,1
2021-06-18,6,6,2021,169,0,0,642,98,123,126,110,75,52,46,64,23,25,27,19,269,311,61,80.9,57.9,90.0,62.5,1008.3,10.0,8.7,28.9,40.0,0.24,,0,1,0,1
2021-06-19,7,6,2021,170,1,0,716,124,183,122,169,91,59,30,62,23,15,27,21,340,319,56,79.5,66.9,90.0,62.2,1007.4,10.0,7.8,18.1,26.0,0.01,,0,0,0,0
2021-06-20,1,6,2021,171,1,0,711,128,203,106,189,71,65,39,61,31,14,23,19,295,355,59,72.3,62.1,90.0,63.0,1005.9,9.8,5.7,12.0,,0.0,,0,1,0,0
2021-06-21,2,6,2021,172,0,0,604,71,150,111,128,69,63,68,36,12,20,28,14,230,343,30,69.8,62.1,82.0,57.8,1003.9,9.4,10.7,26.0,34.0,1.85,,0,1,0,1
2021-06-22,3,6,2021,173,0,0,635,81,124,108,104,81,73,62,54,25,10,38,22,286,293,52,62.9,54.0,73.0,44.8,1014.0,10.0,7.7,15.9,22.9,0.0,,0,0,0,0
2021-06-23,4,6,2021,174,0,0,588,66,145,107,119,70,89,44,38,11,14,26,13,242,281,63,68.9,54.0,79.0,52.0,1015.4,10.0,10.1,19.0,29.9,0.0,,0,1,0,0
2021-06-24,5,6,2021,175,0,0,586,76,142,115,97,88,64,43,45,20,25,27,18,226,306,53,71.9,64.9,79.0,57.8,1014.5,9.0,11.0,17.1,27.0,0.02,,0,1,0,1
2021-06-25,6,6,2021,176,0,0,547,70,112,83,103,70,49,48,42,17,21,29,21,222,275,47,72.0,68.0,75.9,69.1,1011.9,7.9,9.2,15.9,26.0,1.49,,0,1,0,1
2021-06-26,7,6,2021,177,1,0,565,71,138,139,117,81,50,18,38,7,11,26,25,230,279,56,75.0,70.0,82.0,70.5,1009.0,9.2,7.6,14.0,22.0,0.45,,0,1,0,1
2021-06-27,1,6,2021,178,1,0,690,78,176,137,161,94,68,32,38,13,11,36,19,328,307,52,76.5,70.0,82.9,69.2,1010.4,10.0,11.5,17.1,28.9,0.46,,0,1,0,0
2021-06-28,2,6,2021,179,0,0,648,71,136,131,130,71,71,58,40,14,25,29,18,256,324,65,71.9,66.0,82.9,65.2,1018.3,9.9,5.6,12.0,,0.0,,0,1,0,0
2021-06-29,3,6,2021,180,0,0,543,65,130,110,100,64,65,42,47,13,11,26,26,227,266,49,76.2,66.0,84.0,71.0,1019.7,9.5,5.9,11.1,17.1,0.17,,0,1,0,1
2021-06-30,4,6,2021,181,0,0,583,73,150,110,114,75,59,37,52,10,16,30,30,221,293,66,76.8,71.1,84.0,68.7,1018.3,9.7,4.9,15.0,22.9,0.29,,0,1,0,1
2021-07-01,5,7,2021,182,0,0,729,93,146,143,130,87,65,86,51,18,16,33,20,271,377,70,71.3,66.0,82.9,62.3,1016.2,10.0,10.3,18.1,25.1,0.29,,0,1,0,0
2021-07-02,6,7,2021,183,0,0,650,102,122,133,91,76,65,39,53,30,25,46,22,286,295,66,64.8,57.0,75.9,54.5,1018.5,10.0,7.7,14.0,,0.0,,0,0,0,0
2021-07-03,7,7,2021,184,1,0,667,111,150,103,135,93,59,43,56,16,19,28,29,300,295,70,70.4,57.0,86.0,55.1,1016.5,10.0,6.4,12.0,19.0,0.0,,0,0,0,0
2021-07-04,1,7,2021,185,1,1,690,121,184,107,188,113,65,18,44,18,14,16,22,324,308,58,79.1,59.0,89.1,64.3,1013.5,10.0,6.4,11.1,15.0,0.0,,0,0,0,0
2021-07-05,2,7,2021,186,0,0,676,98,201,109,187,93,76,25,53,12,5,17,16,312,313,49,81.6,70.0,91.0,67.7,1013.9,10.0,10.2,18.1,26.0,0.0,,0,0,0,0
2021-07-06,3,7,2021,187,0,0,564,74,139,114,105,84,63,53,32,9,12,20,23,234,283,45,83.4,73.0,91.0,67.7,1015.1,10.0,9.6,13.0,22.9,0.0,,0,0,0,0
2021-07-07,4,7,2021,188,0,0,610,80,142,112,124,69,76,54,38,15,18,17,20,237,322,46,80.5,73.0,91.0,67.6,1012.7,10.0,7.3,18.1,25.1,0.0,,0,0,0,0
2021-07-08,5,7,2021,189,0,0,581,55,129,125,89,92,61,40,38,7,20,29,30,230,297,51,66.7,63.0,89.1,61.1,1012.3,10.0,7.1,12.0,,0.0,,0,1,0,0
2021-07-09,6,7,2021,190,0,0,612,63,132,125,93,88,63,44,46,11,21,29,23,253,290,68,66.4,59.0,75.9,53.7,1016.8,10.0,6.8,11.1,15.9,0.0,,0,0,0,0
2021-07-10,7,7,2021,191,1,0,620,79,149,124,148,58,48,33,40,9,18,45,20,259,299,60,69.3,59.0,75.9,57.7,1015.6,10.0,7.5,13.0,15.9,0.0,,0,1,0,0
2021-07-11,1,7,2021,192,1,0,537,61,144,84,132,80,58,29,32,7,11,22,22,208,282,45,67.8,63.0,75.9,63.2,1013.1,8.8,11.5,15.9,26.0,0.15,,0,1,0,0
2021-07-12,2,7,2021,193,0,0,582,62,142,118,107,64,68,47,47,11,15,17,26,210,318,50,69.7,66.0,73.9,63.5,1015.9,10.0,8.1,14.0,18.1,0.05,,0,1,0,0
2021-07-13,3,7,2021,194,0,0,616,83,119,137,99,86,56,47,40,18,23,29,21,253,300,60,71.1,66.9,80.1,66.6,1015.6,6.6,5.5,9.9,,0.04,,0,1,0,0
2021-07-14,4,7,2021,195,0,0,574,54,134,105,103,80,59,54,50,20,14,27,21,212,311,50,76.3,68.0,84.0,66.5,1018.3,10.0,6.8,13.0,20.0,0.0,,0,1,0,0
2021-07-15,5,7,2021,196,0,0,532,66,123,112,106,57,50,46,35,12,13,18,32,202,284,41,75.4,69.1,84.0,68.4,1014.0,9.8,9.9,15.9,28.9,0.12,,0,1,0,0
2021-07-16,6,7,2021,197,0,0,612,58,135,129,117,88,68,33,43,11,19,35,19,259,295,55,68.9,64.9,79.0,64.5,1015.3,8.7,9.1,15.0,,1.04,,0,1,0,0
2021-07-17,7,7,2021,198,1,0,627,64,145,122,132,80,60,41,34,8,33,28,29,273,291,62,70.6,64.0,77.0,62.5,1017.7,10.0,9.8,15.9,22.9,0.04,,0,1,0,0
2021-07-18,1,7,2021,199,1,0,592,73,153,96,143,85,68,20,26,9,24,29,20,260,283,49,72.7,63.0,82.0,62.0,1021.7,10.0,7.7,12.0,15.0,0.0,,0,0,0,0
2021-07-19,2,7,2021,200,0,0,570,61,135,118,116,76,46,49,30,8,16,28,25,230,283,56,73.4,63.0,84.9,62.6,1021.4,10.0,5.5,8.9,,0.0,,0,0,0,0
2021-07-20,3,7,2021,201,0,0,579,55,134,123,91,77,66,45,37,8,19,32,25,222,289,68,76.2,64.0,88.0,62.7,1018.1,10.0,6.4,15.9,18.1,0.0,,0,0,0,0
2021-07-21,4,7,2021,202,0,0,576,60,125,121,126,74,62,49,34,14,13,19,14,229,288,56,69.6,64.9,88.0,62.0,1019.4,8.7,8.8,12.0,,0.0,,0,0,0,0
2021-07-22,5,7,2021,203,0,0,605,84,155,138,127,67,61,53,40,12,10,21,11,222,310,70,72.2,64.0,86.0,64.1,1021.0,9.2,3.8,9.9,,0.0,,0,0,0,0
2021-07-23,6,7,2021,204,0,0,633,70,158,134,122,82,65,39,43,12,23,33,30,272,291,67,80.5,64.0,89.1,69.9,1018.6,6.7,6.6,9.9,15.0,0.0,,0,0,0,0
2021-07-24,7,7,2021,205,1,0,614,59,147,123,152,88,61,26,32,5,22,29,17,240,308,65,82.0,73.9,91.9,71.4,1012.9,7.1,9.4,28.0,35.0,0.0,,0,1,0,1
2021-07-25,1,7,2021,206,1,0,643,86,175,112,153,88,78,21,43,7,13,30,27,269,303,70,81.5,72.0,91.9,64.4,1012.3,10.0,4.6,8.9,,0.12,,0,0,0,0
2021-07-26,2,7,2021,207,0,0,639,77,153,116,127,81,60,64,41,16,20,23,26,244,330,63,81.6,70.0,93.9,57.9,1015.0,10.0,3.7,7.0,,0.0,,0,0,0,0
2021-07-27,3,7,2021,208,0,0,626,66,121,119,122,80,60,56,39,19,23,31,26,272,302,49,80.2,70.0,93.9,63.7,1016.3,10.0,5.9,14.0,19.0,0.0,,0,0,0,0
2021-07-28,4,7,2021,209,0,0,598,92,142,110,126,79,58,41,28,21,25,23,22,236,289,70,81.0,70.0,88.0,70.4,1015.7,10.0,6.1,21.0,28.0,0.21,,0,1,0,1
2021-07-29,5,7,2021,210,0,0,715,75,122,201,126,81,73,65,27,20,13,28,31,366,271,73,81.7,70.0,89.1,71.9,1012.3,9.9,9.8,28.9,42.0,0.17,,0,1,0,1
2021-07-30,6,7,2021,211,0,0,649,63,104,219,100,62,65,50,36,6,19,20,19,307,275,65,70.3,66.0,89.1,58.6,1018.9,10.0,11.6,17.1,22.0,0.0,,0,0,0,0
2021-07-31,7,7,2021,212,1,0,790,80,161,233,171,82,73,39,32,10,20,37,24,388,335,67,69.4,61.0,80.1,56.9,1017.4,10.0,4.3,12.0,,0.0,,0,1,0,0
2021-08-01,1,8,2021,213,1,0,784,85,195,182,152,86,69,83,50,12,24,24,21,325,390,60,71.8,62.1,80.1,60.1,1015.2,8.3,9.0,15.0,21.0,0.0,,0,0,0,0
2021-08-02,2,8,2021,214,0,0,607,66,151,112,124,80,59,54,39,10,22,31,19,237,302,66,68.7,60.1,78.1,55.7,1020.2,10.0,5.9,15.0,,0.0,,0,0,0,0
2021-08-03,3,8,2021,215,0,0,546,53,130,100,116,89,63,42,31,10,7,18,20,228,264,51,71.6,60.1,82.9,54.0,1018.9,10.0,3.5,9.9,,0.0,,0,0,0,0
2021-08-04,4,8,2021,216,0,0,594,87,131,117,100,69,64,50,38,24,21,22,26,255,283,52,74.8,62.1,84.9,55.6,1018.8,10.0,2.7,8.9,,0.0,,0,0,0,0
2021-08-05,5,8,2021,217,0,0,586,63,137,118,126,78,60,45,36,18,20,28,13,230,299,54,76.0,64.0,87.1,56.5,1018.5,9.3,6.0,12.0,19.0,0.0,,0,0,0,0
2021-08-06,6,8,2021,218,0,0,596,69,129,111,117,63,62,49,41,12,27,30,26,245,302,48,77.0,66.0,87.1,61.8,1014.9,10.0,9.0,13.0,21.0,0.0,,0,0,0,0
2021-08-07,7,8,2021,219,1,0,616,63,136,134,139,82,65,26,42,7,15,27,25,275,291,48,76.2,66.0,89.1,66.7,1014.0,9.3,6.4,19.0,33.0,0.19,,0,1,0,1
2021-08-08,1,8,2021,220,1,0,622,68,164,109,167,87,64,29,23,11,19,21,39,292,279,50,82.8,66.0,91.9,69.4,1011.3,9.5,9.9,20.0,40.0,0.0,,0,1,0,1
2021-08-09,2,8,2021,221,0,0,570,52,119,118,109,80,50,49,37,5,22,25,30,225,295,47,74.6,70.0,91.9,68.6,1010.8,9.7,10.0,17.1,32.1,0.03,,0,1,0,1
2021-08-10,3,8,2021,222,0,0,538,51,129,98,103,71,67,40,34,9,29,26,16,210,284,40,81.0,70.0,93.0,74.0,1011.1,9.5,6.6,15.0,24.1,0.64,,0,1,0,1
2021-08-11,4,8,2021,223,0,0,552,63,119,119,102,82,50,42,30,13,30,25,15,212,282,55,77.8,70.0,93.0,70.3,1009.8,9.5,10.3,25.1,49.9,0.38,,0,1,0,1
2021-08-12,5,8,2021,224,0,0,535,57,111,119,95,63,58,43,34,14,24,23,19,220,254,60,80.1,72.0,88.0,70.7,1011.1,10.0,10.2,17.1,39.0,0.09,,0,1,0,1
2021-08-13,6,8,2021,225,0,0,566,61,112,127,109,60,55,52,41,12,15,25,15,197,300,67,75.9,72.0,84.9,62.4,1016.5,10.0,5.7,9.9,,0.0,,0,0,0,0
2021-08-14,7,8,2021,226,1,0,612,75,148,122,130,78,54,28,42,7,21,41,19,279,273,57,72.9,62.1,84.0,52.5,1022.7,10.0,6.5,9.9,,0.0,,0,0,0,0
2021-08-15,1,8,2021,227,1,0,599,70,155,100,152,68,56,33,30,12,17,39,27,276,275,46,70.6,60.1,80.1,51.5,1023.3,10.0,4.6,11.1,17.1,0.0,,0,0,0,0
2021-08-16,2,8,2021,228,0,0,609,81,150,124,114,60,64,52,36,13,15,34,20,240,309,58,72.3,60.1,80.1,56.5,1019.2,10.0,5.4,11.1,15.0,0.0,,0,0,0,0
2021-08-17,3,8,2021,229,0,0,593,82,137,115,117,60,53,66,43,18,17,30,16,227,300,65,74.2,63.0,84.0,61.2,1016.7,10.0,4.2,8.9,,0.0,,0,0,0,0
2021-08-18,4,8,2021,230,0,0,523,43,105,113,104,77,54,38,26,11,17,29,15,216,246,58,77.2,66.0,86.0,68.6,1017.4,9.7,5.8,8.9,,0.0,,0,0,0,0
2021-08-19,5,8,2021,231,0,0,560,39,144,138,111,74,60,37,32,2,17,31,16,216,295,47,79.2,70.0,88.0,69.9,1017.8,9.5,5.0,13.0,,0.0,,0,0,0,1
2021-08-20,6,8,2021,232,0,0,607,67,115,146,100,81,48,49,45,7,21,34,18,244,308,55,79.8,70.0,91.0,69.1,1014.4,8.8,4.8,9.9,,0.0,,1,0,0,0
2021-08-21,7,8,2021,233,1,0,684,69,157,146,154,88,68,33,39,9,17,45,20,288,335,60,79.7,70.0,91.0,69.1,1010.6,9.1,7.2,18.1,28.9,0.0,,0,1,0,1
2021-08-22,1,8,2021,234,1,0,611,64,149,137,145,81,62,28,25,11,16,25,18,261,292,57,76.3,70.0,88.0,66.8,1013.8,10.0,7.2,12.0,18.1,0.6,,0,0,0,0
2021-08-23,2,8,2021,235,0,0,638,81,136,124,113,76,63,55,41,17,30,32,21,248,312,76,75.1,66.9,87.1,65.6,1014.7,10.0,5.2,9.9,15.9,0.0,,0,0,0,0
2021-08-24,3,8,2021,236,0,0,565,70,142,121,110,83,51,39,32,14,17,38,16,226,280,55,82.5,66.9,95.0,72.1,1013.7,9.7,6.8,19.0,39.0,0.0,,0,1,0,1
2021-08-25,4,8,2021,237,0,0,573,70,118,135,92,72,57,61,38,15,13,19,20,190,320,59,78.7,71.1,95.0,70.8,1016.3,9.5,6.4,21.0,31.1,1.91,,0,1,0,1
2021-08-26,5,8,2021,238,0,0,585,57,122,136,107,69,72,44,47,10,12,20,21,244,282,57,77.4,70.0,93.9,69.5,1019.3,9.6,4.8,9.9,17.1,0.39,,0,1,0,1
2021-08-27,6,8,2021,239,0,0,674,88,157,149,121,78,80,43,40,15,20,34,28,291,311,68,80.7,70.0,91.0,70.0,1016.8,10.0,4.8,9.9,15.0,0.0,,0,0,0,0
2021-08-28,7,8,2021,240,1,0,621,63,161,142,142,69,64,22,36,7,13,35,21,284,289,48,83.6,73.0,91.9,72.8,1016.9,10.0,7.8,12.0,21.0,0.0,,0,0,0,0
2021-08-29,1,8,2021,241,1,0,651,61,184,114,164,88,70,22,38,4,19,38,28,312,283,55,81.5,73.9,91.9,71.7,1015.5,10.0,9.4,20.0,28.9,0.0,,0,1,0,1
2021-08-30,2,8,2021,242,0,0,618,52,148,121,131,75,68,48,41,9,19,28,22,249,311,55,76.2,66.9,89.1,63.1,1014.4,10.0,4.8,8.9,,0.28,,0,0,0,0
2021-08-31,3,8,2021,243,0,0,600,70,136,144,142,56,42,40,29,19,23,34,25,247,298,53,74.7,66.0,84.9,58.9,1010.8,10.0,4.9,12.0,,0.0,,0,0,0,0
2021-09-01,4,9,2021,244,0,0,761,76,152,142,114,86,79,116,57,13,25,37,23,269,421,59,73.2,66.9,82.0,58.7,1012.6,10.0,11.4,15.9,22.0,0.0,,0,1,0,0
2021-09-02,5,9,2021,245,0,0,554,68,122,98,119,62,71,42,32,11,15,24,14,221,268,61,69.5,62.1,78.1,55.6,1018.5,10.0,5.8,14.0,,0.0,,0,0,0,0
2021-09-03,6,9,2021,246,0,0,645,70,123,149,115,70,61,54,41,13,19,32,27,270,301,72,69.7,62.1,78.1,56.6,1018.6,10.0,5.9,8.9,,0.0,,0,1,0,0
2021-09-04,7,9,2021,247,1,0,669,82,134,144,140,95,68,34,43,7,20,35,29,294,313,58,70.1,64.0,75.0,60.2,1013.2,9.9,7.1,14.0,18.1,0.01,,0,1,0,0
2021-09-05,1,9,2021,248,1,0,673,92,168,136,159,96,58,30,38,10,15,32,19,313,297,62,69.5,60.1,82.0,56.3,1011.5,10.0,7.1,12.0,24.1,0.0,,0,1,0,0
2021-09-06,2,9,2021,249,0,0,630,81,174,115,146,77,73,32,27,4,20,30,25,264,305,59,72.0,60.1,82.0,53.0,1012.6,10.0,4.9,9.9,,0.0,,0,0,0,0
2021-09-07,3,9,2021,250,0,0,568,62,129,107,103,79,60,39,33,9,27,26,19,226,296,44,72.3,61.0,88.0,61.0,1008.4,10.0,9.0,19.0,29.9,0.0,,0,1,0,1
2021-09-08,4,9,2021,251,0,0,580,74,109,123,111,66,73,45,34,11,18,28,24,250,271,56,69.7,59.0,88.0,52.5,1008.1,10.0,8.7,15.9,27.0,0.0,,0,0,0,0
2021-09-09,5,9,2021,252,0,0,614,68,128,121,131,59,64,48,36,9,27,27,24,229,332,51,66.9,57.9,79.0,51.2,1014.0,10.0,5.8,8.9,,0.0,,0,0,0,0
2021-09-10,6,9,2021,253,0,0,676,73,122,147,137,75,73,42,43,13,16,38,18,280,315,79,68.5,57.9,80.1,52.4,1017.2,10.0,4.4,11.1,18.1,0.0,,0,0,0,0
2021-09-11,7,9,2021,254,1,0,656,71,167,122,142,80,72,29,31,6,25,39,29,260,336,59,73.6,59.0,87.1,59.2,1013.4,10.0,7.5,13.0,20.0,0.0,,0,0,0,0
2021-09-12,1,9,2021,255,1,0,674,78,168,119,157,95,73,24,46,5,20,32,32,295,303,73,78.8,64.9,87.1,64.5,1013.1,10.0,8.8,13.0,20.0,0.0,,0,0,0,0
2021-09-13,2,9,2021,256,0,0,687,85,159,137,139,71,77,55,37,11,23,35,35,271,336,78,74.6,68.0,88.0,65.6,1016.2,10.0,6.3,13.0,,0.0,,0,0,0,0
2021-09-14,3,9,2021,257,0,0,645,71,146,113,115,83,86,44,58,13,25,27,14,254,328,61,77.1,68.0,88.0,65.8,1010.0,9.5,10.5,18.1,25.1,0.0,,0,0,0,0
2021-09-15,4,9,2021,258,0,0,664,72,124,155,123,76,61,65,45,10,25,24,29,251,342,66,68.4,59.0,86.0,53.4,1014.5,10.0,6.5,15.9,22.9,0.0,,0,0,0,0
2021-09-16,5,9,2021,259,0,0,674,65,135,144,142,80,72,48,44,5,28,31,22,270,331,70,68.7,57.0,82.0,51.4,1018.2,10.0,4.5,11.1,14.0,0.0,,0,0,0,0
2021-09-17,6,9,2021,260,0,0,618,63,120,128,135,75,71,32,32,5,18,38,28,277,271,70,74.8,57.0,89.1,57.8,1017.3,10.0,6.3,15.9,27.0,0.0,,0,1,0,1
2021-09-18,7,9,2021,261,1,0,659,59,151,131,153,97,56,32,43,4,21,31,28,289,313,55,71.4,64.0,89.1,62.2,1020.9,9.9,8.6,13.0,15.9,0.45,,0,1,0,1
2021-09-19,1,9,2021,262,1,0,710,74,188,128,169,101,83,31,31,9,17,47,37,311,336,62,73.6,64.0,89.1,62.3,1019.0,10.0,4.5,11.1,,0.0,,0,0,0,0
2021-09-20,2,9,2021,263,0,0,656,63,142,127,115,77,70,55,41,6,25,42,37,267,325,56,75.7,64.0,89.1,66.9,1013.3,9.4,7.7,13.0,22.9,0.0,,0,1,0,1
2021-09-21,3,9,2021,264,0,0,630,60,126,147,106,62,58,51,49,7,28,35,23,234,327,64,69.0,61.0,82.0,62.2,1014.1,9.2,11.3,15.9,31.1,0.23,,0,1,0,1
2021-09-22,4,9,2021,265,0,0,626,57,111,136,89,69,65,47,43,17,30,37,36,239,318,66,59.7,55.9,75.9,50.4,1019.7,9.4,13.9,21.0,28.9,0.42,,0,1,0,0
2021-09-23,5,9,2021,266,0,0,621,66,132,159,104,68,68,44,38,8,22,37,18,252,303,60,58.0,51.1,66.9,42.0,1015.4,10.0,11.6,14.0,24.1,0.4,,0,0,0,0
2021-09-24,6,9,2021,267,0,0,596,52,103,137,118,65,46,38,32,10,24,38,21,251,278,64,62.7,51.1,79.0,44.0,1013.5,10.0,9.0,19.0,32.1,0.0,,0,0,0,0
2021-09-25,7,9,2021,268,1,0,637,68,134,146,120,71,58,39,32,14,23,38,25,259,316,61,61.4,50.0,79.0,45.9,1014.1,9.8,9.8,15.9,25.1,0.12,,0,1,0,0
2021-09-26,1,9,2021,269,1,0,618,62,150,107,150,77,61,22,38,8,24,35,32,292,280,42,66.1,50.0,82.9,41.2,1013.6,10.0,9.5,17.1,29.9,0.0,,0,0,0,0
2021-09-27,2,9,2021,270,0,0,632,74,143,127,113,66,82,53,42,9,22,36,24,243,312,71,73.4,54.0,87.1,54.5,1008.3,10.0,10.3,18.1,22.9,0.0,,0,0,0,0
2021-09-28,3,9,2021,271,0,0,666,73,131,128,123,91,77,46,42,17,20,36,31,287,307,69,65.9,60.1,87.1,54.7,1014.1,10.0,9.6,17.1,,0.0,,0,0,0,0
2021-09-29,4,9,2021,272,0,0,646,68,129,144,121,70,74,47,39,12,27,31,25,243,348,55,67.0,55.0,82.0,54.5,1016.8,10.0,4.8,8.9,,0.0,,0,0,0,0
2021-09-30,5,9,2021,273,0,0,614,81,120,136,121,59,49,50,45,15,19,38,25,221,312,77,68.7,55.0,82.0,55.0,1020.1,10.0,4.5,8.9,,0.0,,0,0,0,0
2021-10-01,6,10,2021,274,0,0,835,68,136,185,118,86,69,122,51,9,27,38,36,326,421,78,70.8,61.0,84.9,57.1,1021.1,10.0,4.2,8.9,,0.0,,0,0,0,0
2021-10-02,7,10,2021,275,1,0,700,67,151,154,144,73,57,33,37,16,33,53,33,319,312,68,72.7,61.0,84.9,61.5,1016.5,9.9,6.8,15.0,21.0,0.02,,0,1,0,0
2021-10-03,1,10,2021,276,1,0,693,72,173,148,151,87,75,29,29,4,13,46,35,326,325,41,70.6,66.0,80.1,65.6,1010.2,9.4,5.0,8.9,14.0,0.14,,0,1,0,1
2021-10-04,2,10,2021,277,0,0,625,80,138,110,125,80,79,41,38,16,15,42,17,265,279,74,66.9,64.0,75.9,62.5,1012.4,9.5,7.7,18.1,24.1,0.0,,0,1,0,0
2021-10-05,3,10,2021,278,0,0,636,63,110,152,104,76,73,45,37,13,24,41,25,249,326,58,65.6,64.0,73.0,60.8,1021.0,10.0,11.9,18.1,22.0,0.0,,0,1,0,0
2021-10-06,4,10,2021,279,0,0,667,74,134,131,127,78,76,58,32,16,23,33,27,269,315,81,65.6,64.0,68.0,61.9,1023.3,7.7,8.3,11.1,,0.0,,0,1,0,0
2021-10-07,5,10,2021,280,0,0,582,53,120,103,107,71,59,39,47,17,31,44,21,225,298,55,68.1,64.0,75.0,64.3,1019.8,7.2,6.7,12.0,25.1,0.03,,0,1,0,1
2021-10-08,6,10,2021,281,0,0,638,75,120,137,120,75,79,47,31,18,16,23,30,227,331,79,67.0,62.1,75.0,62.2,1015.9,8.4,2.7,9.9,,0.63,,0,1,0,1
2021-10-09,7,10,2021,282,1,0,648,76,145,133,138,75,57,31,45,11,27,43,23,290,293,63,69.4,62.1,80.1,61.9,1013.4,9.3,3.5,9.9,15.0,0.02,,0,1,0,0
2021-10-10,1,10,2021,283,1,0,641,59,156,126,167,79,70,24,42,5,17,33,20,254,322,65,73.0,64.0,80.1,63.9,1007.5,9.9,8.7,17.1,26.0,0.01,,0,1,0,0
2021-10-11,2,10,2021,284,0,0,566,70,122,124,116,61,42,26,40,10,22,39,27,224,279,62,72.2,66.0,79.0,63.7,1005.6,9.1,9.2,15.0,26.0,0.02,,0,1,0,1
2021-10-12,3,10,2021,285,0,0,634,65,114,123,123,77,65,41,39,14,29,33,33,270,312,49,63.0,61.0,77.0,60.0,1008.4,8.9,9.5,15.0,20.0,0.76,,0,1,0,0
2021-10-13,4,10,2021,286,0,0,605,62,118,136,105,85,60,44,45,12,20,32,20,243,296,64,60.0,53.1,71.1,55.0,1014.0,8.9,4.1,15.0,20.0,0.01,,0,1,0,1
2021-10-14,5,10,2021,287,0,0,607,57,122,127,123,58,71,40,42,13,25,35,27,237,315,53,66.7,53.1,71.1,58.3,1011.1,9.5,6.8,13.0,21.0,0.41,,0,1,0,0
2021-10-15,6,10,2021,288,0,0,632,64,130,161,108,66,65,40,40,5,30,37,30,259,321,50,57.7,52.0,71.1,48.7,1012.1,10.0,5.3,12.0,,0.1,,0,1,0,0
2021-10-16,7,10,2021,289,1,0,605,49,145,130,125,88,53,42,28,5,23,31,23,248,302,48,52.1,44.1,62.1,38.1,1014.8,10.0,8.9,14.0,24.1,0.02,,0,1,0,0
2021-10-17,1,10,2021,290,1,0,619,64,169,129,146,73,66,33,40,8,24,35,16,250,309,58,53.3,42.1,66.0,35.0,1019.1,10.0,6.9,11.1,18.1,0.0,,0,0,0,0
2021-10-18,2,10,2021,291,0,0,641,63,113,125,115,73,51,53,42,6,27,40,32,245,318,72,57.0,43.0,72.0,39.0,1019.6,10.0,3.7,8.9,15.0,0.0,,0,0,0,0
2021-10-19,3,10,2021,292,0,0,562,55,88,137,108,59,58,39,34,12,21,28,27,234,253,74,60.7,45.0,72.0,45.6,1018.5,10.0,6.6,12.0,20.0,0.0,,0,0,0,0
2021-10-20,4,10,2021,293,0,0,606,72,119,134,136,61,63,51,41,12,22,23,21,240,295,69,61.3,52.0,72.0,47.3,1016.7,10.0,6.8,14.0,19.0,0.0,,0,0,0,0
2021-10-21,5,10,2021,294,0,0,637,60,122,139,109,65,67,55,44,10,30,36,19,242,332,59,56.7,48.0,72.0,48.6,1011.3,9.9,10.1,15.9,24.1,0.0,,0,1,0,1
2021-10-22,6,10,2021,295,0,0,608,63,105,154,112,86,52,37,29,11,20,34,27,251,295,59,47.9,41.0,64.9,38.2,1017.3,10.0,5.4,9.9,,0.0,,0,1,0,0
2021-10-23,7,10,2021,296,1,0,645,74,138,147,126,83,47,39,30,4,26,39,37,263,313,64,47.4,39.0,55.9,33.6,1016.7,10.0,4.1,8.0,,0.0,,0,0,0,0
2021-10-24,1,10,2021,297,1,0,486,49,121,96,107,53,33,23,32,10,21,45,25,193,247,45,45.7,39.0,55.9,39.4,1015.4,8.7,5.5,20.0,29.9,0.0,,0,1,0,1
2021-10-25,2,10,2021,298,0,0,579,51,135,150,96,70,61,35,37,9,24,35,20,196,326,55,49.6,39.0,55.0,45.2,1010.3,7.4,19.4,26.0,40.0,2.26,,0,1,0,1
2021-10-26,3,10,2021,299,0,0,637,66,93,169,99,68,55,41,42,13,22,47,23,261,322,51,49.1,42.1,57.0,41.3,1018.6,10.0,8.0,9.9,,0.35,,0,0,0,0
2021-10-27,4,10,2021,300,0,0,605,57,114,143,102,59,59,41,42,10,26,40,31,223,309,71,47.1,37.9,57.0,38.1,1016.2,10.0,5.3,13.0,,0.0,,0,0,0,0
2021-10-28,5,10,2021,301,0,0,593,48,114,135,98,58,50,41,46,8,31,36,34,215,310,66,51.3,37.9,55.9,46.1,1006.1,9.0,8.9,13.0,,0.0,,0,1,0,0
2021-10-29,6,10,2021,302,0,0,611,64,108,129,110,66,56,44,37,6,30,51,33,250,309,49,54.3,48.0,57.0,52.3,1001.3,4.9,12.3,22.0,29.9,0.51,,0,1,0,0
2021-10-30,7,10,2021,303,1,0,618,86,124,139,123,61,63,27,37,9,23,34,35,256,300,61,54.4,51.1,59.0,48.8,1004.1,8.1,13.9,19.0,29.9,0.5,,0,1,0,0
2021-10-31,1,10,2021,304,1,0,659,74,134,121,170,96,42,21,35,14,35,36,30,298,309,51,48.7,45.0,59.0,41.1,1011.3,10.0,8.3,15.0,21.0,0.04,,0,0,0,0
2021-11-01,2,11,2021,305,0,0,708,61,153,144,105,80,51,87,62,8,19,30,34,234,412,53,41.4,35.1,53.1,28.1,1023.9,10.0,7.3,14.0,21.0,0.0,,0,0,0,0
2021-11-02,3,11,2021,306,0,0,603,62,108,127,109,62,65,44,35,12,26,33,35,216,329,57,39.6,32.0,48.9,25.2,1026.8,10.0,7.2,13.0,20.0,0.0,,0,0,0,0
2021-11-03,4,11,2021,307,0,0,594,63,122,139,120,65,66,44,20,10,21,36,27,219,320,54,36.9,28.9,46.9,24.4,1029.0,10.0,4.6,8.9,15.9,0.0,,0,0,0,0
2021-11-04,5,11,2021,308,0,0,575,58,98,97,101,62,71,46,35,13,27,42,26,217,297,60,37.8,28.9,46.9,24.3,1027.7,10.0,3.9,8.9,,0.0,,0,0,0,0
2021-11-05,6,11,2021,309,0,0,575,70,109,122,94,81,58,32,28,16,26,28,30,213,296,64,41.5,29.1,52.0,28.6,1027.0,10.0,6.5,12.0,19.0,0.0,,0,0,0,0
2021-11-06,7,11,2021,310,1,0,632,67,139,143,124,100,40,29,41,9,24,32,38,247,328,55,45.9,34.0,59.0,31.9,1023.0,10.0,7.7,12.0,21.0,0.0,,0,0,0,0
2021-11-07,1,11,2021,311,1,0,640,65,145,113,134,104,49,21,44,9,26,42,33,297,281,59,52.4,36.0,64.9,39.6,1020.0,9.9,8.1,14.0,22.9,0.0,,0,0,0,0
2021-11-08,2,11,2021,312,0,0,659,67,118,138,111,85,82,46,42,6,28,26,32,265,316,73,55.9,41.0,64.9,42.6,1018.2,10.0,9.2,14.0,22.9,0.0,,0,0,0,0
2021-11-09,3,11,2021,313,0,0,627,60,123,142,91,84,67,41,48,7,25,33,22,231,337,57,54.7,48.9,64.9,47.3,1020.4,9.4,7.1,13.0,20.0,0.0,,0,0,0,0
2021-11-10,4,11,2021,314,0,0,628,53,125,158,102,85,60,50,41,8,25,32,24,242,317,62,47.8,37.9,57.9,41.0,1020.5,9.7,6.1,13.0,,0.0,,0,1,0,0
2021-11-11,5,11,2021,315,0,1,569,59,101,127,89,66,54,33,27,14,34,44,25,231,279,58,52.7,37.9,71.1,45.4,1006.0,8.8,11.5,18.1,32.1,0.0,,0,1,0,0
2021-11-12,6,11,2021,316,0,0,552,66,104,128,73,59,42,49,47,17,28,45,23,224,271,54,40.6,35.1,57.0,31.9,1005.9,9.5,11.8,18.1,33.0,0.44,,0,1,1,0
2021-11-13,7,11,2021,317,1,0,589,89,124,134,98,74,58,27,40,13,21,33,24,227,300,59,37.1,35.1,43.0,30.8,1012.3,9.8,10.1,13.0,21.0,0.05,,0,1,1,0
2021-11-14,1,11,2021,318,1,0,559,83,124,123,97,74,61,14,32,9,17,33,35,237,264,58,35.6,33.1,39.0,29.9,1009.0,8.6,12.0,20.0,31.1,0.03,,0,1,1,0
2021-11-15,2,11,2021,319,0,0,598,58,129,115,84,72,62,53,42,12,24,47,34,217,310,65,32.9,30.0,37.0,23.5,1017.9,9.7,6.2,13.0,22.0,0.01,,0,0,1,0
2021-11-16,3,11,2021,320,0,0,598,68,100,148,100,65,69,53,19,14,22,33,15,230,303,62,37.7,30.0,48.9,30.3,1017.5,9.5,4.8,12.0,22.0,0.01,,0,0,0,0
2021-11-17,4,11,2021,321,0,0,533,61,82,130,81,55,41,55,30,12,19,33,19,186,286,57,54.7,46.9,61.0,49.4,1008.7,8.6,10.2,17.1,27.0,0.0,,0,1,0,0
2021-11-18,5,11,2021,322,0,0,579,76,121,120,104,58,49,47,39,15,32,39,23,207,319,52,36.9,32.0,61.0,22.9,1019.1,10.0,12.4,20.0,31.1,0.13,,0,0,1,0
2021-11-19,6,11,2021,323,0,0,576,72,109,138,111,63,51,32,37,6,26,43,21,240,285,50,32.8,26.1,39.9,18.7,1030.6,10.0,7.6,17.1,25.1,0.0,,0,0,1,0
2021-11-20,7,11,2021,324,1,0,613,92,134,141,119,81,47,42,34,17,24,33,21,232,321,57,39.7,27.1,50.0,26.1,1023.0,10.0,8.9,14.0,20.0,0.0,,0,0,0,0
2021-11-21,1,11,2021,325,1,0,586,62,155,97,137,76,49,20,38,2,21,53,37,257,289,40,43.5,35.1,55.0,32.4,1018.0,9.9,5.5,19.0,34.0,0.0,,0,1,0,0
2021-11-22,2,11,2021,326,0,0,546,78,113,114,101,55,54,42,34,8,32,25,20,183,298,60,31.2,23.0,55.0,10.0,1021.5,10.0,10.5,18.1,33.0,0.0,,0,0,0,0
2021-11-23,3,11,2021,327,0,0,504,62,96,123,90,52,36,40,25,7,31,29,25,190,267,45,31.7,24.1,43.0,11.5,1022.9,10.0,6.4,14.0,20.0,0.0,,0,0,0,0
2021-11-24,4,11,2021,328,0,0,600,59,116,165,103,58,48,47,38,15,23,34,19,211,326,63,41.9,24.3,53.1,26.4,1015.1,10.0,12.5,17.1,26.0,0.0,,0,0,0,0
2021-11-25,5,11,2021,329,0,1,411,39,138,59,106,66,44,9,28,3,22,27,19,153,226,31,44.1,30.0,53.1,37.4,1016.6,10.0,9.7,17.1,25.1,0.04,,0,1,0,0
2021-11-26,6,11,2021,330,0,0,545,69,129,131,96,64,40,51,32,8,19,24,26,197,299,44,24.7,19.0,30.0,10.1,1023.6,10.0,8.3,17.1,27.0,0.0,,0,0,0,0
2021-11-27,7,11,2021,331,1,0,550,73,115,135,91,62,44,27,23,5,24,48,27,210,292,47,33.7,19.0,42.1,21.0,1013.4,10.0,6.8,9.9,,0.0,,0,1,0,0
2021-11-28,1,11,2021,332,1,0,567,71,162,94,131,77,64,25,42,7,14,28,22,218,292,56,34.8,30.0,42.1,20.6,1015.1,10.0,10.3,15.9,27.0,0.0,,0,0,0,0
2021-11-29,2,11,2021,333,0,0,601,59,118,156,101,59,53,49,38,8,29,42,19,217,312,68,33.1,27.0,41.0,14.9,1017.8,10.0,6.2,17.1,27.0,0.0,,0,1,1,0
2021-11-30,3,11,2021,334,0,0,571,68,111,144,98,43,54,46,32,15,25,40,26,206,299,64,41.5,27.1,53.1,26.0,1013.5,10.0,8.5,13.0,19.0,0.0,,0,0,0,0
2021-12-01,4,12,2021,335,0,0,721,62,131,151,105,61,69,107,50,15,19,51,31,232,418,60,41.3,34.0,53.1,30.7,1015.6,9.9,5.4,13.0,21.0,0.0,,0,1,0,0
2021-12-02,5,12,2021,336,0,0,629,85,123,119,105,68,80,39,43,16,23,36,32,251,312,66,51.2,34.0,59.0,35.6,1007.5,9.9,11.0,19.0,28.0,0.0,,0,0,0,0
2021-12-03,6,12,2021,337,0,0,676,69,135,150,121,66,69,43,42,7,29,54,32,262,353,59,45.7,42.1,59.0,31.5,1016.6,10.0,4.8,8.9,,0.0,,0,1,0,0
2021-12-04,7,12,2021,338,1,0,605,81,116,129,114,66,46,37,32,7,30,36,41,244,306,53,37.6,30.9,51.1,25.3,1023.7,8.3,6.6,11.1,15.9,0.0,,1,0,0,0
2021-12-05,1,12,2021,339,1,0,556,57,148,106,118,64,56,17,42,3,21,42,28,205,292,57,37.6,32.0,44.1,20.0,1018.9,8.2,7.6,17.1,24.1,0.0,,0,1,1,0
2021-12-06,2,12,2021,340,0,0,559,45,120,132,106,60,51,36,27,10,17,32,40,190,316,52,34.6,24.1,41.0,24.0,1010.6,9.0,13.6,22.0,33.0,0.26,,0,1,1,0
2021-12-07,3,12,2021,341,0,0,526,53,105,120,107,62,46,52,22,10,19,29,22,177,295,51,18.3,12.9,37.9,0.2,1024.6,10.0,6.5,15.9,25.1,0.0,,0,0,1,0
2021-12-08,4,12,2021,342,0,0,604,65,117,125,97,73,52,41,51,10,26,42,32,207,333,62,28.3,12.9,35.1,13.0,1015.9,10.0,7.8,12.0,,0.0,,0,0,0,0
2021-12-09,5,12,2021,343,0,0,584,52,107,146,102,56,56,38,35,9,26,38,29,230,305,48,34.3,25.0,46.0,22.7,1011.9,9.9,7.3,14.0,21.0,0.0,,0,0,0,0
2021-12-10,6,12,2021,344,0,0,599,71,118,139,101,71,52,51,30,10,25,38,24,222,317,56,42.0,28.2,46.9,34.5,1009.5,9.1,6.7,14.0,20.0,0.0,,0,1,0,0
2021-12-11,7,12,2021,345,1,0,550,89,96,115,78,74,48,26,25,12,18,50,47,246,249,52,45.3,35.1,60.1,38.0,1000.4,8.5,13.8,27.0,47.0,0.84,,0,1,1,0
2021-12-12,1,12,2021,346,1,0,595,73,143,122,122,78,60,24,39,8,20,40,29,261,280,52,37.9,32.0,57.9,24.1,1018.2,10.0,10.6,17.1,26.0,0.0,,0,0,0,0
2021-12-13,2,12,2021,347,0,0,607,61,130,137,102,77,52,42,32,11,34,39,22,230,307,67,42.5,32.0,48.9,28.1,1020.5,10.0,10.8,18.1,27.0,0.0,,0,0,0,0
2021-12-14,3,12,2021,348,0,0,565,50,114,144,95,55,62,43,29,7,23,30,24,185,321,58,40.7,32.0,54.0,31.6,1026.3,9.9,3.7,9.9,,0.0,,0,0,0,0
2021-12-15,4,12,2021,349,0,0,632,44,114,152,86,69,65,43,38,9,34,36,44,220,347,63,56.2,48.9,64.9,50.1,1013.8,9.3,12.6,20.0,34.0,0.03,,0,1,0,0
2021-12-16,5,12,2021,350,0,0,606,55,106,136,100,70,48,41,29,14,35,31,48,209,335,56,51.5,37.9,66.2,41.0,1006.8,9.8,20.5,32.1,52.1,0.0,,0,1,0,0
2021-12-17,6,12,2021,351,0,0,574,68,127,156,111,50,55,28,38,7,20,28,24,197,315,61,32.9,27.0,37.9,20.4,1022.1,10.0,7.3,14.0,22.9,0.0,,0,0,0,0
2021-12-18,7,12,2021,352,1,0,577,89,120,121,114,69,48,18,37,16,32,41,26,215,311,50,37.2,27.1,39.9,30.4,1019.5,8.5,9.5,13.0,22.0,0.04,,0,1,1,0
2021-12-19,1,12,2021,353,1,0,511,74,126,94,111,57,41,29,42,7,23,28,26,175,282,51,32.4,28.0,39.9,22.3,1026.3,10.0,6.2,12.0,15.9,0.02,,0,0,0,0
2021-12-20,2,12,2021,354,0,0,543,58,141,133,95,56,51,39,42,4,27,33,24,176,307,58,34.1,28.9,42.1,26.2,1021.5,10.0,10.7,15.0,25.1,0.0,,0,0,0,0
2021-12-21,3,12,2021,355,0,0,512,62,123,116,101,58,45,36,30,6,19,26,21,169,282,57,32.4,23.0,42.1,23.4,1015.1,10.0,7.6,19.0,28.9,0.0,,0,0,0,0
2021-12-22,4,12,2021,356,0,0,483,52,103,133,87,41,31,37,29,10,16,26,39,154,281,47,26.4,19.0,39.9,11.5,1014.7,10.0,9.4,19.0,31.1,0.0,,0,0,0,0
2021-12-23,5,12,2021,357,0,0,538,66,116,131,92,65,45,40,20,7,20,40,29,169,306,62,34.1,19.9,46.0,21.9,1013.3,10.0,7.1,14.0,22.0,0.0,,0,0,0,0
2021-12-24,6,12,2021,358,0,0,484,42,129,127,101,59,38,44,25,0,18,27,16,159,274,49,42.6,27.1,55.0,38.3,1004.4,7.3,6.1,12.0,19.0,0.0,,1,0,0,0
2021-12-25,7,12,2021,359,1,1,469,44,153,66,125,67,45,23,27,2,28,29,16,161,271,36,49.1,34.0,57.0,40.2,1002.7,9.1,9.6,15.9,18.1,0.03,,0,1,0,0
2021-12-26,1,12,2021,360,1,0,447,45,133,87,109,52,43,37,29,4,18,23,11,128,266,50,34.8,26.1,55.0,27.7,1016.7,10.0,4.5,14.0,19.0,0.0,,0,0,0,0
2021-12-27,2,12,2021,361,0,0,511,45,119,107,103,58,50,42,17,11,17,39,30,205,261,44,39.9,26.2,46.0,35.3,1008.4,5.7,9.6,19.0,29.9,0.69,,1,1,0,1
2021-12-28,3,12,2021,362,0,0,459,42,97,105,70,75,51,38,22,7,16,28,17,174,238,45,33.7,30.0,46.0,26.8,1010.0,7.8,7.0,14.0,17.1,0.32,1.2,1,1,1,0
2021-12-29,4,12,2021,363,0,0,500,41,109,109,79,59,44,37,36,7,20,38,37,190,254,53,34.7,30.2,37.0,28.5,1010.1,6.6,6.3,11.1,,0.38,1.2,0,1,0,0
2021-12-30,5,12,2021,364,0,0,554,49,120,134,102,85,43,41,24,3,24,33,29,216,277,56,31.5,28.0,37.0,25.0,1012.8,8.1,5.2,9.9,,0.01,1.2,0,1,1,0
2021-12-31,6,12,2021,365,0,0,610,86,133,90,113,98,53,48,44,8,22,34,31,236,305,67,36.6,28.2,43.0,31.4,1008.7,7.0,5.7,14.0,24.1,0.0,,0,1,0,0
2022-01-01,7,1,2022,1,1,1,873,86,266,130,143,121,46,147,69,3,17,32,26,222,563,69,35.6,26.1,43.0,31.8,1008.2,3.9,15.0,22.9,32.1,0.0,1.2,1,1,1,0
2022-01-02,1,1,2022,2,1,0,410,38,88,86,74,54,34,33,23,3,10,37,20,126,236,43,23.7,19.0,39.0,17.5,1019.4,5.7,11.9,22.0,28.0,0.22,3.9,0,0,1,0
2022-01-03,2,1,2022,3,0,0,422,45,82,103,63,47,44,39,26,7,14,29,21,135,237,48,15.4,9.0,28.0,4.7,1027.4,10.0,6.6,13.0,,0.04,3.1,0,0,0,0
2022-01-04,3,1,2022,4,0,0,474,49,94,119,73,45,45,41,29,9,18,37,21,156,267,48,25.5,10.0,34.0,16.2,1019.7,10.0,9.6,15.9,24.1,0.0,3.1,0,0,0,0
2022-01-05,4,1,2022,5,0,0,421,46,88,102,76,32,25,39,32,6,15,39,21,135,247,37,23.8,12.0,35.1,15.0,1002.9,6.6,17.8,24.1,39.0,0.0,3.1,0,0,1,0
2022-01-06,5,1,2022,6,0,0,480,41,89,100,73,53,40,64,31,4,21,37,26,169,272,36,10.9,6.1,15.1,2.9,1017.7,9.7,11.2,15.9,27.0,0.0,3.1,0,0,1,0
2022-01-07,6,1,2022,7,0,0,485,65,102,99,75,60,44,45,40,9,8,37,22,169,277,36,6.1,-0.9,15.1,-3.1,1024.9,10.0,7.7,12.0,18.1,0.0,3.1,0,0,0,0
2022-01-08,7,1,2022,8,1,0,420,47,81,96,74,48,28,28,28,8,20,38,21,156,236,28,17.6,0.0,28.9,8.5,1024.5,9.2,9.4,17.1,25.1,0.0,3.1,0,1,0,0
2022-01-09,1,1,2022,9,1,0,421,50,110,86,86,38,44,29,30,5,16,30,30,133,243,42,27.7,12.9,34.0,19.5,1022.8,7.6,10.0,15.9,28.0,0.05,2.0,0,1,0,0
2022-01-10,2,1,2022,10,0,0,466,38,98,108,90,48,40,48,37,5,10,33,24,150,274,38,12.9,9.0,16.0,-1.4,1033.7,9.8,8.8,13.0,19.0,0.0,2.0,0,0,1,0
2022-01-11,3,1,2022,11,0,0,463,46,92,109,67,47,45,26,40,7,27,39,17,157,259,47,13.1,3.9,34.0,-2.3,1031.5,10.0,8.6,21.0,31.1,0.0,2.0,0,0,0,0
2022-01-12,4,1,2022,12,0,0,528,49,79,132,79,64,37,47,23,7,26,33,25,178,288,57,36.2,33.1,41.0,26.9,1015.6,10.0,9.7,20.0,33.0,0.0,1.2,0,1,0,0
2022-01-13,5,1,2022,13,0,0,564,60,103,129,96,46,60,50,30,13,22,42,25,212,289,57,35.5,28.9,41.0,29.7,1013.8,9.2,3.8,8.9,,0.0,1.2,0,0,0,0
2022-01-14,6,1,2022,14,0,0,611,66,125,140,99,74,57,45,43,5,32,41,23,215,334,59,33.4,29.1,39.9,27.2,1020.4,9.3,10.8,17.1,24.1,0.0,1.2,0,0,1,0
2022-01-15,7,1,2022,15,1,0,538,68,100,121,114,64,34,36,25,8,18,46,22,201,286,49,24.8,21.9,36.0,18.1,1027.1,8.2,14.4,19.0,24.1,0.03,,0,0,1,0
2022-01-16,1,1,2022,16,1,0,519,89,121,101,119,55,28,29,40,9,17,26,26,202,270,46,19.6,12.0,28.9,10.2,1019.2,9.9,3.4,8.9,,0.02,,0,0,0,0
2022-01-17,2,1,2022,17,0,0,491,53,113,106,84,45,54,35,31,8,22,43,32,188,256,45,25.1,12.9,28.9,17.4,1008.8,8.8,10.0,14.0,22.0,0.01,,0,0,1,0
2022-01-18,3,1,2022,18,0,0,616,64,126,136,106,56,56,59,47,12,19,49,21,235,328,52,28.4,19.9,44.1,20.8,1012.5,10.0,8.9,19.0,28.9,0.0,,0,0,0,0
2022-01-19,4,1,2022,19,0,0,538,49,100,121,91,48,55,60,43,7,20,36,11,177,307,49,30.1,16.0,44.1,20.1,1012.7,10.0,12.6,17.1,28.0,0.0,,0,0,0,0
2022-01-20,5,1,2022,20,0,0,502,71,102,118,79,57,40,51,32,9,18,31,18,172,279,45,12.3,7.0,19.0,-0.9,1033.1,10.0,9.4,14.0,20.0,0.0,,0,0,0,0
2022-01-21,6,1,2022,21,0,0,562,66,108,140,101,66,42,42,41,11,20,36,17,188,306,63,14.0,6.1,25.0,3.1,1035.5,10.0,5.4,9.9,15.9,0.0,,0,0,0,0
2022-01-22,7,1,2022,22,1,0,537,45,120,111,114,58,33,39,31,12,19,51,32,215,280,40,23.0,6.1,33.1,11.5,1025.4,10.0,11.4,17.1,26.0,0.01,,0,0,1,0
2022-01-23,1,1,2022,23,1,0,440,73,126,74,115,49,44,19,25,15,20,29,14,154,249,36,19.2,10.9,33.1,10.4,1015.6,6.5,10.1,17.1,24.1,0.25,3.1,1,0,1,0
2022-01-24,2,1,2022,24,0,0,456,62,112,95,84,40,38,47,32,12,19,22,22,131,272,52,16.6,7.0,26.1,9.3,1010.0,7.2,6.8,15.0,19.0,0.05,5.1,0,0,1,0
2022-01-25,3,1,2022,25,0,0,496,56,97,92,79,51,46,54,38,10,18,45,33,168,282,43,9.6,3.0,26.1,-1.2,1021.5,10.0,9.2,12.0,,0.1,5.1,0,0,0,0
2022-01-26,4,1,2022,26,0,0,495,55,95,106,100,38,44,39,36,14,16,37,25,182,269,43,2.2,-6.0,12.0,-10.2,1031.6,10.0,7.1,11.1,17.1,0.0,3.9,0,0,0,0
2022-01-27,5,1,2022,27,0,0,577,80,116,132,97,43,61,52,28,17,23,47,20,215,301,59,20.5,-4.0,32.0,8.0,1021.6,10.0,10.8,15.0,25.1,0.0,3.9,0,0,0,0
2022-01-28,6,1,2022,28,0,0,463,56,93,111,77,47,42,37,35,9,19,28,8,148,265,46,21.5,14.0,32.0,13.2,1025.0,6.6,9.0,14.0,,0.01,5.9,0,0,1,0
2022-01-29,7,1,2022,29,1,0,493,68,123,96,106,59,41,23,43,10,15,31,19,170,274,47,13.9,7.0,26.1,2.0,1024.1,10.0,6.3,8.9,,0.07,3.9,0,0,0,0
2022-01-30,1,1,2022,30,1,0,500,76,133,88,113,78,39,19,35,8,24,22,21,177,277,45,20.6,8.1,30.9,11.0,1013.6,10.0,5.9,8.9,,0.0,3.9,0,0,0,0
2022-01-31,2,1,2022,31,0,0,510,59,109,107,102,57,38,56,35,9,16,25,23,177,280,48,28.6,26.1,33.1,17.9,1019.6,9.5,5.5,14.0,20.0,0.0,3.9,0,0,0,0
2022-02-01,3,2,2022,32,0,0,669,78,138,131,118,61,47,89,62,15,20,24,30,207,395,60,37.0,26.1,46.0,26.5,1013.6,9.2,10.9,15.9,22.0,0.0,1.2,0,1,0,0
2022-02-02,4,2,2022,33,0,0,399,53,89,77,74,37,41,38,42,11,11,23,16,113,245,39,25.9,17.1,46.0,19.7,1021.6,4.5,10.6,19.0,25.1,0.16,5.9,1,1,1,0
2022-02-03,5,2,2022,34,0,0,489,82,95,95,82,46,57,42,29,21,23,25,23,169,271,46,18.0,16.0,33.1,9.9,1029.7,8.9,15.7,19.0,26.0,0.23,5.1,0,0,1,0
2022-02-04,6,2,2022,35,0,0,548,82,101,129,92,47,45,39,44,21,14,34,30,193,298,57,18.7,12.0,24.8,9.7,1028.5,9.7,8.7,19.0,,0.0,5.1,0,0,1,0
2022-02-05,7,2,2022,36,1,0,504,78,112,116,103,61,41,30,32,13,13,36,23,182,272,47,12.5,3.9,24.1,3.8,1029.7,8.9,9.1,17.1,27.0,0.01,5.1,0,0,1,0
2022-02-06,1,2,2022,37,1,0,497,82,101,100,101,55,40,28,35,16,10,34,20,194,264,38,22.3,5.0,33.1,11.4,1021.9,10.0,12.2,17.1,27.0,0.0,3.9,0,0,0,0
2022-02-07,2,2,2022,38,0,0,547,68,110,114,104,50,40,46,52,18,16,44,13,177,308,61,25.3,17.1,33.1,17.0,1021.1,9.0,9.3,12.0,21.0,0.0,3.1,0,0,1,0
2022-02-08,3,2,2022,39,0,0,596,87,118,143,102,57,69,30,48,15,15,32,24,237,294,63,24.0,18.0,37.0,14.4,1017.2,10.0,7.3,13.0,18.1,0.0,2.0,0,0,0,0
2022-02-09,4,2,2022,40,0,0,561,85,111,131,106,49,50,35,39,24,14,32,22,211,288,59,36.4,19.0,41.0,28.7,1006.4,10.0,10.3,15.9,26.0,0.0,1.2,0,1,1,0
2022-02-10,5,2,2022,41,0,0,589,94,88,149,86,52,56,46,36,23,24,48,19,230,301,58,31.8,26.6,37.9,22.8,1011.6,9.7,10.6,14.0,22.0,0.01,1.2,0,0,1,0
2022-02-11,6,2,2022,42,0,0,582,91,106,125,86,62,53,40,48,20,26,29,27,203,317,60,36.3,27.0,44.6,29.7,1003.8,9.0,13.7,22.0,34.0,0.08,1.2,0,1,1,0
2022-02-12,7,2,2022,43,1,0,580,84,124,131,102,60,62,28,33,18,21,37,28,227,310,41,21.6,12.9,44.1,9.5,1022.6,10.0,11.3,20.0,31.1,0.0,,0,0,1,0
2022-02-13,1,2,2022,44,1,0,479,57,133,106,96,57,51,23,31,7,16,29,19,178,253,45,15.5,12.0,28.9,3.1,1026.5,9.7,7.0,9.9,18.1,0.0,,0,0,1,0
2022-02-14,2,2,2022,45,0,0,567,68,135,120,124,50,46,42,43,13,15,34,33,209,305,49,16.9,12.9,26.1,3.2,1025.9,10.0,5.3,8.0,,0.0,,0,0,1,0
2022-02-15,3,2,2022,46,0,0,593,93,122,124,116,51,50,36,44,24,22,46,17,220,309,61,28.1,14.0,39.0,16.1,1028.0,9.9,7.1,13.0,21.0,0.0,,0,0,0,0
2022-02-16,4,2,2022,47,0,0,595,81,107,120,106,59,63,46,42,18,27,44,25,212,316,64,45.7,23.2,53.1,33.5,1012.1,10.0,14.2,19.0,34.0,0.0,,0,1,0,0
2022-02-17,5,2,2022,48,0,0,513,61,109,115,93,65,57,42,27,17,25,29,10,150,306,55,35.3,19.4,55.0,29.8,1012.3,6.4,15.5,26.0,34.0,0.97,3.1,1,1,1,0
2022-02-18,6,2,2022,49,0,0,517,72,99,92,92,54,46,40,45,19,19,38,20,187,277,52,17.0,7.0,41.0,6.1,1019.3,9.3,10.9,21.0,36.9,0.08,2.0,0,0,1,0
2022-02-19,7,2,2022,50,1,0,564,78,124,113,115,70,50,38,28,18,22,34,17,207,301,52,19.3,8.1,30.9,5.5,1023.3,10.0,14.6,21.0,40.0,0.0,2.0,0,0,1,0
2022-02-20,1,2,2022,51,1,0,497,80,132,104,98,48,43,25,43,14,12,30,28,200,252,44,29.5,10.9,46.9,16.6,1017.6,10.0,15.7,24.1,35.9,0.0,1.2,0,0,0,0
2022-02-21,2,2,2022,52,0,0,544,76,116,133,91,66,37,36,36,16,21,30,25,205,284,52,39.6,17.2,48.0,32.4,1014.0,9.4,8.1,12.0,,0.0,1.2,0,0,0,0
2022-02-22,3,2,2022,53,0,0,565,73,85,138,90,56,40,51,42,16,18,45,20,197,320,44,38.1,28.0,48.0,33.9,1008.2,5.1,8.4,15.9,26.0,0.12,,0,1,1,0
2022-02-23,4,2,2022,54,0,0,566,83,102,125,81,65,63,43,34,22,16,39,31,208,290,60,21.4,15.1,28.0,12.8,1029.0,9.2,10.5,17.1,26.0,0.75,,0,0,1,0
2022-02-24,5,2,2022,55,0,0,521,71,108,107,93,52,41,50,42,17,20,27,19,167,307,44,23.7,18.0,27.0,15.6,1030.6,8.9,10.6,17.1,24.1,0.0,,0,0,1,0
2022-02-25,6,2,2022,56,0,0,572,86,113,145,102,47,49,40,47,13,20,34,16,206,310,52,25.3,18.0,30.9,18.9,1028.3,6.2,6.7,12.0,20.0,0.18,1.2,0,0,1,0
2022-02-26,7,2,2022,57,1,0,531,72,118,125,95,40,46,26,41,15,21,33,30,199,274,55,20.8,12.9,30.9,12.1,1032.8,10.0,7.9,15.0,22.9,0.07,1.2,0,0,0,0
2022-02-27,1,2,2022,58,1,0,542,84,142,108,121,77,52,17,29,10,12,28,16,214,269,58,32.4,12.9,43.0,19.4,1024.2,10.0,9.4,15.9,24.1,0.0,1.2,0,0,0,0
2022-02-28,2,2,2022,59,0,0,567,66,98,115,91,60,58,55,36,17,17,45,15,225,284,54,36.7,27.0,53.1,24.3,1020.6,10.0,7.7,21.0,34.0,0.0,,0,0,0,0
2022-03-01,3,3,2022,60,0,0,689,82,121,154,93,64,52,95,49,26,12,40,21,241,383,57,44.4,27.1,54.0,31.5,1014.0,10.0,6.9,9.9,,0.0,,0,0,0,0
2022-03-02,4,3,2022,61,0,0,589,76,132,134,112,54,54,50,52,18,15,28,15,205,311,70,41.4,33.1,57.9,31.0,1018.0,10.0,5.9,11.1,,0.0,,0,0,0,0
2022-03-03,5,3,2022,62,0,0,606,83,116,150,114,58,47,58,40,18,21,42,17,236,304,60,33.9,28.9,57.9,22.2,1026.5,10.0,12.7,18.1,24.1,0.0,,0,0,0,0
2022-03-04,6,3,2022,63,0,0,648,79,96,162,90,82,43,60,47,25,22,32,23,256,321,70,33.0,28.0,41.0,17.3,1030.0,10.0,7.1,9.9,,0.0,,0,0,0,0
2022-03-05,7,3,2022,64,1,0,619,82,128,145,118,79,44,28,39,9,20,42,24,253,314,49,48.5,28.2,69.1,31.6,1015.5,10.0,9.3,15.9,28.9,0.0,,0,0,0,0
2022-03-06,1,3,2022,65,1,0,537,72,151,102,135,73,44,29,30,16,13,23,18,211,280,42,47.4,36.0,69.1,37.8,1010.8,9.7,17.4,28.9,56.9,0.12,,0,1,0,1
2022-03-07,2,3,2022,66,0,0,541,73,91,118,91,63,44,45,46,15,24,25,23,179,304,57,34.3,30.2,39.0,27.8,1015.9,6.5,9.5,15.9,24.1,0.24,1.2,1,1,1,0
2022-03-08,3,3,2022,67,0,0,588,84,119,142,93,52,61,46,38,26,18,38,17,225,298,64,32.1,27.0,39.0,20.2,1022.1,10.0,7.2,11.1,17.1,0.13,1.2,0,0,1,0
2022-03-09,4,3,2022,68,0,0,529,71,93,114,79,58,45,43,51,21,15,38,17,202,273,48,34.3,27.0,41.0,22.7,1016.4,10.0,7.3,14.0,20.0,0.0,1.2,0,0,0,0
2022-03-10,5,3,2022,69,0,0,585,68,113,134,119,52,43,55,49,21,20,34,12,187,341,56,27.8,21.9,41.0,14.8,1022.7,9.7,6.5,15.0,,0.0,,0,0,1,0
2022-03-11,6,3,2022,70,0,0,560,76,105,125,88,48,53,53,50,16,25,31,18,193,304,59,24.3,19.4,30.0,15.2,1018.5,7.0,7.8,17.1,28.0,0.03,1.2,0,0,1,0
2022-03-12,7,3,2022,71,1,0,636,84,128,152,116,57,46,57,47,17,15,41,24,226,351,57,17.5,10.9,30.9,0.4,1020.8,10.0,12.4,17.1,31.1,0.01,1.2,0,0,0,0
2022-03-13,1,3,2022,72,1,0,571,75,142,112,131,56,41,35,45,19,16,46,26,240,284,47,31.5,10.9,51.1,15.8,1015.7,10.0,11.8,15.9,24.1,0.0,,0,0,1,0
2022-03-14,2,3,2022,73,0,0,598,73,130,133,101,54,65,59,39,17,25,31,25,207,331,53,48.3,39.9,63.0,32.5,1018.3,10.0,7.6,17.1,25.1,0.0,,0,0,0,0
2022-03-15,3,3,2022,74,0,0,589,75,112,150,94,54,60,48,46,14,19,28,17,186,331,68,43.2,36.0,63.0,32.9,1021.4,10.0,6.8,11.1,,0.0,,0,0,0,0
2022-03-16,4,3,2022,75,0,0,622,70,98,147,118,72,61,47,33,9,20,23,20,225,330,63,49.4,36.0,70.0,36.8,1016.8,9.6,6.2,17.1,26.0,0.0,,0,0,0,0
2022-03-17,5,3,2022,76,0,0,611,56,109,154,110,68,60,49,52,18,17,25,11,232,306,68,58.2,36.0,73.0,43.1,1010.8,10.0,6.2,13.0,,0.0,,0,0,0,0
2022-03-18,6,3,2022,77,0,0,582,60,114,135,103,63,46,50,40,13,22,46,13,182,338,59,44.6,41.0,53.1,36.9,1011.9,8.9,13.0,21.0,29.9,0.0,,0,1,0,0
2022-03-19,7,3,2022,78,1,0,588,73,136,146,113,85,50,32,36,13,19,37,15,221,318,49,39.7,37.0,46.9,36.1,1006.2,7.1,12.1,18.1,22.9,0.66,,0,1,0,0
2022-03-20,1,3,2022,79,1,0,661,83,163,132,148,84,67,31,32,14,17,34,23,297,307,55,45.3,34.0,63.0,33.2,1017.9,10.0,5.4,12.0,15.9,0.04,,0,0,0,0
2022-03-21,2,3,2022,80,0,0,627,78,117,128,132,68,58,43,55,15,18,31,16,237,320,69,56.0,34.0,73.9,35.8,1018.6,10.0,6.9,15.0,26.0,0.0,,0,0,0,0
2022-03-22,3,3,2022,81,0,0,641,101,118,141,110,48,69,39,52,20,22,44,24,248,331,61,53.7,42.1,73.9,42.3,1013.0,9.5,8.9,20.0,28.9,0.0,,0,1,0,0
2022-03-23,4,3,2022,82,0,0,578,69,102,137,89,55,67,44,49,15,16,40,13,229,284,64,51.8,45.0,57.9,48.6,999.9,5.7,7.6,17.1,22.0,0.46,,0,1,0,0
2022-03-24,5,3,2022,83,0,0,604,73,139,151,117,67,54,44,46,11,23,37,18,188,353,62,45.1,41.0,57.9,41.0,1002.2,7.2,8.8,15.9,26.0,0.3,,0,1,0,0
2022-03-25,6,3,2022,84,0,0,621,90,127,151,100,66,61,42,47,22,13,39,15,221,342,58,41.4,39.0,46.9,35.2,1006.9,8.9,9.7,22.9,39.0,0.08,,0,1,1,0
2022-03-26,7,3,2022,85,1,0,586,78,157,111,129,85,48,32,54,12,15,33,17,205,332,48,33.3,28.9,46.9,21.2,1009.6,9.6,14.6,19.0,31.1,0.01,,0,0,1,0
2022-03-27,1,3,2022,86,1,0,522,74,145,91,123,61,45,23,39,10,25,27,17,202,269,50,28.9,21.9,36.0,11.1,1020.3,10.0,9.3,17.1,24.1,0.0,,0,0,0,0
2022-03-28,2,3,2022,87,0,0,602,75,92,147,83,75,38,54,46,11,20,39,26,227,309,62,28.6,21.9,36.0,9.9,1024.9,10.0,7.3,11.1,15.0,0.0,,0,0,0,0
2022-03-29,3,3,2022,88,0,0,555,67,109,125,92,48,63,51,44,14,20,29,24,186,311,58,33.4,21.9,43.0,15.8,1023.0,10.0,10.9,20.0,25.1,0.0,,0,0,0,0
2022-03-30,4,3,2022,89,0,0,579,62,109,129,99,81,51,56,42,16,15,34,19,213,308,56,50.0,29.1,60.1,36.7,1002.3,8.4,12.2,18.1,28.0,0.0,,0,1,0,0
2022-03-31,5,3,2022,90,0,0,581,83,128,118,116,60,48,48,49,18,16,39,22,208,310,61,44.0,35.6,59.0,39.7,993.4,6.8,8.6,19.0,28.9,1.57,,0,1,1,0
2022-04-01,6,4,2022,91,0,0,804,99,156,156,126,87,45,126,73,14,32,47,13,252,460,77,36.6,30.9,48.0,26.3,1014.5,9.1,8.4,13.0,17.1,0.05,,0,0,1,0
2022-04-02,7,4,2022,92,1,0,581,81,124,131,105,69,54,38,42,12,13,39,22,247,280,49,36.4,31.1,46.0,28.5,1017.6,8.7,6.2,13.0,20.0,0.0,,0,1,1,0
2022-04-03,1,4,2022,93,1,0,585,92,158,112,128,80,54,25,51,11,16,25,20,229,308,48,40.0,33.1,50.0,33.6,1016.4,8.3,4.9,9.9,,0.35,,0,0,0,0
2022-04-04,2,4,2022,94,0,0,601,64,129,130,121,67,60,48,44,14,15,31,15,234,305,60,44.0,33.1,52.0,37.6,1011.8,8.7,8.4,15.9,24.1,0.26,,0,1,0,0
2022-04-05,3,4,2022,95,0,0,583,90,127,113,116,60,45,54,49,18,16,26,24,209,306,66,45.5,37.9,52.0,37.4,1008.3,8.7,6.9,12.0,,0.09,,0,0,0,0
2022-04-06,4,4,2022,96,0,0,615,86,122,127,115,77,41,49,51,25,24,19,18,219,328,63,51.3,37.9,55.9,42.7,999.3,8.6,11.3,22.0,35.0,0.8,,0,1,0,0
2022-04-07,5,4,2022,97,0,0,596,79,123,134,107,60,58,49,50,18,19,29,19,209,314,70,43.0,39.0,55.9,33.3,1000.2,10.0,14.3,19.0,32.1,0.02,,0,1,0,0
2022-04-08,6,4,2022,98,0,0,574,75,112,125,94,53,40,53,46,22,26,37,24,191,320,59,38.7,36.0,44.1,34.4,1003.3,8.3,7.4,12.0,,0.05,,0,1,1,0
2022-04-09,7,4,2022,99,1,0,575,86,136,120,122,77,55,29,32,18,14,34,18,228,285,62,38.8,33.1,53.6,27.8,1009.0,9.1,9.0,15.0,21.0,0.32,,0,0,1,0
2022-04-10,1,4,2022,100,1,0,624,98,153,133,162,72,39,28,41,20,17,25,21,259,313,51,45.2,32.0,64.4,28.6,1012.3,10.0,8.7,21.0,29.9,0.0,,0,0,0,0
2022-04-11,2,4,2022,101,0,0,580,97,128,107,112,81,48,48,43,31,19,28,10,212,307,58,56.9,51.1,62.1,36.6,1006.2,10.0,11.3,18.1,28.0,0.0,,0,0,0,0
2022-04-12,3,4,2022,102,0,0,600,88,111,115,108,66,56,43,37,17,20,34,24,233,290,75,55.0,39.9,69.1,35.8,1013.3,10.0,7.3,19.0,29.9,0.0,,0,0,0,0
2022-04-13,4,4,2022,103,0,0,557,74,130,126,100,54,38,50,51,8,14,46,16,196,294,65,66.4,55.0,71.6,59.5,1001.6,9.0,13.5,27.0,46.0,0.0,,0,1,0,1
2022-04-14,5,4,2022,104,0,0,570,81,111,144,87,55,49,51,41,14,23,25,24,206,296,63,43.8,36.0,55.9,30.0,1008.4,9.2,16.5,28.9,46.0,0.26,,0,1,0,0
2022-04-15,6,4,2022,105,0,0,643,77,130,139,102,78,57,55,45,15,22,41,40,254,324,61,45.6,35.1,53.1,20.8,1012.6,10.0,12.1,18.1,31.1,0.0,,0,1,1,0
2022-04-16,7,4,2022,106,1,0,595,86,131,130,113,73,46,47,40,12,18,32,20,233,313,46,40.9,32.0,53.1,23.0,1017.5,10.0,9.0,13.0,21.0,0.01,,0,0,0,0
2022-04-17,1,4,2022,107,1,0,528,80,149,94,119,75,43,23,38,12,16,30,16,219,258,50,36.9,28.9,48.9,24.1,1025.1,10.0,7.3,13.0,15.9,0.0,,0,0,0,0
2022-04-18,2,4,2022,108,0,0,584,74,121,124,81,58,50,55,55,14,18,43,21,212,307,60,36.5,29.1,43.0,30.3,1020.5,7.1,7.4,18.1,28.0,0.16,,0,1,1,0
2022-04-19,3,4,2022,109,0,0,548,82,96,120,85,66,47,46,40,14,18,24,20,226,262,59,40.3,33.1,51.1,28.1,1020.9,9.8,9.3,15.0,25.1,0.01,,0,0,1,0
2022-04-20,4,4,2022,110,0,0,614,60,125,136,106,63,56,51,60,20,18,40,20,219,329,64,45.4,36.0,52.0,32.8,1021.0,10.0,10.4,17.1,27.0,0.0,,0,1,0,0
2022-04-21,5,4,2022,111,0,0,613,90,100,147,82,73,50,52,48,19,15,47,22,237,303,71,55.3,41.0,68.0,45.0,1017.7,8.1,12.2,17.1,28.0,0.29,,0,1,0,0
2022-04-22,6,4,2022,112,0,0,613,68,111,145,106,71,57,59,43,15,18,32,20,201,344,63,52.2,46.0,68.0,40.9,1026.9,8.7,7.4,20.0,28.0,0.01,,0,1,0,1
2022-04-23,7,4,2022,113,1,0,707,90,169,159,155,78,71,31,44,13,23,24,32,301,323,83,63.2,46.0,84.0,52.3,1014.4,10.0,11.1,21.0,34.0,0.79,,0,0,0,0
2022-04-24,1,4,2022,114,1,0,620,82,171,141,154,67,62,26,28,8,17,36,19,273,305,42,70.4,51.1,84.0,57.8,1008.2,9.7,15.3,20.0,32.1,0.0,,0,1,0,0
2022-04-25,2,4,2022,115,0,0,570,80,115,122,97,61,63,43,34,13,21,34,18,188,318,61,53.3,44.1,73.0,37.9,1014.5,10.0,10.4,18.1,28.9,0.41,,0,0,0,0
2022-04-26,3,4,2022,116,0,0,618,82,133,165,124,65,58,40,49,13,15,25,16,235,312,69,42.6,37.9,54.0,27.6,1023.8,10.0,11.5,15.9,25.1,0.0,,0,0,0,0
2022-04-27,4,4,2022,117,0,0,596,78,113,141,103,61,55,52,45,18,14,42,17,233,298,63,38.2,33.1,51.1,25.2,1027.0,10.0,8.3,14.0,20.0,0.0,,0,0,0,0
2022-04-28,5,4,2022,118,0,0,559,84,101,128,93,66,56,45,46,17,21,24,14,210,296,51,42.1,33.1,50.0,32.4,1024.4,10.0,10.3,14.0,18.1,0.0,,0,1,0,0
2022-04-29,6,4,2022,119,0,0,616,83,131,124,126,56,58,43,55,20,16,40,19,245,303,64,53.4,37.9,66.0,36.1,1019.0,10.0,9.8,19.0,25.1,0.0,,0,0,0,0
2022-04-30,7,4,2022,120,1,0,615,76,120,144,124,64,49,40,35,13,23,42,19,219,325,69,57.5,46.9,68.0,46.0,1011.0,9.5,13.7,18.1,26.0,0.08,,0,1,0,1
2022-05-01,1,5,2022,121,1,0,727,75,155,153,141,76,48,91,58,6,17,40,17,234,418,65,54.7,48.9,69.1,47.1,1006.5,9.7,11.2,19.0,34.0,1.5,,0,1,0,1
2022-05-02,2,5,2022,122,0,0,581,79,121,119,99,57,55,59,53,12,17,29,14,221,294,61,49.9,48.0,55.9,40.8,1015.4,10.0,8.4,13.0,21.0,0.0,,0,0,0,0
2022-05-03,3,5,2022,123,0,0,555,68,118,127,88,56,52,57,47,14,20,20,21,208,289,54,48.2,45.0,53.1,42.6,1012.5,5.9,12.5,22.9,33.0,0.39,,0,1,0,0
2022-05-04,4,5,2022,124,0,0,619,93,97,144,87,73,55,47,41,20,18,34,27,252,308,57,46.1,39.0,55.9,39.4,1021.0,9.2,11.2,18.1,27.0,0.92,,0,1,0,0
2022-05-05,5,5,2022,125,0,0,640,85,113,129,109,60,68,54,48,13,22,47,26,249,334,53,48.0,39.0,55.9,40.4,1020.3,9.1,5.8,11.1,,0.0,,0,1,0,0
2022-05-06,6,5,2022,126,0,0,611,69,115,149,110,69,56,47,43,14,23,37,19,208,338,63,48.8,42.1,53.1,45.1,1009.8,4.8,13.2,22.9,36.9,0.39,,0,1,0,0
2022-05-07,7,5,2022,127,1,0,571,80,131,138,111,69,53,35,29,8,16,29,22,237,273,58,53.8,44.1,64.0,33.7,1013.2,10.0,10.3,14.0,,0.22,,0,0,0,0
2022-05-08,1,5,2022,128,1,0,599,75,147,130,128,79,49,20,39,8,18,38,22,263,281,55,54.2,43.0,64.9,36.1,1015.0,10.0,7.7,15.0,18.1,0.0,,0,0,0,0
2022-05-09,2,5,2022,129,0,0,656,83,115,159,136,76,50,51,34,12,17,33,17,263,325,68,65.9,43.0,82.9,48.4,1011.9,10.0,13.1,22.0,34.0,0.0,,0,0,0,0
2022-05-10,3,5,2022,130,0,0,643,88,111,142,123,70,51,50,53,12,16,34,26,279,305,55,77.1,55.9,89.1,64.1,1014.0,10.0,11.7,18.1,29.9,0.0,,0,0,0,0
2022-05-11,4,5,2022,131,0,0,694,95,135,160,151,63,74,51,48,13,20,26,17,278,346,70,82.8,69.1,90.0,70.1,1018.0,9.5,6.8,13.0,15.9,0.0,,0,0,0,0
2022-05-12,5,5,2022,132,0,0,623,88,140,136,133,56,62,45,45,20,16,27,19,255,305,62,81.5,73.9,91.0,65.5,1017.4,9.3,9.0,15.0,22.0,0.0,,0,0,0,0
2022-05-13,6,5,2022,133,0,0,713,88,152,162,159,75,56,51,45,14,23,24,20,294,356,56,80.1,68.0,91.0,49.2,1014.0,10.0,8.7,13.0,19.0,0.0,,0,0,0,0
2022-05-14,7,5,2022,134,1,0,646,87,150,142,127,81,66,34,44,8,13,40,25,290,294,61,77.3,66.9,89.1,56.1,1012.0,10.0,4.8,9.9,15.0,0.0,,0,0,0,0
2022-05-15,1,5,2022,135,1,0,695,87,158,143,146,90,78,31,42,9,22,46,26,286,337,66,70.8,64.9,86.0,51.7,1012.0,10.0,6.6,11.1,18.1,0.0,,0,1,0,1
2022-05-16,2,5,2022,136,0,0,674,85,143,178,140,62,65,52,39,13,21,27,16,258,335,79,65.2,54.0,78.1,45.3,1010.6,10.0,8.9,17.1,27.0,0.0,,0,0,0,0
2022-05-17,3,5,2022,137,0,0,654,88,134,171,123,66,55,47,45,12,19,37,15,240,345,67,61.0,51.1,78.1,38.6,1014.9,10.0,7.4,13.0,,0.0,,0,1,0,0
2022-05-18,4,5,2022,138,0,0,659,95,110,167,90,60,91,42,42,15,33,34,19,271,319,68,55.3,51.1,68.0,46.1,1013.3,8.4,6.8,13.0,,0.03,,0,1,0,0
2022-05-19,5,5,2022,139,0,0,686,90,149,172,142,63,73,47,48,13,12,25,20,279,341,64,65.8,53.1,86.0,55.0,1004.2,6.7,7.1,15.9,26.0,0.28,,0,0,0,0
2022-05-20,6,5,2022,140,0,0,711,91,146,151,151,74,82,45,60,12,16,33,19,275,360,72,75.0,53.1,86.0,61.8,996.7,9.9,12.7,21.0,34.0,0.02,,0,0,0,0
2022-05-21,7,5,2022,141,1,0,590,81,138,121,137,67,44,39,39,10,10,39,33,232,311,45,60.6,54.0,86.0,55.3,1011.9,9.2,5.3,15.9,19.0,0.5,,0,1,0,1
2022-05-22,1,5,2022,142,1,0,606,81,128,137,129,67,58,30,40,9,18,31,22,248,310,46,57.6,50.0,63.0,42.0,1021.7,10.0,7.5,14.0,22.0,0.38,,0,0,0,0
2022-05-23,2,5,2022,143,0,0,675,86,136,144,126,70,69,53,45,18,23,35,23,274,337,58,54.2,45.0,63.0,35.6,1027.3,10.0,8.1,14.0,22.0,0.0,,0,0,0,0
2022-05-24,3,5,2022,144,0,0,658,113,154,140,128,67,73,45,43,20,21,29,25,248,344,64,56.6,45.0,66.0,39.3,1023.5,10.0,10.2,17.1,21.0,0.0,,0,0,0,0
2022-05-25,4,5,2022,145,0,0,672,101,134,157,115,80,67,36,47,16,18,39,20,264,315,91,61.7,48.9,79.0,51.9,1015.2,8.7,9.3,18.1,22.0,0.05,,0,1,0,1
2022-05-26,5,5,2022,146,0,0,659,97,119,137,115,78,77,35,46,16,19,32,26,282,314,62,72.1,55.0,79.0,64.3,1007.1,10.0,9.1,13.0,28.0,0.17,,0,1,0,0
2022-05-27,6,5,2022,147,0,0,664,114,128,134,104,60,69,44,63,17,22,34,23,285,305,68,60.3,53.1,77.0,54.2,1007.3,9.7,10.0,18.1,25.1,0.0,,0,1,0,1
2022-05-28,7,5,2022,148,1,0,627,129,112,138,102,74,62,35,25,17,24,30,23,292,267,67,61.0,48.9,73.9,50.0,1012.6,10.0,4.6,13.0,21.0,0.1,,0,0,0,0
2022-05-29,1,5,2022,149,1,0,700,126,151,129,166,96,77,24,34,9,19,30,27,347,300,50,71.7,48.9,84.9,56.9,1009.1,10.0,11.8,21.0,34.0,0.0,,0,0,0,0
2022-05-30,2,5,2022,150,0,0,725,169,179,141,182,68,69,23,40,17,18,40,27,333,322,67,78.4,63.0,89.1,59.0,1008.9,10.0,15.1,22.0,35.0,0.0,,0,0,0,0
2022-05-31,3,5,2022,151,0,0,696,104,146,151,137,90,75,38,43,14,34,35,13,264,368,63,80.6,70.0,89.1,62.2,1010.5,10.0,13.2,18.1,28.0,0.0,,0,0,0,0
2022-06-01,4,6,2022,152,0,0,802,78,167,189,117,62,68,116,68,11,21,37,19,260,452,80,72.8,66.0,86.0,61.7,1013.0,9.9,7.6,14.0,24.1,0.18,,0,1,0,1
2022-06-02,5,6,2022,153,0,0,671,94,129,174,116,75,68,45,39,21,12,36,19,277,325,67,66.2,57.9,77.0,49.2,1012.8,10.0,5.5,13.0,17.1,0.01,,0,1,0,0
2022-06-03,6,6,2022,154,0,0,713,65,113,174,134,61,75,62,38,15,27,33,30,290,351,68,69.8,57.9,81.0,39.4,1012.3,10.0,8.9,15.9,24.1,0.0,,0,0,0,0
2022-06-04,7,6,2022,155,1,0,611,67,138,141,136,57,65,40,39,9,24,28,26,251,302,57,64.5,54.0,81.0,40.9,1014.8,10.0,4.4,14.0,,0.0,,0,1,0,0
2022-06-05,1,6,2022,156,1,0,631,74,164,124,142,89,54,26,41,9,22,31,25,274,293,62,65.9,54.0,77.0,48.3,1011.7,10.0,7.0,9.9,,0.0,,0,1,0,0
2022-06-06,2,6,2022,157,0,0,657,80,131,152,97,77,69,66,53,8,19,29,26,236,354,63,68.6,57.9,77.0,56.9,1006.0,9.2,4.8,9.9,,0.01,,0,1,0,0
2022-06-07,3,6,2022,158,0,0,665,89,124,184,103,77,64,41,52,14,18,28,19,287,317,59,61.8,55.9,75.9,54.5,1009.9,9.6,8.2,20.0,22.9,0.33,,0,1,0,0
2022-06-08,4,6,2022,159,0,0,640,76,106,177,97,53,75,48,50,16,20,29,22,254,328,56,61.9,55.9,72.0,52.5,1012.2,9.3,6.1,18.1,26.0,0.07,,0,1,0,0
2022-06-09,5,6,2022,160,0,0,639,82,104,180,109,60,74,40,31,18,17,26,29,274,288,75,62.6,53.1,78.1,50.8,1013.2,9.6,7.3,11.1,20.0,0.67,,0,0,0,0
2022-06-10,6,6,2022,161,0,0,668,69,123,158,124,74,75,61,48,10,18,25,17,264,338,65,67.0,53.1,78.1,50.2,1012.8,10.0,5.1,15.9,24.1,0.0,,0,1,0,0
2022-06-11,7,6,2022,162,1,0,708,73,174,151,146,94,82,37,47,8,15,37,31,318,340,49,65.3,57.9,78.1,57.4,1010.5,10.0,6.3,9.9,15.0,0.02,,0,0,0,0
2022-06-12,1,6,2022,163,1,0,694,113,166,138,167,86,66,18,40,9,23,50,30,336,306,51,66.5,59.0,73.0,58.9,1008.7,8.8,5.9,14.0,17.1,0.0,,0,1,0,0
2022-06-13,2,6,2022,164,0,0,646,75,120,172,127,68,57,33,28,14,22,34,36,264,316,65,69.7,57.9,89.1,56.9,1011.0,10.0,7.3,42.9,73.0,0.0,,1,1,0,1
2022-06-14,3,6,2022,165,0,0,665,105,129,163,124,58,60,63,37,18,18,39,20,259,333,69,80.8,57.0,98.1,70.1,1008.8,9.6,7.8,21.0,27.0,0.88,,0,1,0,1
2022-06-15,4,6,2022,166,0,0,709,89,153,184,112,96,66,41,49,16,14,40,21,302,335,69,88.7,81.0,96.1,68.4,1010.0,9.9,10.9,21.0,33.0,0.0,,0,0,0,0
2022-06-16,5,6,2022,167,0,0,722,89,153,154,147,79,59,48,55,15,27,38,24,306,350,64,84.6,72.0,96.1,62.4,1011.3,9.7,11.4,19.0,35.9,0.3,,0,1,0,1
2022-06-17,6,6,2022,168,0,0,732,104,141,177,152,80,54,43,45,12,21,48,22,328,330,73,78.8,69.1,93.9,54.7,1014.5,10.0,8.8,17.1,28.9,0.05,,0,0,0,0
2022-06-18,7,6,2022,169,1,0,729,88,144,185,133,98,59,45,38,5,18,47,32,343,314,69,67.6,57.0,84.0,46.4,1021.9,10.0,9.6,15.9,22.9,0.0,,0,0,0,0
2022-06-19,1,6,2022,170,1,0,731,99,185,136,176,89,81,18,47,4,24,33,27,355,313,62,66.4,52.0,84.9,42.6,1023.5,10.0,5.6,11.1,15.9,0.0,,0,0,0,0
2022-06-20,2,6,2022,171,0,0,761,125,152,176,150,82,76,45,49,18,21,38,28,338,341,81,78.6,52.0,95.0,50.7,1019.0,10.0,7.3,13.0,20.0,0.0,,0,0,0,0
2022-06-21,3,6,2022,172,0,0,657,75,127,170,105,73,64,56,33,17,29,39,15,273,318,64,85.5,64.0,99.0,59.9,1016.2,10.0,10.7,17.1,25.1,0.0,,0,0,0,0
2022-06-22,4,6,2022,173,0,0,706,95,139,180,113,84,76,50,43,12,26,42,28,318,323,62,84.7,73.0,99.0,60.3,1015.9,10.0,8.9,14.0,20.0,0.0,,0,0,0,0
2022-06-23,5,6,2022,174,0,0,645,67,133,137,116,87,65,41,48,8,18,39,24,275,300,68,77.0,64.9,89.1,54.3,1016.8,10.0,6.3,9.9,15.9,0.0,,0,0,0,0
2022-06-24,6,6,2022,175,0,0,762,77,130,195,120,85,78,45,48,9,30,55,24,338,350,72,78.1,64.9,91.9,50.2,1015.8,10.0,4.4,9.9,,0.0,,0,0,0,0
2022-06-25,7,6,2022,176,1,0,678,72,136,178,136,71,57,38,49,7,25,36,19,296,330,51,74.4,64.9,91.9,57.8,1014.6,9.4,7.4,17.1,28.9,0.0,,0,1,0,1
2022-06-26,1,6,2022,177,1,0,735,69,152,199,188,80,61,35,21,7,21,46,21,349,324,60,75.1,66.9,80.1,60.7,1015.2,9.8,8.1,15.9,25.1,0.24,,0,0,0,0
2022-06-27,2,6,2022,178,0,0,713,95,150,166,119,97,59,55,37,20,26,34,29,322,324,63,70.3,60.1,80.1,45.3,1021.6,10.0,7.9,15.0,22.0,0.0,,0,0,0,0
2022-06-28,3,6,2022,179,0,0,731,114,132,191,116,90,67,39,47,28,36,34,12,325,334,70,71.7,60.1,86.0,48.4,1022.3,10.0,6.5,9.9,20.0,0.0,,0,0,0,0
2022-06-29,4,6,2022,180,0,0,706,93,133,182,109,67,72,40,49,13,28,58,27,322,313,69,76.9,61.0,88.0,55.7,1019.9,10.0,6.6,11.1,19.0,0.02,,0,1,0,0
2022-06-30,5,6,2022,181,0,0,743,110,125,164,117,79,66,69,50,18,34,49,30,318,354,69,81.2,66.0,91.9,58.9,1017.3,10.0,10.6,19.0,26.0,0.0,,0,0,0,0
2022-07-01,6,7,2022,182,0,0,965,125,161,200,126,101,79,127,66,26,32,67,28,363,493,100,78.4,73.9,91.9,57.1,1013.3,10.0,7.7,13.0,18.1,0.0,,0,0,0,0
2022-07-02,7,7,2022,183,1,0,751,113,144,165,132,105,61,39,30,26,16,55,38,361,319,70,74.6,64.9,87.1,52.6,1016.1,10.0,4.7,8.9,,0.0,,0,0,0,0
2022-07-03,1,7,2022,184,1,0,718,114,166,126,157,74,80,19,43,20,33,46,33,316,346,55,78.6,64.9,88.0,53.8,1018.7,10.0,5.3,11.1,15.9,0.0,,0,0,0,0
2022-07-04,2,7,2022,185,0,1,712,119,168,135,153,109,60,16,35,15,19,43,19,314,330,68,78.1,68.0,88.0,60.4,1017.3,9.4,7.3,12.0,22.9,0.0,,0,1,0,0
2022-07-05,3,7,2022,186,0,0,635,66,147,146,121,82,52,53,36,12,17,40,26,252,326,55,81.4,69.1,93.9,71.9,1010.8,9.3,10.2,31.1,48.0,1.13,,1,1,0,1
2022-07-06,4,7,2022,187,0,0,665,85,140,173,111,69,59,55,55,7,18,37,24,250,349,65,73.9,69.1,93.9,68.3,1012.9,9.2,9.2,13.0,21.0,0.43,,0,1,0,1
2022-07-07,5,7,2022,188,0,0,695,78,122,186,117,77,62,54,44,7,22,43,19,295,342,54,75.3,68.0,86.0,66.0,1015.5,9.7,7.1,13.0,,0.35,,0,0,0,0
2022-07-08,6,7,2022,189,0,0,692,55,140,162,110,80,65,62,56,8,27,53,11,264,360,62,75.1,68.0,86.0,67.9,1014.9,9.7,7.9,17.1,,0.0,,0,1,0,0
2022-07-09,7,7,2022,190,1,0,648,65,131,166,126,64,80,20,44,9,16,51,23,305,291,51,71.1,66.9,77.0,57.8,1020.2,10.0,11.1,17.1,21.0,0.0,,0,0,0,0
2022-07-10,1,7,2022,191,1,0,686,61,152,161,144,79,55,18,35,13,30,56,36,303,305,77,72.2,59.0,86.0,54.5,1019.2,10.0,5.2,12.0,15.0,0.0,,0,0,0,0
2022-07-11,2,7,2022,192,0,0,710,78,118,184,102,86,53,39,47,11,29,61,31,330,302,73,76.9,59.0,86.0,63.7,1010.0,10.0,9.3,15.0,27.0,0.0,,0,1,0,0
2022-07-12,3,7,2022,193,0,0,673,86,131,175,101,80,60,39,43,13,24,45,23,301,307,64,77.1,68.0,86.0,59.9,1009.3,10.0,10.0,15.0,24.1,0.01,,0,0,0,0
2022-07-13,4,7,2022,194,0,0,650,64,124,186,97,67,65,50,42,11,19,54,7,274,324,50,75.3,68.0,86.0,59.7,1013.6,10.0,8.1,14.0,20.0,0.0,,0,0,0,0
2022-07-14,5,7,2022,195,0,0,693,71,108,168,98,93,63,44,43,11,27,48,23,302,322,65,70.5,61.0,80.1,56.7,1019.4,10.0,7.4,13.0,15.9,0.0,,0,0,0,0
2022-07-15,6,7,2022,196,0,0,634,66,107,156,82,69,63,59,46,12,23,54,20,249,318,64,68.8,61.0,80.1,62.1,1019.3,8.4,4.9,9.9,20.0,0.01,,0,1,0,0
2022-07-16,7,7,2022,197,1,0,687,58,108,195,103,84,52,38,27,9,27,50,33,291,328,67,70.5,66.2,73.9,65.8,1015.8,7.4,7.8,12.0,,0.81,,0,1,0,0
2022-07-17,1,7,2022,198,1,0,757,84,147,204,139,94,62,27,39,8,17,70,26,352,347,55,71.7,66.9,77.0,66.7,1011.8,9.3,8.9,13.0,,0.01,,0,1,0,0
2022-07-18,2,7,2022,199,0,0,784,89,133,194,136,84,65,58,49,8,21,77,31,359,338,84,76.8,68.0,89.1,63.5,1011.6,10.0,5.3,12.0,,0.01,,0,0,0,0
2022-07-19,3,7,2022,200,0,0,708,79,129,191,118,76,55,55,45,11,29,55,21,293,337,74,80.6,68.0,90.0,65.3,1010.5,10.0,8.1,14.0,26.0,0.0,,0,0,0,0
2022-07-20,4,7,2022,201,0,0,697,76,121,188,120,63,60,44,45,12,12,63,23,350,266,75,81.8,71.1,90.0,66.7,1003.6,10.0,13.1,18.1,29.9,0.0,,0,0,0,0
2022-07-21,5,7,2022,202,0,0,653,75,128,162,114,87,56,34,36,11,26,48,27,305,280,65,80.5,69.1,91.9,62.7,1006.5,10.0,9.3,15.9,28.0,0.0,,0,0,0,0
2022-07-22,6,7,2022,203,0,0,761,81,137,207,115,79,72,40,51,14,23,65,28,337,353,68,80.7,69.1,91.9,59.7,1011.6,10.0,7.4,17.1,26.0,0.0,,0,0,0,0
2022-07-23,7,7,2022,204,1,0,700,66,150,146,148,94,67,31,46,3,26,58,27,315,316,67,78.3,68.0,91.0,66.1,1012.8,9.6,9.6,39.0,49.9,1.77,,0,1,0,1
2022-07-24,1,7,2022,205,1,0,719,76,171,147,156,86,73,21,35,8,22,82,20,331,305,82,79.9,68.0,86.0,70.1,1010.0,9.5,10.7,17.1,28.0,0.23,,0,1,0,1
2022-07-25,2,7,2022,206,0,0,734,82,140,171,123,89,72,55,39,10,21,59,24,340,343,48,73.1,64.0,86.0,59.4,1015.3,10.0,6.6,14.0,21.0,0.09,,0,0,0,0
2022-07-26,3,7,2022,207,0,0,717,97,134,163,117,77,77,53,49,18,12,65,25,310,329,75,72.0,64.0,82.0,56.6,1015.8,10.0,4.5,11.1,,0.0,,0,0,0,0
2022-07-27,4,7,2022,208,0,0,693,85,109,182,102,84,61,47,38,16,21,62,21,321,305,64,75.0,64.0,82.9,65.6,1011.4,10.0,6.8,17.1,24.1,0.0,,0,1,0,0
2022-07-28,5,7,2022,209,0,0,747,70,112,217,101,79,51,60,49,10,16,69,35,357,310,75,74.8,68.0,82.9,59.2,1011.4,10.0,8.1,13.0,20.0,0.0,,0,1,0,0
2022-07-29,6,7,2022,210,0,0,843,67,105,333,98,74,56,49,43,12,26,64,27,424,321,97,71.8,62.1,81.0,54.8,1015.4,10.0,7.0,12.0,20.0,0.0,,0,0,0,0
2022-07-30,7,7,2022,211,1,0,872,74,121,337,135,90,69,33,26,13,28,59,23,461,330,76,73.5,62.1,82.9,56.5,1020.4,10.0,3.6,8.0,,0.0,,0,0,0,0
2022-07-31,1,7,2022,212,1,0,761,79,154,211,152,93,60,21,34,7,21,67,12,391,305,64,76.0,63.0,84.9,58.7,1018.3,10.0,4.9,11.1,20.0,0.0,,0,0,0,0
2022-08-01,2,8,2022,213,0,0,815,67,153,196,108,85,65,106,55,9,16,62,23,310,419,77,78.4,68.0,84.9,65.3,1010.9,10.0,10.0,15.9,22.9,0.0,,0,1,0,1
2022-08-02,3,8,2022,214,0,0,725,93,116,177,129,85,69,49,30,16,25,55,26,337,314,71,78.2,68.0,90.0,63.1,1012.9,10.0,5.8,11.1,17.1,0.0,,0,0,0,0
2022-08-03,4,8,2022,215,0,0,744,88,128,163,103,99,67,55,44,15,23,77,24,325,344,72,81.4,68.0,91.0,68.7,1009.1,10.0,11.4,15.0,33.0,0.0,,0,0,0,0
2022-08-04,5,8,2022,216,0,0,739,84,117,187,128,98,65,39,43,11,19,61,21,334,312,91,77.8,73.9,91.0,69.4,1012.6,10.0,7.5,14.0,17.1,0.0,,0,1,0,1
2022-08-05,6,8,2022,217,0,0,793,98,151,195,141,84,70,52,43,16,28,68,18,366,355,70,76.6,66.9,88.0,65.9,1017.6,10.0,6.5,13.0,,0.0,,0,0,0,0
2022-08-06,7,8,2022,218,1,0,752,89,158,156,148,98,64,42,35,7,24,67,32,351,325,73,82.7,66.9,95.0,71.0,1017.0,9.3,6.2,11.1,22.0,0.0,,0,0,0,0
2022-08-07,1,8,2022,219,1,0,706,92,165,140,158,82,62,25,44,10,26,70,25,312,326,66,79.9,73.9,95.0,73.0,1016.4,9.9,6.8,18.1,24.1,0.01,,0,1,0,1
2022-08-08,2,8,2022,220,0,0,665,77,122,159,103,76,65,49,40,19,19,64,18,285,313,63,75.7,64.9,82.9,71.4,1013.4,8.8,8.3,18.1,28.0,0.19,,0,1,0,1
2022-08-09,3,8,2022,221,0,0,689,74,125,166,122,79,59,51,31,18,24,57,26,297,310,81,68.8,61.0,81.0,58.8,1018.3,10.0,8.7,13.0,18.1,0.24,,0,0,0,0
2022-08-10,4,8,2022,222,0,0,736,93,130,181,107,85,69,55,48,18,20,58,19,347,319,69,71.7,60.1,84.9,56.5,1020.2,10.0,3.8,8.9,,0.0,,0,0,0,0
2022-08-11,5,8,2022,223,0,0,735,74,122,162,136,90,63,53,43,16,21,73,27,348,313,69,75.0,60.1,84.9,58.6,1020.2,10.0,10.1,17.1,22.9,0.0,,0,0,0,0
2022-08-12,6,8,2022,224,0,0,777,71,123,188,124,92,61,56,34,17,28,96,27,350,324,103,68.7,57.9,79.0,54.9,1022.7,10.0,6.5,14.0,,0.0,,0,0,0,0
2022-08-13,7,8,2022,225,1,0,707,54,151,171,148,95,61,38,27,2,13,69,30,329,305,71,72.5,57.9,79.0,54.6,1018.7,10.0,8.3,17.1,25.1,0.0,,0,0,0,0
2022-08-14,1,8,2022,226,1,0,712,93,136,154,138,91,63,34,36,14,16,62,27,344,300,65,72.5,66.9,79.0,62.7,1012.5,10.0,8.4,15.9,21.0,0.0,,0,0,0,0
2022-08-15,2,8,2022,227,0,0,723,74,131,193,100,93,60,60,48,12,14,67,23,321,325,75,70.9,66.0,79.0,60.7,1016.8,10.0,10.1,14.0,22.9,0.0,,0,1,0,0
2022-08-16,3,8,2022,228,0,0,662,85,125,150,98,73,67,46,49,16,18,52,23,286,314,59,71.2,62.1,81.0,56.6,1018.6,10.0,8.4,15.0,21.0,0.0,,0,0,0,0
2022-08-17,4,8,2022,229,0,0,704,72,113,174,112,92,53,53,41,11,28,58,26,312,318,71,71.3,62.1,82.0,56.8,1019.4,10.0,7.0,12.0,15.9,0.0,,0,0,0,0
2022-08-18,5,8,2022,230,0,0,664,83,126,162,105,60,62,44,40,16,24,64,29,299,304,59,72.3,61.0,84.0,56.2,1016.9,10.0,3.5,8.9,17.1,0.0,,0,0,0,0
2022-08-19,6,8,2022,231,0,0,727,75,148,166,137,87,65,49,36,13,15,79,19,335,316,74,76.2,61.0,86.0,59.0,1013.5,10.0,7.8,13.0,22.9,0.0,,0,0,0,0
2022-08-20,7,8,2022,232,1,0,688,99,131,154,129,82,53,29,30,12,24,72,47,311,309,68,72.3,64.9,86.0,62.7,1013.6,9.2,8.3,14.0,20.0,0.57,,0,1,0,1
2022-08-21,1,8,2022,233,1,0,684,73,151,153,132,103,59,25,35,11,19,67,24,324,298,59,72.6,64.9,79.0,65.4,1014.2,8.4,6.3,15.0,,0.05,,1,1,0,0
2022-08-22,2,8,2022,234,0,0,725,82,131,168,113,91,63,42,38,14,25,68,32,326,333,65,72.6,64.0,84.9,61.0,1016.5,10.0,6.0,13.0,,0.01,,0,0,0,0
2022-08-23,3,8,2022,235,0,0,699,91,116,170,105,75,68,48,43,14,20,71,20,321,306,69,73.1,64.0,84.9,57.9,1015.7,10.0,4.3,9.9,,0.0,,0,0,0,0
2022-08-24,4,8,2022,236,0,0,710,73,101,185,102,76,57,54,44,20,18,73,19,305,328,75,75.8,64.0,84.9,57.0,1016.7,10.0,4.0,8.9,,0.0,,0,0,0,0
2022-08-25,5,8,2022,237,0,0,700,84,139,157,106,91,74,51,39,19,32,52,18,291,336,72,72.9,66.0,84.9,62.6,1015.3,9.3,6.2,11.1,,0.16,,0,1,0,0
2022-08-26,6,8,2022,238,0,0,768,92,103,189,116,105,54,54,41,14,26,78,22,352,336,78,72.2,66.0,81.0,63.5,1016.7,9.7,7.6,12.0,14.0,0.19,,0,1,0,1
2022-08-27,7,8,2022,239,1,0,774,84,137,175,136,106,73,37,34,16,22,77,17,364,334,74,69.9,59.0,82.9,58.8,1017.5,10.0,3.9,9.9,,0.0,,0,0,0,0
2022-08-28,1,8,2022,240,1,0,690,89,146,147,130,89,68,39,30,12,16,76,19,309,310,70,76.6,59.0,87.1,64.6,1012.0,9.7,9.3,15.9,41.0,0.0,,1,1,0,1
2022-08-29,2,8,2022,241,0,0,727,83,128,167,114,95,58,56,34,9,25,69,24,293,376,55,76.2,68.0,89.1,69.2,1009.3,9.6,9.4,26.0,42.9,0.38,,0,1,0,1
2022-08-30,3,8,2022,242,0,0,724,70,122,176,111,72,79,51,39,6,16,83,27,348,290,82,73.8,66.0,84.9,58.9,1012.5,10.0,9.1,15.0,25.1,0.06,,0,0,0,0
2022-08-31,4,8,2022,243,0,0,741,90,139,175,109,85,69,54,43,19,28,70,20,319,348,68,72.3,62.1,84.9,55.5,1015.8,10.0,7.5,15.0,21.0,0.0,,0,0,0,0
2022-09-01,5,9,2022,244,0,0,834,79,135,184,96,81,69,119,64,16,25,72,30,307,445,74,77.3,62.1,88.0,61.0,1016.0,10.0,6.0,13.0,18.1,0.0,,0,0,0,0
2022-09-02,6,9,2022,245,0,0,833,96,137,192,133,93,73,61,39,20,26,82,36,391,369,70,78.3,66.9,88.0,63.0,1016.2,10.0,7.3,13.0,20.0,0.0,,0,0,0,0
2022-09-03,7,9,2022,246,1,0,811,98,141,164,167,102,65,42,33,12,25,92,32,407,332,67,77.1,70.0,88.0,64.5,1017.7,10.0,7.0,15.9,,0.0,,0,1,0,1
2022-09-04,1,9,2022,247,1,0,715,83,171,140,152,101,65,25,37,9,17,69,27,327,328,59,70.2,66.9,88.0,64.2,1019.1,10.0,12.2,15.0,20.0,0.0,,0,0,0,0
2022-09-05,2,9,2022,248,0,0,736,79,182,141,145,97,58,39,35,12,19,87,32,347,321,65,68.2,66.9,73.0,61.6,1018.4,10.0,11.5,15.9,,0.0,,0,0,0,0
2022-09-06,3,9,2022,249,0,0,766,83,120,182,128,83,67,65,38,20,24,78,26,341,359,60,70.6,64.0,80.1,62.9,1019.4,10.0,6.6,11.1,,0.0,,0,0,0,0
2022-09-07,4,9,2022,250,0,0,753,96,135,183,120,75,76,63,34,15,20,60,26,335,347,64,71.3,63.0,81.0,60.5,1020.3,10.0,6.1,9.9,15.9,0.0,,0,0,0,0
2022-09-08,5,9,2022,251,0,0,764,96,121,193,112,85,75,82,37,25,27,58,17,299,365,95,72.3,62.1,84.0,56.2,1016.3,10.0,2.9,8.9,,0.0,,0,0,0,0
2022-09-09,6,9,2022,252,0,0,782,81,124,195,116,90,76,65,43,14,29,69,23,355,352,74,73.4,62.1,84.0,54.9,1012.6,10.0,6.4,9.9,17.1,0.0,,0,0,0,0
2022-09-10,7,9,2022,253,1,0,798,78,148,216,133,110,61,50,26,10,20,73,34,376,346,71,73.9,62.1,84.0,57.6,1015.4,9.9,3.7,11.1,,0.0,,0,0,0,0
2022-09-11,1,9,2022,254,1,0,666,56,137,137,125,91,52,26,35,4,21,77,43,309,302,53,69.0,60.1,84.0,63.7,1014.1,8.0,9.7,17.1,28.9,0.0,,0,1,0,1
2022-09-12,2,9,2022,255,0,0,731,72,110,187,108,97,64,57,34,14,17,71,29,305,339,85,58.7,54.0,71.1,53.0,1009.0,9.2,10.2,18.1,26.0,1.45,,0,1,0,0
2022-09-13,3,9,2022,256,0,0,681,88,97,173,116,57,66,57,44,10,15,62,10,298,310,64,65.9,54.0,78.1,56.4,1010.7,9.9,6.0,9.9,15.9,0.03,,0,1,0,0
2022-09-14,4,9,2022,257,0,0,705,79,88,161,103,87,64,64,37,14,17,74,21,307,323,71,67.7,57.9,79.0,56.2,1018.0,10.0,3.3,11.1,,0.01,,0,0,0,0
2022-09-15,5,9,2022,258,0,0,719,81,107,150,105,98,64,65,34,12,20,71,23,322,321,73,69.1,57.9,81.0,59.4,1021.8,9.7,5.5,9.9,15.9,0.0,,0,0,0,0
2022-09-16,6,9,2022,259,0,0,748,58,114,159,132,97,60,66,34,7,23,79,31,332,338,72,72.9,60.1,82.0,60.8,1019.5,9.9,5.7,11.1,19.0,0.0,,0,0,0,0
2022-09-17,7,9,2022,260,1,0,742,89,121,136,149,102,57,33,27,6,22,89,37,378,295,64,75.5,63.0,84.9,60.7,1016.6,10.0,8.3,17.1,28.0,0.0,,0,0,0,0
2022-09-18,1,9,2022,261,1,0,745,85,174,165,155,90,62,33,39,10,16,78,25,373,311,58,77.3,68.0,84.9,61.5,1013.2,10.0,7.8,12.0,20.0,0.0,,0,0,0,0
2022-09-19,2,9,2022,262,0,0,785,90,123,189,133,83,58,49,38,18,23,97,33,358,355,71,72.7,66.0,84.9,61.4,1014.0,9.5,5.8,18.1,28.9,0.44,,0,1,0,1
2022-09-20,3,9,2022,263,0,0,750,73,111,176,129,77,63,52,40,13,19,90,32,315,369,65,71.7,63.0,86.0,61.1,1014.4,10.0,5.8,14.0,22.0,0.0,,0,1,0,1
2022-09-21,4,9,2022,264,0,0,811,112,124,191,126,91,57,62,47,15,32,90,22,346,364,96,77.8,63.0,86.0,63.4,1009.9,10.0,9.1,14.0,22.0,0.16,,0,0,0,0
2022-09-22,5,9,2022,265,0,0,739,87,127,174,148,65,72,55,40,18,20,81,18,307,357,72,60.7,52.0,84.9,44.7,1018.7,10.0,11.6,15.9,24.1,0.0,,0,0,0,0
2022-09-23,6,9,2022,266,0,0,734,85,108,182,111,77,49,56,46,11,23,89,24,329,329,71,55.7,50.0,64.0,42.7,1022.9,10.0,6.0,12.0,,0.0,,0,0,0,0
2022-09-24,7,9,2022,267,1,0,750,82,135,145,133,109,61,37,30,14,23,90,44,375,308,67,59.5,50.0,71.1,48.2,1014.1,9.7,7.4,12.0,17.1,0.0,,0,1,0,0
2022-09-25,1,9,2022,268,1,0,666,72,124,140,105,91,47,38,41,9,18,84,44,305,289,70,61.3,52.0,71.1,54.1,1007.5,9.5,8.3,15.0,21.0,0.09,,0,1,0,0
2022-09-26,2,9,2022,269,0,0,718,73,101,192,101,69,62,54,47,11,24,83,16,321,324,69,56.6,51.1,68.0,45.1,1010.4,10.0,10.6,18.1,24.1,0.03,,0,0,0,0
2022-09-27,3,9,2022,270,0,0,683,93,113,175,95,74,62,46,38,9,16,71,28,308,309,65,53.2,46.0,64.0,38.7,1017.0,10.0,8.7,15.9,24.1,0.0,,0,0,0,0
2022-09-28,4,9,2022,271,0,0,743,114,122,170,129,90,59,32,50,11,24,75,34,347,332,63,52.2,45.0,61.0,39.6,1028.5,10.0,9.0,12.0,19.0,0.0,,0,0,0,0
2022-09-29,5,9,2022,272,0,0,745,80,110,157,118,69,68,61,36,12,26,94,46,325,345,74,52.7,44.1,64.0,41.0,1031.9,10.0,3.9,9.9,,0.0,,0,0,0,0
2022-09-30,6,9,2022,273,0,0,782,58,87,179,109,89,63,63,27,11,24,127,25,374,335,70,55.7,44.1,66.9,44.3,1026.4,10.0,4.0,11.1,,0.0,,0,0,0,0
2022-10-01,7,10,2022,274,1,0,897,78,166,203,131,80,68,106,56,7,26,107,30,347,450,90,58.1,46.9,68.0,47.2,1022.6,9.9,8.0,15.0,21.0,0.0,,0,0,0,0
2022-10-02,1,10,2022,275,1,0,714,84,135,137,134,86,69,26,24,13,17,116,24,358,267,86,58.4,50.0,68.0,50.3,1026.0,10.0,9.0,15.0,21.0,0.0,,0,0,0,0
2022-10-03,2,10,2022,276,0,0,722,78,104,151,101,84,53,71,48,14,17,95,46,342,312,66,56.5,45.0,70.0,43.5,1027.8,10.0,3.9,11.1,,0.0,,0,0,0,0
2022-10-04,3,10,2022,277,0,0,705,68,112,175,105,66,74,65,40,8,16,76,30,316,317,69,57.3,45.0,73.9,41.1,1024.2,10.0,2.3,5.1,,0.0,,0,0,0,0
2022-10-05,4,10,2022,278,0,0,734,67,123,194,96,88,62,67,36,21,17,74,26,350,320,61,61.1,45.0,75.9,39.8,1019.8,9.8,2.7,7.0,,0.0,,0,0,0,0
2022-10-06,5,10,2022,279,0,0,760,92,93,178,100,89,61,58,40,20,26,93,24,339,343,77,64.3,48.0,75.9,46.4,1016.2,9.7,6.9,25.1,31.1,0.0,,0,1,0,0
2022-10-07,6,10,2022,280,0,0,714,64,91,156,101,87,55,69,40,17,24,87,22,322,330,59,50.7,43.0,55.9,39.1,1026.2,10.0,11.1,25.1,32.1,0.05,,0,1,0,0
2022-10-08,7,10,2022,281,1,0,740,82,120,191,107,84,39,41,36,16,26,94,37,354,324,58,46.3,37.9,57.9,31.1,1028.3,10.0,7.7,15.0,29.9,0.0,,0,0,0,0
2022-10-09,1,10,2022,282,1,0,667,67,143,130,121,91,48,23,35,7,16,92,33,332,272,60,53.1,37.9,69.1,32.5,1020.6,10.0,7.9,9.9,19.0,0.0,,0,0,0,0
2022-10-10,2,10,2022,283,0,0,718,64,108,148,101,105,59,57,37,9,25,87,46,364,289,63,58.8,42.1,73.0,42.1,1020.0,10.0,3.1,11.1,,0.0,,0,0,0,0
2022-10-11,3,10,2022,284,0,0,690,56,108,174,93,84,56,56,24,11,23,91,29,304,326,57,57.7,46.0,73.0,49.9,1018.4,8.0,7.1,18.1,28.9,0.0,,0,1,0,0
2022-10-12,4,10,2022,285,0,0,751,66,103,170,95,97,64,66,27,10,19,98,34,342,334,72,59.9,50.0,69.1,53.0,1007.7,9.2,12.0,19.0,31.1,0.58,,0,1,0,0
2022-10-13,5,10,2022,286,0,0,684,65,103,184,98,80,48,38,39,9,19,102,16,291,312,79,48.7,42.1,64.9,35.0,1005.3,10.0,10.4,17.1,28.9,0.14,,0,0,0,0
2022-10-14,6,10,2022,287,0,0,717,67,97,176,99,91,52,52,29,13,25,105,26,327,320,68,45.9,37.9,59.0,27.1,1005.0,10.0,7.9,15.9,29.9,0.0,,0,0,0,0
2022-10-15,7,10,2022,288,1,0,790,72,126,168,112,113,64,56,42,10,20,116,30,378,340,70,43.8,35.1,59.0,33.8,1010.1,9.9,8.9,15.0,24.1,0.04,,0,1,0,0
2022-10-16,1,10,2022,289,1,0,755,80,137,142,127,116,54,42,35,7,18,124,32,364,331,58,47.9,35.1,54.0,35.2,1013.6,10.0,7.5,13.0,22.0,0.0,,0,0,0,0
2022-10-17,2,10,2022,290,0,0,733,70,114,187,103,75,54,54,45,16,24,106,26,337,333,59,41.1,37.0,54.0,28.6,1012.1,10.0,14.1,21.0,29.9,0.0,,0,0,1,0
2022-10-18,3,10,2022,291,0,0,689,97,89,183,82,79,55,45,32,17,15,90,25,311,302,75,39.9,35.1,48.9,25.8,1015.9,10.0,14.7,19.0,28.0,0.0,,0,0,0,0
2022-10-19,4,10,2022,292,0,0,731,80,115,172,100,84,63,56,40,22,22,88,25,316,349,59,41.5,33.1,48.9,24.3,1015.8,10.0,11.7,15.9,26.0,0.0,,0,0,0,0
2022-10-20,5,10,2022,293,0,0,720,78,114,162,106,77,56,48,36,15,19,109,32,367,296,54,42.9,33.1,62.1,19.1,1010.0,9.6,7.3,11.1,18.1,0.0,,0,0,0,0
2022-10-21,6,10,2022,294,0,0,771,71,113,172,112,96,68,57,39,2,16,126,28,386,321,60,55.3,33.1,75.9,34.6,1006.9,9.9,7.9,15.9,26.0,0.0,,0,0,0,0
2022-10-22,7,10,2022,295,1,0,868,100,152,182,144,112,67,43,33,3,27,127,34,409,361,94,67.0,43.0,79.0,43.9,1007.8,10.0,11.6,17.1,24.1,0.0,,0,0,0,0
2022-10-23,1,10,2022,296,1,0,873,100,174,161,174,112,65,30,46,11,18,136,47,456,329,84,69.4,57.0,79.0,52.6,1011.6,10.0,13.1,24.1,38.1,0.0,,0,0,0,0
2022-10-24,2,10,2022,297,0,0,864,83,154,172,135,120,60,51,46,12,34,123,36,391,387,82,70.1,62.1,79.0,50.8,1011.1,10.0,13.6,18.1,28.0,0.0,,0,0,0,0
2022-10-25,3,10,2022,298,0,0,711,68,135,128,111,77,64,52,39,8,22,127,29,310,331,68,63.8,53.6,73.9,52.8,1006.5,7.5,9.4,17.1,39.0,0.1,,0,1,0,0
2022-10-26,4,10,2022,299,0,0,749,66,115,204,116,74,69,56,32,10,28,83,28,326,364,56,48.2,43.0,54.0,39.4,1010.9,9.7,10.7,17.1,25.1,0.68,,0,1,0,0
2022-10-27,5,10,2022,300,0,0,751,81,118,191,100,85,58,68,50,16,23,75,24,336,329,78,45.5,37.0,54.0,36.0,1025.0,10.0,3.9,9.9,,0.04,,0,0,0,0
2022-10-28,6,10,2022,301,0,0,784,67,120,167,107,106,68,63,31,12,38,110,21,362,337,80,50.8,37.0,61.0,37.2,1028.7,10.0,4.5,8.0,,0.0,,0,0,0,0
2022-10-29,7,10,2022,302,1,0,772,65,116,179,121,100,53,25,38,4,18,122,44,415,300,57,50.8,39.0,66.9,39.4,1027.1,9.3,2.9,8.9,,0.0,,1,0,0,0
2022-10-30,1,10,2022,303,1,0,733,70,148,149,147,84,54,30,36,10,25,116,30,366,312,55,52.6,39.0,66.9,43.6,1017.9,8.3,2.7,8.0,,0.0,,0,0,0,0
2022-10-31,2,10,2022,304,0,0,785,56,116,163,129,113,60,59,41,12,27,91,29,359,331,88,55.1,45.0,64.9,52.0,1010.6,3.6,4.3,9.9,,0.07,,1,1,0,0
2022-11-01,3,11,2022,305,0,0,922,88,153,212,135,96,81,110,57,21,26,82,28,365,449,97,55.2,45.0,68.0,43.1,1017.1,7.5,4.9,8.9,,0.02,,0,0,0,0
2022-11-02,4,11,2022,306,0,0,774,70,118,197,97,91,66,61,38,9,24,112,27,351,336,84,56.2,43.0,72.0,43.5,1023.4,10.0,4.1,8.9,,0.0,,0,0,0,0
2022-11-03,5,11,2022,307,0,0,778,69,94,179,102,74,80,64,39,21,23,103,26,363,325,85,62.1,43.0,73.0,48.7,1020.1,10.0,9.3,21.0,28.9,0.0,,0,0,0,0
2022-11-04,6,11,2022,308,0,0,788,82,109,188,104,93,62,49,39,13,22,123,28,406,312,66,64.6,52.0,73.0,51.0,1012.3,9.8,11.2,15.9,28.0,0.0,,0,1,0,1
2022-11-05,7,11,2022,309,1,0,697,67,115,152,106,98,53,39,41,6,23,115,23,326,308,61,62.0,48.9,72.0,52.4,1001.3,9.4,19.3,29.9,49.9,0.23,,0,1,0,0
2022-11-06,1,11,2022,310,1,0,742,65,144,150,139,102,58,28,34,5,23,124,25,350,326,64,50.6,45.0,69.1,39.4,1010.7,10.0,11.9,21.0,38.1,0.05,,0,0,0,0
2022-11-07,2,11,2022,311,0,0,689,61,103,150,95,88,58,56,43,13,23,88,28,283,313,86,48.5,39.0,61.0,26.4,1028.1,10.0,6.5,8.0,,0.0,,0,0,0,0
2022-11-08,3,11,2022,312,0,0,637,58,94,158,84,80,44,44,29,9,27,87,27,284,292,59,47.8,41.0,54.0,34.9,1035.8,10.0,9.6,13.0,,0.0,,0,0,0,0
2022-11-09,4,11,2022,313,0,0,674,55,91,154,94,72,71,38,41,7,27,104,18,314,290,68,55.2,44.1,70.0,37.5,1026.1,10.0,8.1,12.0,,0.0,,0,0,0,0
2022-11-10,5,11,2022,314,0,0,723,57,128,168,119,90,78,39,37,6,22,86,30,336,332,53,67.3,62.1,75.0,45.8,1015.8,10.0,11.4,15.9,27.0,0.0,,0,0,0,0
2022-11-11,6,11,2022,315,0,1,785,59,139,202,133,91,58,55,22,8,23,98,44,370,350,65,51.7,36.0,75.9,38.5,1010.4,10.0,10.1,14.0,24.1,0.0,,0,0,0,0
2022-11-12,7,11,2022,316,1,0,725,80,129,151,114,88,46,41,26,16,22,120,43,345,330,48,34.0,32.0,36.0,22.9,1015.0,9.9,9.6,14.0,19.0,0.0,,0,0,1,0
2022-11-13,1,11,2022,317,1,0,680,69,126,138,113,85,42,29,30,12,25,102,41,320,300,59,33.3,28.9,37.9,19.9,1023.8,9.9,8.2,12.0,19.0,0.0,,0,0,1,0
2022-11-14,2,11,2022,318,0,0,626,60,95,136,91,63,62,51,35,19,17,76,27,257,291,73,32.7,27.0,42.1,17.8,1027.6,10.0,3.4,8.9,,0.0,,0,0,0,0
2022-11-15,3,11,2022,319,0,0,605,59,104,139,78,72,50,44,37,15,21,74,25,247,313,42,35.7,27.1,42.1,26.9,1024.5,5.7,4.9,11.1,,0.06,1.2,1,1,1,0
2022-11-16,4,11,2022,320,0,0,652,78,123,156,100,74,57,52,30,13,23,88,16,260,343,47,34.3,33.1,37.9,30.3,1019.6,4.9,7.6,13.0,,0.19,1.2,0,1,1,0
2022-11-17,5,11,2022,321,0,0,643,68,102,143,85,69,51,51,45,11,26,75,30,260,312,69,31.7,28.9,37.0,24.5,1020.3,9.5,10.7,17.1,27.0,0.04,,0,0,1,0
2022-11-18,6,11,2022,322,0,0,704,66,111,172,98,73,60,48,39,8,29,101,22,270,378,55,27.9,23.0,33.1,17.2,1019.9,9.3,13.0,19.0,28.0,0.0,,0,0,1,0
2022-11-19,7,11,2022,323,1,0,643,64,114,185,103,78,50,33,13,4,15,82,30,297,289,56,22.6,19.9,30.0,11.4,1019.1,9.0,14.0,22.0,35.0,0.0,,0,0,1,0
2022-11-20,1,11,2022,324,1,0,605,60,105,123,101,67,49,28,24,8,21,108,21,289,254,61,21.3,12.9,34.0,7.0,1026.1,10.0,10.4,15.9,27.0,0.0,,0,0,0,0
2022-11-21,2,11,2022,325,0,0,681,58,106,139,89,81,40,66,37,10,23,98,41,297,329,51,35.5,30.0,46.0,15.4,1020.5,10.0,13.0,17.1,27.0,0.0,,0,0,0,0
2022-11-22,3,11,2022,326,0,0,677,53,114,140,88,96,48,65,47,16,22,91,27,300,320,55,37.7,26.1,52.0,20.1,1023.5,10.0,5.0,12.0,19.0,0.0,,0,0,0,0
2022-11-23,4,11,2022,327,0,0,737,65,112,150,98,89,59,51,44,16,19,133,29,338,334,62,43.6,26.2,57.9,29.8,1020.8,10.0,5.9,11.1,15.9,0.0,,0,0,0,0
2022-11-24,5,11,2022,328,0,1,571,69,126,106,116,74,44,25,26,6,26,92,11,281,253,35,45.5,35.1,57.9,35.4,1020.1,10.0,5.7,12.0,,0.0,,0,0,0,0
2022-11-25,6,11,2022,329,0,0,662,63,102,147,90,85,41,56,29,7,16,112,34,309,285,66,43.6,33.1,54.0,33.4,1020.9,9.5,7.0,14.0,17.1,0.0,,0,0,0,0
2022-11-26,7,11,2022,330,1,0,704,80,106,184,103,88,38,28,28,7,21,111,33,354,288,60,43.3,34.0,55.9,25.8,1018.2,10.0,8.0,17.1,27.0,0.0,,0,0,0,0
2022-11-27,1,11,2022,331,1,0,668,91,131,134,125,65,56,35,37,8,20,98,36,302,297,68,44.4,35.1,55.9,35.2,1003.5,9.1,8.5,18.1,25.1,0.22,,0,1,0,0
2022-11-28,2,11,2022,332,0,0,716,61,90,173,85,81,55,71,33,12,25,90,37,319,347,47,37.6,28.9,46.9,29.6,1012.1,10.0,5.6,12.0,21.0,0.04,,0,0,0,0
2022-11-29,3,11,2022,333,0,0,708,85,111,157,108,86,51,64,45,14,23,84,26,299,347,61,46.3,30.2,57.9,39.6,1008.2,9.2,11.0,19.0,34.0,0.0,,0,0,0,0
2022-11-30,4,11,2022,334,0,0,669,69,109,143,97,73,53,59,44,26,18,99,15,268,328,67,33.1,24.1,57.9,22.9,1012.4,9.8,15.8,20.0,35.9,0.03,,0,1,0,0
2022-12-01,5,12,2022,335,0,0,781,75,126,184,79,62,60,120,55,14,25,82,30,273,415,85,24.4,18.0,36.0,11.9,1029.0,10.0,9.4,20.0,34.0,0.0,,0,0,0,0
2022-12-02,6,12,2022,336,0,0,775,84,122,161,111,73,65,67,47,17,24,94,46,328,371,75,40.3,33.1,53.1,22.5,1016.5,10.0,14.1,20.0,31.1,0.0,,0,0,0,0
2022-12-03,7,12,2022,337,1,0,657,70,122,147,108,75,46,45,34,7,22,96,26,260,329,63,36.7,23.0,53.1,23.9,1019.6,9.9,13.3,22.9,35.0,0.0,,0,1,1,0
2022-12-04,1,12,2022,338,1,0,692,85,147,142,115,84,57,53,34,15,13,92,35,299,341,51,26.8,19.0,51.1,10.1,1025.6,10.0,8.8,14.0,22.0,0.0,,0,0,0,0
2022-12-05,2,12,2022,339,0,0,684,73,90,159,92,69,63,64,29,14,27,86,24,290,336,53,35.1,19.2,44.1,21.2,1013.6,10.0,8.2,12.0,21.0,0.0,,0,0,0,0
2022-12-06,3,12,2022,340,0,0,758,70,92,182,102,72,62,72,50,25,17,92,36,335,346,73,40.8,30.2,44.1,33.2,1014.9,8.7,5.9,8.9,,0.0,,0,0,0,0
2022-12-07,4,12,2022,341,0,0,748,81,102,177,95,79,64,72,42,11,22,98,37,325,335,82,39.4,35.1,43.0,35.1,1022.3,4.0,3.7,8.9,,0.0,,1,0,0,0
2022-12-08,5,12,2022,342,0,0,720,69,97,159,113,69,50,60,31,15,35,107,41,333,318,67,36.5,30.0,43.0,28.8,1028.5,8.6,6.3,12.0,,0.0,,0,0,0,0
2022-12-09,6,12,2022,343,0,0,652,64,93,135,95,71,49,58,40,11,17,111,14,266,323,59,36.6,30.2,41.0,31.4,1023.9,6.1,10.3,14.0,22.0,0.01,,0,1,1,0
2022-12-10,7,12,2022,344,1,0,749,70,113,177,117,84,41,39,33,4,21,124,54,367,335,45,38.1,35.1,39.9,34.3,1022.7,4.9,6.0,11.1,18.1,0.45,,0,1,0,0
2022-12-11,1,12,2022,345,1,0,722,78,134,150,119,88,55,29,29,14,24,117,40,341,331,50,38.3,36.0,39.9,32.9,1022.7,8.2,4.5,7.0,,0.02,,0,1,0,0
2022-12-12,2,12,2022,346,0,0,737,88,116,138,102,94,64,63,39,18,30,94,43,331,344,54,38.4,35.1,42.1,31.8,1025.4,9.9,4.9,9.9,,0.0,,0,1,0,0
2022-12-13,3,12,2022,347,0,0,675,64,101,169,82,80,63,63,40,8,32,78,14,271,339,64,36.9,35.1,42.1,28.0,1023.8,10.0,11.5,15.0,21.0,0.0,,0,0,0,0
2022-12-14,4,12,2022,348,0,0,645,73,115,149,105,59,57,58,42,13,16,82,12,248,323,70,39.4,37.0,44.6,34.7,1013.7,5.8,13.8,20.0,28.0,0.29,,0,1,0,0
2022-12-15,5,12,2022,349,0,0,595,57,86,168,79,55,49,45,34,9,13,80,24,237,305,49,36.7,32.0,42.1,32.1,1001.0,6.9,10.1,17.1,27.0,1.24,,0,1,1,0
2022-12-16,6,12,2022,350,0,0,660,70,88,163,89,73,45,58,27,8,19,92,41,284,309,64,30.3,27.0,32.0,23.7,1004.2,7.2,11.4,15.9,28.0,0.04,1.2,0,0,1,0
2022-12-17,7,12,2022,351,1,0,647,72,107,167,101,71,49,19,38,11,21,108,17,293,306,47,25.4,24.1,30.9,18.3,1007.3,8.3,12.9,17.1,28.9,0.02,1.2,0,0,1,0
2022-12-18,1,12,2022,352,1,0,620,63,138,133,98,72,53,29,33,9,32,84,36,272,306,42,19.4,16.0,26.1,11.8,1017.7,9.8,11.7,15.0,24.1,0.0,1.2,0,0,1,0
2022-12-19,2,12,2022,353,0,0,612,65,118,157,91,51,39,42,50,17,21,78,17,229,330,51,16.3,10.0,26.1,6.6,1029.4,10.0,4.2,9.9,,0.0,,0,0,0,0
2022-12-20,3,12,2022,354,0,0,675,67,89,174,81,92,55,52,28,19,24,88,14,293,313,62,27.5,10.9,33.1,19.2,1030.9,10.0,5.5,11.1,,0.0,,0,0,0,0
2022-12-21,4,12,2022,355,0,0,676,65,87,163,87,78,53,46,36,11,22,98,34,301,311,61,20.0,10.9,33.1,12.2,1031.6,9.9,4.9,8.0,,0.0,,0,0,0,0
2022-12-22,5,12,2022,356,0,0,556,54,87,130,86,55,37,49,22,8,25,72,35,211,274,64,28.1,5.0,33.1,22.0,1015.1,5.3,7.4,18.1,27.0,0.0,1.2,1,0,1,0
2022-12-23,6,12,2022,357,0,0,414,44,92,91,69,44,26,36,30,4,22,43,22,136,246,30,-3.9,-8.0,5.0,-12.9,1011.8,3.6,18.0,25.1,41.0,0.09,1.2,0,0,1,0
2022-12-24,7,12,2022,358,1,0,393,39,98,81,85,41,28,15,27,1,27,53,19,139,227,26,3.5,-8.0,14.0,-6.3,1013.6,7.4,17.0,21.0,33.0,0.0,1.2,0,0,1,0
2022-12-25,1,12,2022,359,1,1,418,42,148,47,128,53,41,13,17,1,17,54,20,145,236,35,7.9,-0.9,14.0,-3.5,1017.4,10.0,12.4,18.1,28.9,0.0,1.2,0,0,0,0
2022-12-26,2,12,2022,360,0,0,471,47,115,97,86,56,59,28,18,6,19,56,20,181,241,46,16.8,3.0,21.9,7.0,1020.5,9.5,4.3,11.1,17.1,0.0,1.2,0,0,1,0
2022-12-27,3,12,2022,361,0,0,591,73,96,147,76,64,47,45,33,11,18,78,27,230,307,52,14.7,8.1,24.1,6.9,1023.0,10.0,7.4,15.0,22.9,0.01,1.2,0,0,0,0
2022-12-28,4,12,2022,362,0,0,627,66,113,113,102,79,44,42,39,13,23,103,28,271,300,53,31.5,8.1,45.0,22.3,1010.9,10.0,14.0,18.1,34.0,0.0,1.2,0,0,0,0
2022-12-29,5,12,2022,363,0,0,652,68,106,137,97,95,38,41,37,16,29,95,28,281,322,45,48.6,43.0,57.9,41.5,1008.8,10.0,14.1,18.1,34.0,0.0,1.2,0,0,0,0
2022-12-30,6,12,2022,364,0,0,679,67,124,126,106,100,52,45,38,9,18,95,37,310,306,58,47.7,37.0,59.0,41.8,1013.4,9.4,10.7,19.0,31.1,0.0,,0,0,0,0
2022-12-31,7,12,2022,365,1,0,726,113,149,102,121,128,62,45,37,6,21,88,26,308,368,48,32.2,27.0,39.0,25.6,1014.4,10.0,2.3,5.1,,0.0,,0,0,0,0
2023-01-01,1,1,2023,1,1,1,1132,124,285,131,210,161,95,151,73,11,21,88,25,361,679,70,39.7,26.2,45.0,35.5,1012.8,4.9,4.2,7.0,,0.16,,1,1,0,0
2023-01-02,2,1,2023,2,0,0,659,81,144,114,105,99,45,36,41,17,14,87,28,293,318,43,38.2,32.0,45.0,34.4,1017.4,6.1,3.4,11.1,,0.16,,1,0,0,0
2023-01-03,3,1,2023,3,0,0,742,74,104,144,92,132,52,58,31,21,31,98,32,327,330,83,40.6,32.0,45.0,37.9,1006.7,2.1,8.4,13.0,17.1,0.81,,1,1,0,1
2023-01-04,4,1,2023,4,0,0,690,88,116,148,81,66,53,52,46,20,13,112,37,315,303,66,39.1,33.1,48.0,34.9,1004.2,6.9,5.6,11.1,17.1,0.31,,1,1,0,0
2023-01-05,5,1,2023,5,0,0,660,83,118,142,93,75,37,50,46,15,12,89,36,307,295,50,33.1,32.0,44.1,28.0,1010.4,7.2,7.5,12.0,18.1,0.01,,0,1,1,0
2023-01-06,6,1,2023,6,0,0,735,90,124,136,89,91,51,66,50,18,32,88,41,290,369,69,31.1,25.0,34.0,25.9,1019.3,9.0,7.1,12.0,15.9,0.02,,0,0,1,0
2023-01-07,7,1,2023,7,1,0,718,84,134,164,107,89,54,35,43,12,20,95,42,306,371,39,28.7,25.0,34.0,21.8,1027.1,9.4,4.4,11.1,,0.0,,0,0,0,0
2023-01-08,1,1,2023,8,1,0,615,86,141,87,115,74,48,24,37,22,19,103,42,289,284,38,30.1,27.0,33.1,23.1,1026.2,10.0,3.5,8.0,15.0,0.0,,0,0,0,0
2023-01-09,2,1,2023,9,0,0,664,73,95,139,84,65,64,54,48,17,22,83,29,299,313,49,30.9,25.0,44.1,24.4,1020.7,7.4,7.5,12.0,20.0,0.0,,0,0,0,0
2023-01-10,3,1,2023,10,0,0,665,96,105,137,82,59,52,63,47,30,30,84,25,274,314,69,40.5,25.2,50.0,32.8,1012.4,9.6,5.6,8.0,17.1,0.0,,0,0,0,0
2023-01-11,4,1,2023,11,0,0,760,117,119,159,108,95,64,57,33,34,25,101,23,333,346,76,42.9,34.0,57.0,35.7,1010.1,9.4,3.4,8.0,,0.0,,0,0,0,0
2023-01-12,5,1,2023,12,0,0,676,97,100,144,99,74,50,43,32,22,31,85,37,284,317,75,40.3,37.0,57.0,33.8,1012.5,7.4,10.2,21.0,29.9,0.0,,1,0,0,0
2023-01-13,6,1,2023,13,0,0,703,71,114,163,83,70,65,55,43,13,20,100,31,281,350,66,33.0,28.9,43.0,25.5,1021.7,9.2,13.2,19.0,26.0,0.02,,0,0,1,0
2023-01-14,7,1,2023,14,1,0,762,84,137,147,127,90,69,40,37,13,17,125,34,349,357,54,27.0,24.1,36.0,18.1,1025.8,10.0,6.7,13.0,,0.0,,0,0,0,0
2023-01-15,1,1,2023,15,1,0,764,82,133,162,119,116,53,35,36,15,22,123,21,357,343,63,31.5,24.1,44.1,21.8,1020.7,10.0,10.1,15.9,24.1,0.0,,0,0,0,0
2023-01-16,2,1,2023,16,0,0,684,101,104,123,108,80,46,54,50,26,22,104,27,301,319,61,41.8,26.2,46.9,28.5,1008.8,9.0,11.9,15.9,24.1,0.0,,0,1,0,0
2023-01-17,3,1,2023,17,0,0,744,94,104,168,92,108,37,57,41,25,35,98,19,326,348,61,43.6,37.9,52.0,38.5,1000.0,8.5,13.1,19.0,28.0,0.18,,0,1,0,0
2023-01-18,4,1,2023,18,0,0,690,80,119,140,97,87,63,60,38,16,15,93,19,296,336,56,37.7,36.0,50.0,30.5,1013.3,10.0,7.6,11.1,20.0,0.0,,0,0,0,0
2023-01-19,5,1,2023,19,0,0,689,99,96,149,104,69,59,44,50,23,21,98,15,292,327,62,38.9,36.0,42.1,35.4,1001.3,6.0,9.6,22.9,33.0,0.32,,0,1,1,0
2023-01-20,6,1,2023,20,0,0,685,77,112,160,104,67,56,48,41,15,16,101,22,294,326,59,33.8,30.9,42.1,27.8,1013.8,9.2,10.5,13.0,22.9,0.06,,0,1,1,0
2023-01-21,7,1,2023,21,1,0,722,87,141,174,132,64,52,28,31,14,24,103,37,331,323,67,29.6,28.0,35.1,22.6,1022.2,10.0,6.9,8.9,,0.0,,0,0,1,0
2023-01-22,1,1,2023,22,1,0,651,90,150,113,139,80,42,27,39,14,10,82,26,292,301,55,31.4,28.0,34.0,27.4,1016.4,4.7,3.8,8.9,,0.04,1.2,0,0,1,0
2023-01-23,2,1,2023,23,0,0,686,100,107,123,90,74,58,59,39,24,31,97,23,266,346,69,26.6,21.0,34.0,21.5,1017.1,7.9,8.9,18.1,22.9,0.07,1.2,0,1,1,0
2023-01-24,3,1,2023,24,0,0,638,90,97,145,90,51,62,47,34,21,22,77,23,243,309,78,30.7,21.0,36.0,24.3,1021.2,9.5,8.0,15.9,25.1,0.0,,0,0,0,0
2023-01-25,4,1,2023,25,0,0,622,75,109,137,84,60,61,53,50,12,20,76,24,232,335,51,33.2,28.2,36.0,28.7,1013.4,4.2,5.5,11.1,18.1,0.15,2.0,1,0,1,0
2023-01-26,5,1,2023,26,0,0,602,64,107,143,91,44,59,51,44,7,28,63,24,220,330,47,28.6,19.9,34.0,24.1,1012.0,4.2,8.6,15.0,22.9,0.17,2.0,0,0,1,0
2023-01-27,6,1,2023,27,0,0,653,81,101,141,74,57,59,51,35,17,21,90,48,272,311,66,21.9,12.9,36.0,15.5,1013.7,7.6,11.4,22.0,35.0,0.02,1.2,1,1,1,0
2023-01-28,7,1,2023,28,1,0,656,89,140,145,103,59,44,50,42,18,18,85,41,280,306,61,23.8,12.9,36.0,16.0,1018.8,7.8,8.5,22.0,33.0,0.04,3.1,1,0,1,0
2023-01-29,1,1,2023,29,1,0,546,79,114,106,107,48,50,26,26,11,20,69,30,224,282,38,25.8,19.9,30.9,20.4,1022.2,7.4,10.4,14.0,20.0,0.17,3.1,0,1,1,0
2023-01-30,2,1,2023,30,0,0,584,92,121,115,91,52,53,43,41,22,26,67,13,219,311,46,14.9,8.1,30.9,3.6,1028.9,8.4,8.8,12.0,17.1,0.02,3.1,0,0,1,0
2023-01-31,3,1,2023,31,0,0,543,56,89,113,90,37,52,53,44,14,21,55,17,200,296,42,6.3,-0.9,18.0,-7.2,1031.3,10.0,5.5,11.1,,0.02,3.1,0,0,0,0
2023-02-01,4,2,2023,32,0,0,727,83,123,149,107,51,51,121,50,11,19,79,12,230,407,76,12.7,0.0,27.0,-0.8,1028.2,10.0,8.5,15.9,21.0,0.0,3.1,0,0,0,0
2023-02-02,5,2,2023,33,0,0,649,80,95,139,102,57,54,66,53,22,15,70,18,259,305,77,25.9,6.1,33.1,13.0,1021.1,10.0,10.3,13.0,22.9,0.0,2.0,0,0,0,0
2023-02-03,6,2,2023,34,0,0,644,94,106,138,100,59,41,53,51,26,19,88,20,258,313,72,9.1,-0.9,33.1,-9.0,1033.1,10.0,9.7,15.9,27.0,0.0,2.0,0,0,0,0
2023-02-04,7,2,2023,35,1,0,698,95,127,141,119,69,48,53,34,14,23,82,50,290,332,75,20.3,1.0,42.1,5.7,1025.7,10.0,9.5,15.9,27.0,0.0,2.0,0,0,0,0
2023-02-05,1,2,2023,36,1,0,640,84,135,124,124,70,50,35,29,20,22,86,16,278,296,64,38.8,35.1,42.1,26.9,1012.3,10.0,12.3,18.1,28.0,0.0,1.2,0,0,0,0
2023-02-06,2,2,2023,37,0,0,695,86,133,134,113,93,64,63,47,22,22,66,20,271,359,62,32.4,23.0,45.0,23.2,1021.1,9.1,5.7,15.9,24.1,0.0,2.0,0,0,0,0
2023-02-07,3,2,2023,38,0,0,693,89,118,149,117,65,51,71,41,23,17,80,23,276,334,79,41.4,23.2,51.1,31.8,1012.6,10.0,13.6,18.1,31.1,0.0,,0,0,0,0
2023-02-08,4,2,2023,39,0,0,643,87,97,146,93,54,60,51,46,20,21,72,15,264,315,61,34.5,27.0,51.1,25.5,1023.5,10.0,4.0,8.0,,0.0,,0,0,0,0
2023-02-09,5,2,2023,40,0,0,617,81,96,125,106,72,55,64,46,20,9,55,14,239,310,62,39.0,27.1,44.1,33.8,1011.9,6.2,8.9,17.1,27.0,0.21,,0,1,0,0
2023-02-10,6,2,2023,41,0,0,716,106,99,178,105,82,50,59,36,24,16,66,39,276,345,90,35.7,32.0,42.1,24.8,1021.9,9.2,10.2,15.0,28.9,0.7,,0,1,1,0
2023-02-11,7,2,2023,42,1,0,723,98,128,171,124,81,58,42,31,20,14,98,30,332,329,56,32.6,23.0,46.9,16.9,1028.2,10.0,6.5,13.0,19.0,0.0,,0,0,0,0
2023-02-12,1,2,2023,43,1,0,673,76,159,133,144,93,39,26,25,13,15,94,36,300,306,66,39.2,23.2,52.0,22.3,1018.3,10.0,7.4,13.0,18.1,0.0,,0,0,0,0
2023-02-13,2,2,2023,44,0,0,660,82,119,138,101,62,51,51,49,13,25,84,22,280,320,58,43.5,30.2,52.0,24.6,1009.5,10.0,8.8,13.0,20.0,0.0,,0,0,0,0
2023-02-14,3,2,2023,45,0,0,688,98,135,155,100,71,57,55,56,16,19,71,22,290,322,70,43.2,33.1,55.0,28.2,1009.0,10.0,8.2,17.1,28.9,0.0,,0,1,0,0
2023-02-15,4,2,2023,46,0,0,627,90,129,124,111,62,58,45,44,20,19,68,13,236,320,64,46.6,33.1,55.0,38.5,1003.0,9.7,16.6,27.0,42.0,0.28,,0,1,0,0
2023-02-16,5,2,2023,47,0,0,608,73,116,123,109,64,51,48,45,16,19,63,23,205,343,58,34.2,30.9,51.1,28.4,1014.7,7.1,13.2,24.1,32.1,0.15,1.2,0,1,1,0
2023-02-17,6,2,2023,48,0,0,681,107,114,169,105,47,51,56,51,26,18,80,16,257,332,88,24.1,17.1,35.1,15.8,1022.3,7.8,12.6,19.0,28.9,0.37,1.2,0,0,1,0
2023-02-18,7,2,2023,49,1,0,670,93,119,132,109,81,47,35,41,15,24,100,17,286,322,59,31.0,19.0,44.1,19.5,1023.6,10.0,11.0,15.0,24.1,0.0,1.2,0,0,0,0
2023-02-19,1,2,2023,50,1,0,731,76,152,134,147,84,63,29,38,11,26,113,25,360,309,62,43.5,25.2,51.1,29.1,1012.7,10.0,12.6,20.0,29.9,0.0,1.2,0,0,0,0
2023-02-20,2,2,2023,51,0,0,636,107,110,134,105,70,46,44,40,27,15,84,16,287,278,67,38.6,28.9,51.1,28.4,1008.9,10.0,5.9,9.9,,0.0,,0,0,0,0
2023-02-21,3,2,2023,52,0,0,603,95,101,126,89,67,51,50,35,17,16,79,15,226,304,68,35.0,24.1,48.0,20.5,1005.6,10.0,10.3,20.0,33.0,0.0,,0,0,0,0
2023-02-22,4,2,2023,53,0,0,555,82,98,101,83,58,54,51,38,20,18,66,7,200,282,71,34.0,30.9,39.9,24.9,1007.1,7.7,12.7,20.0,28.0,0.0,,0,1,0,0
2023-02-23,5,2,2023,54,0,0,652,101,94,124,94,50,65,56,48,25,28,74,20,240,342,68,35.4,30.0,39.9,30.9,1009.2,6.6,10.9,21.0,35.0,1.2,,1,1,0,0
2023-02-24,6,2,2023,55,0,0,629,83,106,130,94,61,63,51,54,22,24,59,16,226,335,61,24.2,18.0,39.9,12.9,1033.3,10.0,9.4,20.0,33.0,0.0,,0,0,0,0
2023-02-25,7,2,2023,56,1,0,646,87,125,137,111,85,39,31,53,10,20,72,22,278,310,56,29.3,19.0,37.9,22.0,1026.1,8.8,7.2,13.0,19.0,0.06,1.2,1,0,1,0
2023-02-26,1,2,2023,57,1,0,672,106,135,129,135,74,52,30,36,27,20,89,14,324,286,60,37.1,26.2,52.0,25.5,1016.4,9.3,6.2,12.0,19.0,0.0,2.0,0,0,0,0
2023-02-27,2,2,2023,58,0,0,637,105,138,118,110,64,58,55,42,24,18,56,23,237,318,75,44.4,29.1,57.9,35.5,998.8,7.9,9.7,20.0,29.9,0.42,,0,1,0,1
2023-02-28,3,2,2023,59,0,0,677,96,104,129,105,91,65,48,48,24,22,77,18,274,332,67,41.8,37.9,57.9,31.6,1006.2,10.0,8.5,17.1,29.9,0.59,,0,0,0,0
2023-03-01,4,3,2023,60,0,0,779,95,139,172,98,79,63,129,42,18,21,51,24,260,430,76,44.7,37.9,55.9,35.4,1007.9,9.1,7.3,14.0,19.0,0.28,,0,1,0,0
2023-03-02,5,3,2023,61,0,0,595,77,111,137,95,63,45,48,39,17,23,63,14,241,288,62,39.9,35.1,52.0,29.8,1011.9,10.0,8.5,13.0,22.0,0.0,,0,0,0,0
2023-03-03,6,3,2023,62,0,0,691,78,104,153,106,68,60,57,56,17,15,79,16,281,339,67,35.6,33.1,39.9,29.1,1007.5,9.5,12.0,21.0,31.1,0.0,,0,0,0,0
2023-03-04,7,3,2023,63,1,0,609,98,119,115,118,69,49,50,38,12,23,60,17,240,309,55,37.3,28.4,50.0,29.1,1009.5,8.2,7.4,17.1,21.0,0.0,,0,1,0,0
2023-03-05,1,3,2023,64,1,0,657,84,150,113,124,84,61,35,55,13,18,70,29,270,328,55,39.9,29.1,50.0,31.6,1021.8,8.3,5.6,9.9,,0.05,,1,1,0,0
2023-03-06,2,3,2023,65,0,0,657,97,119,131,101,58,53,65,58,13,11,85,16,252,332,68,44.3,31.1,55.0,36.3,1014.2,9.6,8.3,14.0,20.0,0.12,,0,1,0,1
2023-03-07,3,3,2023,66,0,0,693,92,109,161,124,77,59,59,50,20,14,53,21,260,360,71,40.6,36.0,55.0,28.4,1026.0,10.0,12.8,17.1,21.0,0.03,,0,1,0,0
2023-03-08,4,3,2023,67,0,0,645,69,123,150,110,65,56,53,39,12,19,63,27,227,355,59,39.7,36.0,46.9,18.8,1033.1,10.0,10.5,17.1,20.0,0.0,,0,0,0,0
2023-03-09,5,3,2023,68,0,0,613,62,109,139,94,63,64,58,35,6,21,72,17,252,293,64,38.9,36.0,46.9,22.8,1027.7,10.0,11.7,18.1,28.9,0.0,,0,1,1,0
2023-03-10,6,3,2023,69,0,0,691,99,142,152,117,66,63,52,58,19,22,70,22,263,360,67,34.6,33.1,39.9,30.8,1017.1,4.4,9.5,15.0,24.1,0.45,1.2,0,1,1,0
2023-03-11,7,3,2023,70,1,0,670,69,120,153,140,76,39,53,29,7,18,81,17,274,334,56,35.1,32.0,39.0,28.1,1019.0,9.4,8.4,14.0,,0.01,1.2,0,0,1,0
2023-03-12,1,3,2023,71,1,0,558,59,117,101,97,62,48,43,36,11,13,81,20,228,279,46,34.8,32.0,39.0,30.5,1013.6,5.2,5.8,9.9,19.0,0.18,,0,1,1,0
2023-03-13,2,3,2023,72,0,0,656,93,116,147,90,69,47,41,59,20,28,65,32,263,324,64,30.6,28.0,37.0,22.0,1016.4,9.3,10.6,18.1,28.9,0.03,,0,0,1,0
2023-03-14,3,3,2023,73,0,0,638,95,104,133,105,64,45,60,41,19,18,64,22,270,299,67,28.1,19.9,37.9,14.8,1026.7,9.9,7.4,13.0,18.1,0.0,,0,0,1,0
2023-03-15,4,3,2023,74,0,0,716,85,120,142,124,71,57,57,53,19,25,72,40,291,363,60,34.4,21.0,50.0,20.6,1024.9,10.0,7.1,15.0,24.1,0.0,,0,0,0,0
2023-03-16,5,3,2023,75,0,0,685,90,104,140,120,86,60,54,36,16,36,74,15,295,322,62,44.3,41.0,48.9,29.2,1011.7,9.8,11.5,15.9,22.9,0.0,,0,1,0,0
2023-03-17,6,3,2023,76,0,0,665,81,105,147,84,77,47,50,54,17,16,97,21,283,319,59,37.6,30.0,50.0,30.9,1003.4,7.5,14.2,22.0,32.1,0.25,,0,1,1,0
2023-03-18,7,3,2023,77,1,0,623,78,140,135,108,98,48,29,39,7,15,76,20,271,296,55,20.8,12.0,30.0,7.7,1015.2,9.2,15.3,19.0,31.1,0.04,,0,0,1,0
2023-03-19,1,3,2023,78,1,0,654,98,128,111,111,77,65,24,52,14,19,100,16,284,304,64,26.9,12.0,39.9,10.1,1024.3,10.0,10.4,19.0,24.1,0.0,,0,0,0,0
2023-03-20,2,3,2023,79,0,0,710,87,123,157,93,72,74,63,53,13,18,89,28,302,358,46,37.7,19.0,52.0,13.8,1020.2,10.0,14.7,22.9,34.0,0.0,,0,0,0,0
2023-03-21,3,3,2023,80,0,0,687,86,117,154,113,73,61,45,51,22,22,73,17,283,341,63,45.2,30.2,54.0,25.1,1019.6,10.0,11.6,15.9,26.0,0.0,,0,0,0,0
2023-03-22,4,3,2023,81,0,0,679,84,115,137,123,73,64,54,52,19,10,70,17,268,347,62,43.5,37.9,54.0,37.9,1017.3,7.5,9.8,15.0,25.1,0.0,,0,1,0,0
2023-03-23,5,3,2023,82,0,0,683,94,99,161,83,76,84,57,42,23,11,68,16,296,309,71,43.8,37.0,53.1,38.1,1014.8,6.0,6.9,15.9,21.0,0.32,,1,1,0,1
2023-03-24,6,3,2023,83,0,0,714,93,103,156,116,72,52,51,54,17,20,90,19,297,342,72,39.0,35.1,48.0,29.7,1016.6,10.0,8.7,15.0,19.0,0.28,,0,0,0,0
2023-03-25,7,3,2023,84,1,0,680,107,141,150,127,81,47,36,37,12,16,78,29,295,325,57,37.6,33.8,44.1,30.5,1005.2,6.6,13.9,18.1,28.9,0.76,,0,1,1,0
2023-03-26,1,3,2023,85,1,0,678,79,143,144,128,95,54,29,47,10,15,89,19,291,321,63,40.1,34.0,48.0,29.2,1013.0,9.9,6.1,13.0,,0.01,,0,1,0,0
2023-03-27,2,3,2023,86,0,0,660,93,113,131,111,85,57,59,47,18,12,60,26,254,328,72,38.9,32.0,48.0,30.1,1018.9,10.0,11.1,15.0,20.0,0.12,,0,1,0,0
2023-03-28,3,3,2023,87,0,0,721,89,104,171,109,84,75,46,37,15,17,79,27,302,341,74,38.7,30.0,51.1,22.4,1025.0,10.0,5.0,12.0,21.0,0.0,,0,0,0,0
2023-03-29,4,3,2023,88,0,0,685,81,106,164,99,82,45,48,47,16,17,81,28,295,323,63,39.5,30.2,51.1,21.2,1022.8,9.8,8.0,17.1,26.0,0.0,,0,0,1,0
2023-03-30,5,3,2023,89,0,0,668,90,104,144,113,74,63,45,38,18,15,81,25,282,306,77,35.6,27.0,51.1,17.4,1024.8,10.0,6.8,12.0,18.1,0.0,,0,0,0,0
2023-03-31,6,3,2023,90,0,0,753,86,118,174,131,89,57,58,37,15,22,92,29,315,359,76,57.3,50.0,68.0,45.3,1005.9,9.7,12.9,19.0,33.0,0.07,,1,1,0,1
2023-04-01,7,4,2023,91,1,0,859,103,163,163,121,91,57,124,50,10,20,92,42,340,447,67,44.5,36.0,70.0,36.1,1000.0,9.6,13.5,31.1,45.1,1.15,,1,1,0,1
2023-04-02,1,4,2023,92,1,0,684,104,140,132,127,83,55,32,40,15,16,97,23,306,295,80,39.5,30.0,55.9,29.4,1017.0,10.0,7.3,17.1,28.0,0.03,,0,0,0,0
2023-04-03,2,4,2023,93,0,0,670,74,113,109,95,94,58,61,44,15,32,92,21,276,317,71,52.7,30.2,64.0,34.4,1008.4,10.0,9.1,14.0,24.1,0.0,,0,1,0,0
2023-04-04,3,4,2023,94,0,0,674,77,110,135,86,91,66,69,43,12,11,85,28,278,328,61,47.2,44.1,64.0,42.8,1008.7,9.0,11.5,17.1,32.1,0.29,,0,1,0,1
2023-04-05,4,4,2023,95,0,0,684,90,115,153,96,82,58,60,42,17,10,79,29,271,335,73,63.3,44.1,72.0,54.8,1003.1,9.5,13.8,24.1,40.0,0.65,,0,1,0,1
2023-04-06,5,4,2023,96,0,0,680,85,120,152,103,85,69,61,47,17,10,61,16,278,318,78,40.9,32.0,51.1,24.3,1024.3,10.0,10.4,15.9,28.9,0.23,,0,0,0,0
2023-04-07,6,4,2023,97,0,0,695,97,140,149,112,80,47,50,43,19,14,79,28,276,341,73,43.4,32.0,52.0,24.0,1032.8,10.0,7.2,12.0,14.0,0.0,,0,0,0,0
2023-04-08,7,4,2023,98,1,0,700,91,130,140,121,82,55,55,55,8,12,88,25,280,355,58,46.8,35.1,63.0,27.1,1029.8,10.0,6.2,9.9,15.0,0.0,,0,0,0,0
2023-04-09,1,4,2023,99,1,0,683,74,158,121,125,100,79,33,32,9,20,84,18,313,308,57,54.2,36.0,68.0,27.5,1029.1,10.0,6.1,12.0,18.1,0.0,,0,0,0,0
2023-04-10,2,4,2023,100,0,0,704,90,142,129,135,79,68,62,40,19,15,78,25,299,336,65,59.4,41.0,71.1,28.2,1027.4,10.0,7.0,12.0,18.1,0.0,,0,0,0,0
2023-04-11,3,4,2023,101,0,0,690,92,115,126,141,74,61,56,37,12,24,83,20,296,322,67,65.1,48.9,79.0,35.5,1022.6,10.0,9.7,17.1,28.0,0.0,,0,0,0,0
2023-04-12,4,4,2023,102,0,0,726,77,125,158,107,90,72,48,44,9,17,87,26,327,337,61,70.2,52.0,82.0,42.8,1015.1,10.0,12.1,22.0,34.0,0.0,,0,0,0,0
2023-04-13,5,4,2023,103,0,0,723,91,133,162,130,78,65,50,38,13,16,75,23,304,336,78,70.8,57.0,82.9,40.0,1011.0,10.0,9.0,14.0,24.1,0.0,,0,0,0,0
2023-04-14,6,4,2023,104,0,0,799,76,124,180,157,102,59,44,47,10,34,74,22,356,341,99,71.1,55.9,82.9,37.9,1008.4,10.0,5.1,12.0,18.1,0.0,,0,0,0,0
2023-04-15,7,4,2023,105,1,0,781,97,148,139,144,104,73,41,44,9,29,108,17,352,357,70,71.7,55.9,82.9,48.9,1007.1,10.0,7.4,14.0,34.0,0.0,,0,1,0,1
2023-04-16,1,4,2023,106,1,0,683,66,156,119,139,109,56,33,38,7,21,89,18,287,319,73,55.8,39.0,82.9,46.0,1003.4,8.8,11.9,21.0,34.0,0.02,,0,1,0,0
2023-04-17,2,4,2023,107,0,0,630,91,122,141,108,59,55,58,49,12,29,58,15,205,342,76,35.5,32.0,39.9,28.1,1003.3,7.6,14.6,21.0,33.0,0.12,,0,1,1,0
2023-04-18,3,4,2023,108,0,0,688,83,108,173,108,61,67,56,47,15,19,67,21,274,346,63,42.4,32.0,57.9,26.4,1011.4,10.0,9.2,19.0,32.1,0.07,,0,0,0,0
2023-04-19,4,4,2023,109,0,0,702,81,137,176,121,58,71,44,36,12,19,79,24,268,345,83,51.1,42.1,64.0,31.6,1014.1,10.0,8.8,20.0,22.0,0.0,,0,1,0,1
2023-04-20,5,4,2023,110,0,0,710,80,107,159,115,75,62,56,36,12,22,70,29,291,349,66,60.9,42.1,79.0,46.9,1009.5,10.0,11.2,21.0,36.9,0.11,,0,1,0,1
2023-04-21,6,4,2023,111,0,0,678,75,127,156,114,92,55,52,38,13,13,68,23,279,321,73,53.7,44.1,79.0,39.6,1012.0,10.0,10.6,17.1,27.0,0.02,,0,0,0,0
2023-04-22,7,4,2023,112,1,0,699,73,167,160,140,96,52,36,38,9,17,68,34,275,356,65,43.9,35.1,63.0,29.5,1010.5,9.7,8.6,20.0,31.1,0.0,,1,1,1,0
2023-04-23,1,4,2023,113,1,0,659,70,163,115,150,98,44,30,34,12,27,79,29,273,336,48,39.7,36.0,46.9,28.9,1016.5,10.0,7.5,13.0,19.0,0.05,,0,0,0,0
2023-04-24,2,4,2023,114,0,0,635,80,121,151,115,53,54,58,41,17,25,44,31,266,302,61,42.6,36.0,54.0,24.0,1021.4,10.0,6.9,15.9,20.0,0.0,,0,0,0,0
2023-04-25,3,4,2023,115,0,0,669,66,110,157,100,69,70,51,44,10,25,66,30,250,361,55,43.2,36.0,54.0,32.1,1021.3,8.8,8.7,15.0,20.0,0.13,,0,1,1,0
2023-04-26,4,4,2023,116,0,0,638,69,101,144,104,60,63,50,35,12,25,71,25,241,339,52,41.3,30.9,52.0,28.1,1024.8,10.0,6.3,11.1,14.0,0.04,,0,0,0,0
2023-04-27,5,4,2023,117,0,0,688,79,124,145,123,73,60,48,44,17,20,75,30,288,319,73,48.7,31.1,66.9,29.6,1018.6,10.0,6.8,12.0,19.0,0.0,,0,0,0,0
2023-04-28,6,4,2023,118,0,0,716,93,156,162,131,61,65,60,41,14,14,65,36,286,358,70,54.1,37.0,66.9,33.4,1010.6,10.0,6.9,11.1,,0.0,,0,0,0,0
2023-04-29,7,4,2023,119,1,0,598,92,121,119,125,74,48,30,36,12,18,64,17,252,291,53,50.0,43.0,63.0,34.7,1005.9,9.5,6.2,17.1,25.1,0.0,,0,1,0,0
2023-04-30,1,4,2023,120,1,0,667,84,141,152,123,89,51,30,36,7,24,70,27,276,341,47,44.9,39.9,59.0,35.2,998.6,9.7,9.5,15.9,28.0,0.17,,0,1,0,0
2023-05-01,2,5,2023,121,0,0,749,88,144,144,120,63,79,93,62,12,15,69,23,261,403,77,42.3,39.9,48.9,35.7,996.6,9.4,14.8,22.9,33.0,0.12,,0,1,0,0
2023-05-02,3,5,2023,122,0,0,664,82,112,143,103,81,68,52,43,17,19,57,36,262,328,70,48.5,39.9,54.0,32.5,1000.9,10.0,13.8,20.0,28.9,0.08,,0,0,0,0
2023-05-03,4,5,2023,123,0,0,670,79,120,145,121,70,55,59,44,16,11,64,18,265,337,61,47.9,37.9,59.0,32.9,1011.1,10.0,9.6,19.0,27.0,0.0,,0,0,0,0
2023-05-04,5,5,2023,124,0,0,674,73,106,161,132,66,67,55,40,11,13,59,20,293,314,61,54.7,37.9,72.0,35.4,1014.7,10.0,5.1,13.0,,0.0,,0,0,0,0
2023-05-05,6,5,2023,125,0,0,675,86,106,168,115,63,72,50,30,12,14,67,14,286,331,55,65.1,42.1,78.1,37.7,1015.3,10.0,10.8,15.9,24.1,0.0,,0,0,0,0
2023-05-06,7,5,2023,126,1,0,682,73,153,134,140,89,63,27,32,2,18,81,32,296,326,56,67.1,55.0,78.1,46.6,1016.4,10.0,10.5,15.9,24.1,0.0,,0,1,0,0
2023-05-07,1,5,2023,127,1,0,681,79,155,103,161,89,66,34,30,9,13,85,27,310,313,54,73.7,59.0,87.1,59.0,1011.1,10.0,9.3,15.0,20.0,0.01,,0,0,0,0
2023-05-08,2,5,2023,128,0,0,692,88,131,157,102,85,69,45,49,16,12,77,20,281,345,62,55.4,51.1,66.9,50.6,1013.3,8.2,9.1,15.9,25.1,0.04,,0,1,0,1
2023-05-09,3,5,2023,129,0,0,753,75,114,175,124,88,73,50,43,10,18,93,21,331,347,71,57.1,46.0,70.0,45.8,1019.7,8.9,7.0,15.9,18.1,0.16,,0,0,0,0
2023-05-10,4,5,2023,130,0,0,739,86,112,167,119,73,71,51,45,14,19,77,28,326,335,74,63.8,46.0,81.0,41.4,1021.3,10.0,4.3,9.9,,0.0,,0,0,0,0
2023-05-11,5,5,2023,131,0,0,728,89,123,179,114,78,69,50,40,13,23,67,18,316,335,71,68.9,48.9,84.0,41.8,1018.3,10.0,5.5,11.1,14.0,0.0,,0,0,0,0
2023-05-12,6,5,2023,132,0,0,698,74,117,175,105,83,58,54,38,9,19,62,23,268,356,71,70.4,55.0,84.0,51.7,1015.9,9.7,4.9,11.1,,0.0,,0,1,0,0
2023-05-13,7,5,2023,133,1,0,672,82,125,135,121,92,51,36,35,10,20,89,21,299,313,58,61.3,57.0,77.0,52.8,1018.6,9.0,8.2,13.0,17.1,0.08,,0,1,0,0
2023-05-14,1,5,2023,134,1,0,669,99,156,135,146,79,66,17,29,10,18,85,27,318,300,51,59.1,54.0,70.0,44.5,1025.1,10.0,9.5,15.0,,0.0,,0,1,0,0
2023-05-15,2,5,2023,135,0,0,713,97,131,156,134,68,65,51,39,21,18,72,26,293,340,73,57.6,51.1,68.0,35.3,1027.1,10.0,7.5,11.1,17.1,0.02,,0,1,0,0
2023-05-16,3,5,2023,136,0,0,726,84,152,153,134,78,82,44,48,10,23,79,17,299,342,81,64.0,51.1,81.0,36.6,1014.6,10.0,6.2,24.1,33.0,0.0,,0,0,0,0
2023-05-17,4,5,2023,137,0,0,691,76,139,160,120,79,67,50,41,15,20,83,10,282,336,68,53.7,46.0,61.0,38.6,1014.7,10.0,12.2,17.1,22.0,0.0,,0,0,0,0
2023-05-18,5,5,2023,138,0,0,745,100,135,156,122,84,69,48,61,19,22,71,31,321,349,71,56.4,44.1,75.0,34.1,1017.5,10.0,7.4,12.0,17.1,0.0,,0,0,0,0
2023-05-19,6,5,2023,139,0,0,721,89,130,164,137,74,56,49,33,11,24,73,32,302,331,83,68.0,63.0,73.9,47.1,1013.2,8.6,8.0,15.0,21.0,0.0,,0,1,0,0
2023-05-20,7,5,2023,140,1,0,728,80,133,161,141,85,63,52,39,7,21,85,14,315,345,60,59.4,46.9,75.9,41.2,1019.4,9.7,8.4,15.0,24.1,0.03,,0,0,0,0
2023-05-21,1,5,2023,141,1,0,755,85,152,146,144,118,59,26,27,9,23,101,34,374,310,69,66.7,46.9,81.0,40.5,1020.3,10.0,6.3,9.9,17.1,0.0,,0,0,0,0
2023-05-22,2,5,2023,142,0,0,801,85,153,159,135,105,66,64,35,14,25,93,37,367,375,59,69.7,54.0,82.9,41.5,1019.4,10.0,4.6,14.0,21.0,0.0,,0,0,0,0
2023-05-23,3,5,2023,143,0,0,751,89,105,159,121,103,69,54,33,12,26,89,26,336,340,70,71.6,55.0,86.0,42.3,1019.0,10.0,4.8,14.0,18.1,0.0,,0,0,0,0
2023-05-24,4,5,2023,144,0,0,715,77,118,153,111,81,55,48,45,16,21,99,31,324,331,56,65.5,57.0,86.0,45.3,1020.4,10.0,9.1,19.0,22.9,0.0,,0,0,0,0
2023-05-25,5,5,2023,145,0,0,735,97,117,158,134,84,54,39,57,14,17,97,19,331,337,67,54.4,48.9,66.9,34.5,1024.9,10.0,11.4,17.1,22.0,0.0,,0,0,0,0
2023-05-26,6,5,2023,146,0,0,736,97,123,158,135,79,59,52,45,16,17,77,32,317,339,78,57.1,45.0,70.0,34.8,1026.6,10.0,7.5,13.0,19.0,0.0,,0,0,0,0
2023-05-27,7,5,2023,147,1,0,751,98,155,144,139,100,79,27,32,14,31,62,41,348,332,67,61.5,45.0,73.9,32.6,1025.2,10.0,7.1,12.0,20.0,0.0,,0,0,0,0
2023-05-28,1,5,2023,148,1,0,808,98,170,165,156,108,69,36,32,11,29,97,25,386,345,76,66.6,46.9,80.1,38.1,1021.0,10.0,7.0,14.0,19.0,0.0,,0,0,0,0
2023-05-29,2,5,2023,149,0,0,747,99,142,137,120,92,68,38,43,10,21,93,31,358,318,65,69.1,53.1,86.0,41.1,1016.7,10.0,6.3,9.9,15.9,0.0,,0,0,0,0
2023-05-30,3,5,2023,150,0,0,714,88,146,155,140,79,52,57,41,13,21,62,19,289,335,86,75.3,53.1,91.0,45.9,1014.6,10.0,5.8,13.0,17.1,0.0,,0,0,0,0
2023-05-31,4,5,2023,151,0,0,708,93,131,142,119,74,66,58,51,12,23,72,19,289,332,84,77.9,59.0,91.0,56.8,1014.3,9.7,5.9,13.0,22.9,0.0,,0,1,0,1
2023-06-01,5,6,2023,152,0,0,895,102,153,189,129,84,79,134,65,15,27,55,17,335,465,83,77.8,69.1,90.0,62.2,1016.1,9.9,3.2,25.1,45.1,0.29,,0,1,0,1
2023-06-02,6,6,2023,153,0,0,805,87,152,187,146,84,67,63,56,11,22,80,15,332,397,74,78.1,64.9,91.0,57.5,1017.1,10.0,5.6,11.1,18.1,0.88,,0,0,0,0
2023-06-03,7,6,2023,154,1,0,782,91,157,150,156,83,70,42,48,13,22,91,33,379,325,77,76.5,63.0,91.0,54.3,1016.1,10.0,8.1,15.0,,0.0,,0,0,0,0
2023-06-04,1,6,2023,155,1,0,734,85,168,151,166,82,65,38,32,8,21,93,25,347,318,66,72.5,63.0,87.1,49.7,1016.8,9.7,8.9,14.0,,0.0,,0,0,0,0
2023-06-05,2,6,2023,156,0,0,794,90,138,170,129,95,77,61,44,13,29,92,26,346,363,83,69.3,55.9,84.0,45.7,1017.5,10.0,4.6,11.1,,0.0,,0,0,0,0
2023-06-06,3,6,2023,157,0,0,741,104,137,169,129,94,71,48,56,14,22,69,10,313,346,82,70.6,55.9,84.0,51.9,1014.7,9.0,5.3,15.0,22.9,0.0,,0,0,0,0
2023-06-07,4,6,2023,158,0,0,733,94,111,168,122,69,76,56,50,13,19,83,23,325,328,76,65.7,57.0,77.0,46.8,1012.2,9.9,9.4,17.1,19.0,0.0,,0,0,0,0
2023-06-08,5,6,2023,159,0,0,666,80,119,156,115,79,64,43,38,13,14,69,15,271,320,72,63.3,51.1,75.0,40.6,1012.3,10.0,8.3,14.0,20.0,0.0,,0,0,0,0
2023-06-09,6,6,2023,160,0,0,705,78,120,162,107,80,60,46,35,10,20,84,24,311,331,59,67.3,51.1,82.9,40.6,1012.8,10.0,5.1,12.0,17.1,0.0,,0,0,0,0
2023-06-10,7,6,2023,161,1,0,778,73,163,186,154,104,62,42,40,7,24,74,30,359,348,70,73.7,55.0,86.0,41.8,1009.2,10.0,6.7,12.0,17.1,0.0,,0,0,0,0
2023-06-11,1,6,2023,162,1,0,664,80,168,138,139,87,52,24,47,10,12,87,21,320,277,66,62.1,53.1,82.0,50.5,1008.2,9.5,14.0,22.0,28.9,0.0,,0,1,0,0
2023-06-12,2,6,2023,163,0,0,736,81,111,153,97,102,66,55,54,16,19,105,22,341,321,69,57.3,48.9,70.0,42.5,1010.7,10.0,10.9,22.0,33.0,0.05,,0,0,0,0
2023-06-13,3,6,2023,164,0,0,695,69,119,176,102,80,54,45,45,15,17,79,25,311,323,60,61.1,48.9,70.0,51.1,1004.4,9.1,7.8,13.0,24.1,0.03,,0,1,0,0
2023-06-14,4,6,2023,165,0,0,716,85,136,161,116,83,72,48,61,15,10,86,16,324,321,69,65.3,55.0,77.0,57.4,1003.7,9.7,5.7,18.1,31.1,0.51,,0,1,0,0
2023-06-15,5,6,2023,166,0,0,727,99,123,176,106,82,52,49,47,24,29,78,25,342,311,68,67.1,59.0,80.1,56.9,1005.6,7.6,7.2,17.1,22.0,0.0,,0,0,0,0
2023-06-16,6,6,2023,167,0,0,727,97,117,166,95,84,73,43,41,24,26,77,32,328,334,61,58.2,52.0,80.1,50.0,1012.6,10.0,10.6,17.1,19.0,0.0,,0,0,0,0
2023-06-17,7,6,2023,168,1,0,735,102,151,174,151,79,68,35,39,7,19,55,26,355,321,59,65.7,52.0,81.0,52.0,1014.9,7.7,4.1,9.9,,0.0,,0,0,0,0
2023-06-18,1,6,2023,169,1,0,802,102,168,175,165,107,75,30,26,10,8,109,21,397,325,78,72.5,53.1,86.0,51.9,1010.7,8.3,6.7,15.0,22.0,0.0,,0,0,0,0
2023-06-19,2,6,2023,170,0,0,732,112,138,164,143,71,58,33,40,15,19,78,29,360,306,63,75.4,60.1,87.1,53.9,1010.5,8.8,6.8,13.0,20.0,0.0,,0,0,0,0
2023-06-20,3,6,2023,171,0,0,801,90,161,162,142,94,77,61,45,11,23,97,29,341,381,76,73.0,60.1,87.1,54.1,1015.9,10.0,9.3,15.0,,0.0,,0,0,0,0
2023-06-21,4,6,2023,172,0,0,714,78,126,173,112,80,58,38,47,14,15,97,30,322,309,78,74.8,60.1,88.0,57.9,1018.2,10.0,8.7,15.0,22.0,0.0,,0,0,0,0
2023-06-22,5,6,2023,173,0,0,785,83,140,186,132,103,61,47,32,13,25,99,22,347,352,79,75.9,61.0,88.0,58.0,1016.7,10.0,9.2,15.9,22.9,0.0,,0,0,0,0
2023-06-23,6,6,2023,174,0,0,817,88,124,204,116,89,73,56,47,16,14,102,35,393,327,92,75.1,64.9,86.0,54.0,1013.6,8.6,7.2,15.0,19.0,0.0,,0,0,0,0
2023-06-24,7,6,2023,175,1,0,776,89,166,168,154,92,70,32,37,16,17,92,27,378,323,74,78.5,64.9,93.0,55.7,1012.2,9.8,4.2,13.0,20.0,0.0,,0,0,0,0
2023-06-25,1,6,2023,176,1,0,870,103,178,202,187,86,84,31,44,8,21,90,51,438,360,70,77.5,66.0,93.0,63.3,1004.3,9.3,11.7,22.0,35.9,0.77,,0,1,0,1
2023-06-26,2,6,2023,177,0,0,825,109,118,202,122,102,54,51,68,15,26,82,34,368,379,72,70.6,68.0,86.0,62.7,1002.1,8.9,11.1,19.0,28.0,0.06,,0,1,0,0
2023-06-27,3,6,2023,178,0,0,784,88,141,178,114,94,69,40,55,20,20,96,38,360,359,60,70.5,64.9,78.1,57.1,1009.5,3.1,8.6,12.0,20.0,0.04,,0,0,0,0
2023-06-28,4,6,2023,179,0,0,674,79,105,143,97,78,77,36,37,17,21,77,25,303,289,78,70.5,57.9,84.9,52.7,1014.4,2.0,5.2,15.0,17.1,0.0,,0,0,0,0
2023-06-29,5,6,2023,180,0,0,741,85,129,144,108,103,68,60,46,13,18,86,32,343,325,69,78.2,57.9,88.0,63.9,1011.0,3.4,6.9,9.9,14.0,0.0,,0,1,0,1
2023-06-30,6,6,2023,181,0,0,816,117,144,161,135,95,83,61,44,22,23,102,25,381,350,82,79.7,71.6,89.1,69.4,1011.8,6.4,6.2,15.0,22.0,0.06,,0,1,0,1
2023-07-01,7,7,2023,182,1,0,932,128,167,214,167,92,57,94,56,19,22,73,32,368,464,86,78.1,72.0,91.0,69.0,1011.0,7.2,3.1,9.9,15.9,0.0,,0,1,0,1
2023-07-02,1,7,2023,183,1,0,656,99,155,129,135,90,42,25,43,15,20,67,25,278,316,60,71.0,66.0,86.0,68.7,1007.7,4.5,6.2,14.0,,1.06,,0,1,0,1
2023-07-03,2,7,2023,184,0,0,826,114,149,154,123,120,77,61,48,19,22,86,37,372,380,68,73.8,64.0,88.0,59.7,1011.1,9.9,6.7,12.0,,2.76,,0,0,0,0
2023-07-04,3,7,2023,185,0,1,830,114,190,134,163,117,85,36,44,11,25,92,29,398,366,65,80.1,64.0,91.9,62.8,1013.9,10.0,5.9,9.9,,0.0,,0,0,0,0
2023-07-05,4,7,2023,186,0,0,809,115,190,152,175,108,68,47,44,15,23,73,31,349,397,59,82.0,70.0,91.9,69.1,1013.1,8.7,4.7,11.1,20.0,0.0,,0,1,0,1
2023-07-06,5,7,2023,187,0,0,719,101,125,132,102,96,61,63,45,25,23,60,39,315,329,69,74.0,70.0,91.0,66.4,1013.5,9.0,7.0,12.0,17.1,0.46,,0,1,0,1
2023-07-07,6,7,2023,188,0,0,766,81,119,166,121,87,63,65,47,14,15,85,39,350,329,83,72.3,64.0,82.0,57.7,1014.5,10.0,5.1,8.9,,0.0,,0,0,0,0
2023-07-08,7,7,2023,189,1,0,762,89,158,153,140,102,56,47,45,8,23,84,33,359,351,48,69.3,64.0,81.0,60.0,1011.6,9.5,6.0,12.0,14.0,0.14,,0,1,0,0
2023-07-09,1,7,2023,190,1,0,817,87,155,163,149,118,73,25,32,10,18,96,53,422,335,55,72.6,61.0,84.9,55.0,1011.6,10.0,4.1,8.9,17.1,0.01,,0,0,0,0
2023-07-10,2,7,2023,191,0,0,788,82,144,153,122,92,68,63,45,11,17,102,40,357,352,75,76.6,61.0,87.1,56.4,1012.0,10.0,7.1,12.0,20.0,0.0,,0,0,0,0
2023-07-11,3,7,2023,192,0,0,737,86,140,158,122,75,61,58,44,14,30,88,32,324,342,61,75.9,64.9,87.1,62.6,1011.4,10.0,9.1,20.0,25.1,0.0,,0,1,0,1
2023-07-12,4,7,2023,193,0,0,756,90,135,177,107,77,65,49,69,21,18,86,18,329,361,65,68.5,64.0,86.0,60.8,1011.5,8.6,6.7,13.0,25.1,0.46,,0,1,0,1
2023-07-13,5,7,2023,194,0,0,786,94,118,194,103,80,66,61,38,20,23,90,36,354,329,98,68.8,63.0,78.1,61.9,1010.1,9.8,5.8,14.0,25.1,0.63,,0,1,0,1
2023-07-14,6,7,2023,195,0,0,781,76,134,203,123,85,74,52,52,8,23,75,25,345,351,79,77.3,64.0,90.0,65.5,1009.5,9.9,8.2,14.0,22.9,0.03,,0,1,0,1
2023-07-15,7,7,2023,196,1,0,790,94,147,171,151,97,75,50,39,8,19,98,22,347,372,67,77.5,68.0,90.0,67.5,1008.5,9.7,8.0,31.1,49.9,0.22,,0,1,0,1
2023-07-16,1,7,2023,197,1,0,786,93,181,175,167,101,76,24,37,8,15,75,32,395,313,78,74.9,66.2,82.0,59.7,1010.3,6.9,7.9,14.0,21.0,0.01,,0,0,0,0
2023-07-17,2,7,2023,198,0,0,797,95,147,185,134,107,73,57,45,13,13,76,29,368,358,64,73.8,66.0,81.0,56.6,1011.6,9.0,7.7,13.0,20.0,0.0,,0,0,0,0
2023-07-18,3,7,2023,199,0,0,794,84,129,184,116,89,70,63,46,17,26,86,43,366,332,89,72.1,63.0,81.0,54.5,1014.3,10.0,4.9,8.9,,0.0,,0,0,0,0
2023-07-19,4,7,2023,200,0,0,760,106,124,189,142,62,67,40,45,17,35,86,26,330,336,90,73.9,63.0,86.0,55.1,1016.3,10.0,3.6,8.0,,0.0,,0,0,0,0
2023-07-20,5,7,2023,201,0,0,752,72,129,165,134,92,69,56,34,16,13,93,24,320,334,88,78.8,63.0,87.1,61.3,1012.6,10.0,8.5,15.9,28.0,0.0,,0,0,0,0
2023-07-21,6,7,2023,202,0,0,797,94,126,172,112,104,80,35,55,8,18,98,35,384,347,62,73.4,64.0,87.1,58.0,1014.4,10.0,6.7,11.1,20.0,0.0,,0,0,0,0
2023-07-22,7,7,2023,203,1,0,717,85,142,165,139,98,50,29,45,8,24,79,27,323,327,65,74.4,64.0,84.9,55.9,1013.4,10.0,5.3,12.0,21.0,0.0,,0,0,0,0
2023-07-23,1,7,2023,204,1,0,767,87,153,166,150,95,67,21,34,18,17,98,44,380,310,76,72.1,64.0,84.9,60.6,1012.3,9.8,5.7,14.0,22.0,0.12,,0,1,0,1
2023-07-24,2,7,2023,205,0,0,757,78,154,160,147,86,82,42,39,9,22,91,25,344,330,78,78.1,64.0,89.1,61.9,1015.3,8.6,3.0,8.0,,0.1,,0,0,0,0
2023-07-25,3,7,2023,206,0,0,793,108,125,176,116,102,63,40,55,16,19,87,49,389,318,80,79.3,68.0,91.0,62.5,1017.2,5.5,4.6,12.0,,0.0,,0,0,0,0
2023-07-26,4,7,2023,207,0,0,767,76,151,160,133,93,69,47,50,18,17,91,33,350,337,75,81.1,70.0,91.0,70.1,1011.1,7.4,8.0,13.0,22.0,0.0,,0,1,0,1
2023-07-27,5,7,2023,208,0,0,743,90,129,180,125,87,54,65,35,12,20,80,19,334,338,66,82.7,72.0,91.9,71.4,1012.0,10.0,3.7,8.9,,0.38,,0,0,0,0
2023-07-28,6,7,2023,209,0,0,755,95,133,170,120,98,53,60,38,10,20,87,37,322,363,66,83.6,72.0,93.0,71.8,1013.0,9.7,7.3,20.0,22.9,0.29,,0,1,0,1
2023-07-29,7,7,2023,210,1,0,726,86,161,160,160,98,56,24,38,14,18,75,22,339,320,64,76.2,69.1,93.0,66.6,1015.4,9.3,8.8,27.0,46.0,1.05,,0,1,0,1
2023-07-30,1,7,2023,211,1,0,816,101,190,160,198,112,63,27,28,11,15,87,41,406,343,63,73.9,68.0,82.9,59.6,1018.0,10.0,6.2,13.0,17.1,0.0,,0,0,0,0
2023-07-31,2,7,2023,212,0,0,782,80,148,177,127,106,67,47,51,15,22,87,31,372,342,67,73.1,64.0,82.9,56.3,1019.6,10.0,4.0,8.0,,0.0,,0,0,0,0
2023-08-01,3,8,2023,213,0,0,963,110,139,215,138,108,65,117,42,12,25,102,47,435,434,84,76.1,66.9,84.9,59.2,1020.9,10.0,5.5,11.1,17.1,0.0,,0,0,0,0
2023-08-02,4,8,2023,214,0,0,818,96,113,158,121,121,74,77,46,17,30,71,37,374,366,71,77.5,68.0,84.9,60.9,1018.7,10.0,7.0,11.1,15.9,0.0,,0,0,0,0
2023-08-03,5,8,2023,215,0,0,835,107,126,246,119,79,63,60,50,16,26,70,47,415,330,83,77.8,66.9,90.0,64.4,1015.0,9.9,3.4,8.9,,0.0,,0,0,0,0
2023-08-04,6,8,2023,216,0,0,894,104,122,248,118,81,71,78,51,14,22,104,40,440,369,79,79.2,66.9,90.0,65.4,1014.4,10.0,6.6,14.0,18.1,0.0,,0,0,0,0
2023-08-05,7,8,2023,217,1,0,829,87,137,225,135,87,65,60,36,10,18,83,41,394,355,79,73.7,70.0,86.0,65.9,1014.9,9.1,8.5,14.0,17.1,0.0,,0,1,0,0
2023-08-06,1,8,2023,218,1,0,793,92,147,176,144,113,55,36,40,9,18,90,57,390,344,57,69.8,66.0,77.0,63.7,1011.4,9.0,10.4,15.0,21.0,0.13,,0,1,0,0
2023-08-07,2,8,2023,219,0,0,816,96,141,181,120,96,68,71,61,14,18,83,34,369,370,75,72.0,66.0,82.0,61.7,1009.3,10.0,9.1,15.0,21.0,0.01,,0,0,0,0
2023-08-08,3,8,2023,220,0,0,769,89,127,181,114,77,71,59,43,18,14,97,29,362,335,67,73.6,64.0,84.9,60.4,1012.1,10.0,6.1,13.0,20.0,0.0,,0,0,0,0
2023-08-09,4,8,2023,221,0,0,743,92,120,166,118,80,74,43,40,19,16,93,39,366,303,71,73.0,64.0,84.9,63.5,1010.1,9.3,5.3,8.0,,0.0,,0,0,0,0
2023-08-10,5,8,2023,222,0,0,760,79,137,161,124,85,60,58,56,14,12,84,46,368,346,44,74.0,64.9,86.0,64.1,1007.2,8.7,6.3,11.1,19.0,0.0,,0,0,0,0
2023-08-11,6,8,2023,223,0,0,754,71,132,164,133,85,60,59,39,12,24,91,24,337,349,62,76.8,64.9,86.0,66.2,1007.4,10.0,7.5,14.0,27.0,0.0,,0,0,0,0
2023-08-12,7,8,2023,224,1,0,824,88,147,197,178,98,58,38,39,9,28,97,21,369,373,80,78.7,68.0,87.1,62.0,1008.4,10.0,7.8,22.9,28.0,0.0,,0,0,0,0
2023-08-13,1,8,2023,225,1,0,824,98,166,146,156,116,82,28,30,12,22,92,60,409,353,60,75.0,66.0,87.1,61.8,1013.7,10.0,6.4,9.9,,0.0,,0,0,0,0
2023-08-14,2,8,2023,226,0,0,667,73,115,132,108,92,51,46,33,14,27,82,32,284,330,51,71.7,66.0,81.0,64.0,1013.8,9.0,6.5,18.1,28.0,0.0,,0,1,0,1
2023-08-15,3,8,2023,227,0,0,703,104,109,142,111,88,66,46,37,17,25,85,27,326,315,55,68.2,62.1,78.1,60.2,1013.3,9.1,10.9,15.9,21.0,1.0,,0,1,0,0
2023-08-16,4,8,2023,228,0,0,770,84,134,190,122,87,61,37,38,18,16,98,39,366,330,69,70.2,60.1,82.0,56.3,1015.6,10.0,6.0,14.0,20.0,0.2,,0,0,0,0
2023-08-17,5,8,2023,229,0,0,783,106,130,189,120,74,62,45,44,18,27,93,49,362,351,67,73.2,60.1,82.0,58.4,1007.4,9.7,12.3,19.0,31.1,0.0,,0,1,0,1
2023-08-18,6,8,2023,230,0,0,719,71,115,177,124,87,61,38,29,11,23,83,39,328,324,63,68.7,59.0,80.1,52.3,1015.0,10.0,5.6,11.1,,0.2,,0,0,0,0
2023-08-19,7,8,2023,231,1,0,809,92,163,166,166,92,81,30,38,11,21,110,26,395,337,76,71.7,59.0,84.0,55.8,1015.9,10.0,8.3,15.0,22.0,0.0,,0,0,0,0
2023-08-20,1,8,2023,232,1,0,791,94,158,165,130,90,79,31,31,13,18,85,82,400,313,76,80.3,63.0,91.0,68.4,1015.4,10.0,6.2,12.0,17.1,0.0,,0,0,0,0
2023-08-21,2,8,2023,233,0,0,722,92,133,153,130,100,75,40,38,18,17,68,29,324,329,64,75.8,69.1,91.0,65.7,1021.7,10.0,9.0,12.0,,0.0,,0,0,0,0
2023-08-22,3,8,2023,234,0,0,746,98,134,158,124,78,72,43,49,24,20,78,37,329,338,76,76.9,69.1,90.0,68.1,1021.6,9.1,6.5,12.0,15.9,0.0,,0,0,0,0
2023-08-23,4,8,2023,235,0,0,705,92,138,152,113,72,73,51,50,19,20,50,31,302,323,74,85.8,69.1,98.1,76.3,1014.9,8.7,9.5,15.9,22.9,0.0,,0,0,0,0
2023-08-24,5,8,2023,236,0,0,776,84,122,179,142,80,78,61,58,22,21,61,19,327,362,82,90.2,77.0,100.0,78.5,1009.5,9.7,10.4,17.1,29.9,0.0,,0,0,0,0
2023-08-25,6,8,2023,237,0,0,837,93,141,197,159,102,75,42,36,9,21,85,42,400,360,71,78.5,71.1,100.0,69.7,1012.4,10.0,8.1,15.9,22.0,0.0,,0,0,0,0
2023-08-26,7,8,2023,238,1,0,828,98,147,168,142,117,79,25,34,19,18,87,50,411,350,63,73.7,71.1,82.0,65.6,1014.8,10.0,9.9,21.0,26.0,0.0,,0,0,0,0
2023-08-27,1,8,2023,239,1,0,764,100,171,148,170,68,59,32,39,15,14,91,45,375,322,65,69.1,61.0,77.0,55.1,1017.7,10.0,10.1,21.0,25.1,0.0,,0,0,0,0
2023-08-28,2,8,2023,240,0,0,733,87,123,155,101,77,72,57,55,16,20,75,36,336,340,53,70.1,59.0,82.0,55.2,1016.8,10.0,4.5,9.9,,0.0,,0,0,0,0
2023-08-29,3,8,2023,241,0,0,757,101,132,154,127,71,78,53,46,17,20,81,45,312,351,91,73.3,59.0,87.1,57.3,1013.0,10.0,8.2,20.0,27.0,0.0,,0,0,0,0
2023-08-30,4,8,2023,242,0,0,770,111,135,188,120,87,69,56,42,14,22,70,32,341,354,71,66.4,57.0,72.0,54.3,1016.6,10.0,12.0,18.1,24.1,0.0,,0,0,0,0
2023-08-31,5,8,2023,243,0,0,736,94,125,152,134,75,64,55,47,19,28,79,31,297,363,67,65.5,54.0,79.0,49.8,1019.0,10.0,5.8,15.0,15.9,0.0,,0,0,0,0
2023-09-01,6,9,2023,244,0,0,929,106,141,209,133,83,65,114,47,15,24,92,35,385,437,94,70.5,57.0,84.9,54.5,1021.2,10.0,6.0,11.1,,0.0,,0,0,0,0
2023-09-02,7,9,2023,245,1,0,819,126,126,199,158,72,61,51,36,24,14,84,39,394,343,78,75.7,57.9,89.1,58.5,1018.6,10.0,6.8,14.0,19.0,0.0,,0,0,0,0
2023-09-03,1,9,2023,246,1,0,819,116,167,187,171,89,61,35,39,20,15,85,32,419,321,78,81.3,64.0,93.9,59.2,1014.3,10.0,10.9,15.9,24.1,0.0,,0,0,0,0
2023-09-04,2,9,2023,247,0,0,757,96,167,162,139,120,63,29,41,14,25,61,38,368,325,62,82.7,70.0,93.9,68.3,1012.5,10.0,7.7,11.1,18.1,0.0,,0,0,0,0
2023-09-05,3,9,2023,248,0,0,836,104,138,179,149,102,66,58,45,15,31,77,39,359,376,94,83.8,71.1,93.9,68.2,1011.2,10.0,9.7,15.0,25.1,0.0,,0,0,0,0
2023-09-06,4,9,2023,249,0,0,735,96,144,167,112,90,77,40,47,17,25,71,28,308,343,83,77.2,71.1,93.9,67.6,1008.3,9.9,10.8,17.1,25.1,0.07,,0,1,0,1
2023-09-07,5,9,2023,250,0,0,750,92,136,163,135,83,65,50,41,19,35,71,30,317,357,74,68.8,64.9,82.9,62.8,1011.2,8.9,8.5,13.0,17.1,0.03,,0,1,0,0
2023-09-08,6,9,2023,251,0,0,732,91,132,170,136,80,65,67,37,15,12,58,36,292,356,78,64.9,61.0,71.1,57.3,1017.0,10.0,9.3,14.0,21.0,0.01,,0,1,0,0
2023-09-09,7,9,2023,252,1,0,761,74,152,165,132,98,85,49,38,7,21,77,32,342,354,59,64.9,55.9,75.9,53.4,1021.0,10.0,7.7,11.1,17.1,0.0,,0,0,0,0
2023-09-10,1,9,2023,253,1,0,708,69,160,146,145,101,66,48,33,7,14,66,31,321,328,56,66.7,54.0,82.9,52.3,1020.5,10.0,2.8,11.1,,0.0,,0,0,0,0
2023-09-11,2,9,2023,254,0,0,676,64,129,141,113,82,61,47,47,14,24,62,43,284,329,61,67.0,54.0,82.9,59.9,1017.9,7.8,5.4,11.1,,0.41,,0,1,0,1
2023-09-12,3,9,2023,255,0,0,624,79,106,156,102,71,57,42,50,10,20,49,20,260,289,69,63.2,57.0,72.0,55.7,1018.0,9.7,7.2,11.1,17.1,0.37,,0,1,0,0
2023-09-13,4,9,2023,256,0,0,704,77,122,160,102,68,88,64,46,12,19,67,23,262,352,82,62.3,54.0,72.0,51.7,1018.8,10.0,5.1,13.0,18.1,0.0,,0,0,0,0
2023-09-14,5,9,2023,257,0,0,673,74,96,155,114,54,62,46,52,17,16,72,29,274,320,75,62.9,53.1,73.9,50.8,1021.1,10.0,4.2,8.9,14.0,0.0,,0,0,0,0
2023-09-15,6,9,2023,258,0,0,824,103,141,171,151,98,76,47,44,17,27,85,42,366,357,97,65.4,53.1,79.0,49.0,1020.6,10.0,3.4,8.0,,0.0,,0,0,0,0
2023-09-16,7,9,2023,259,1,0,740,98,127,135,158,87,56,28,40,6,16,104,40,376,299,63,66.1,54.0,79.0,53.8,1017.1,10.0,3.9,8.0,,0.0,,0,1,0,0
2023-09-17,1,9,2023,260,1,0,800,105,166,153,168,99,80,24,45,8,27,83,47,379,349,69,61.6,59.0,70.0,57.5,1014.4,8.3,7.6,15.9,19.0,0.94,,0,1,0,0
2023-09-18,2,9,2023,261,0,0,716,94,138,142,124,82,72,48,42,9,27,71,41,304,323,85,61.3,53.1,73.0,53.2,1017.0,10.0,4.8,11.1,,0.69,,0,0,0,0
2023-09-19,3,9,2023,262,0,0,635,72,107,142,109,62,56,43,32,17,20,57,42,278,303,52,60.6,54.0,73.0,54.3,1016.4,9.6,5.3,8.9,,0.0,,0,1,0,0
2023-09-20,4,9,2023,263,0,0,803,93,138,183,128,83,68,51,56,10,19,94,32,356,359,85,70.0,57.9,80.1,56.4,1016.4,10.0,7.8,14.0,21.0,0.28,,0,1,0,0
2023-09-21,5,9,2023,264,0,0,736,90,106,154,126,92,51,29,48,13,16,91,62,351,315,69,70.9,63.0,81.0,60.0,1020.5,9.6,2.8,9.9,15.9,0.01,,0,1,0,0
2023-09-22,6,9,2023,265,0,0,737,83,104,157,97,83,69,43,36,17,28,100,50,356,310,69,71.1,66.0,81.0,62.7,1020.8,9.0,4.6,8.0,,0.06,,0,1,0,0
2023-09-23,7,9,2023,266,1,0,806,81,135,145,155,90,73,48,36,11,20,110,57,386,355,59,72.8,64.9,81.0,56.3,1018.2,10.0,7.4,12.0,17.1,0.01,,0,0,0,0
2023-09-24,1,9,2023,267,1,0,821,88,161,164,158,101,73,27,46,9,15,90,66,405,343,70,68.5,59.0,81.0,53.9,1016.0,10.0,7.4,13.0,17.1,0.0,,0,0,0,0
2023-09-25,2,9,2023,268,0,0,738,90,123,157,108,75,63,61,50,17,25,78,43,313,331,86,69.5,59.0,79.0,59.5,1017.3,9.8,6.6,8.9,,0.0,,0,1,0,1
2023-09-26,3,9,2023,269,0,0,752,83,117,196,115,85,69,38,28,16,22,71,51,343,338,67,67.1,63.0,75.0,61.9,1018.1,9.7,8.5,15.0,20.0,0.11,,0,1,0,1
2023-09-27,4,9,2023,270,0,0,737,87,119,190,128,70,65,42,56,18,22,65,21,301,351,79,67.0,62.6,72.0,61.8,1017.7,9.0,7.5,13.0,18.1,0.38,,0,1,0,0
2023-09-28,5,9,2023,271,0,0,716,94,111,179,113,63,75,43,38,14,21,68,31,312,328,73,67.1,61.0,72.0,60.4,1017.8,10.0,7.2,12.0,,0.02,,0,1,0,0
2023-09-29,6,9,2023,272,0,0,798,90,146,164,130,76,91,52,49,14,17,88,36,357,363,71,66.7,59.0,77.0,59.0,1019.3,8.1,3.9,9.9,,0.01,,1,0,0,0
2023-09-30,7,9,2023,273,1,0,775,83,133,164,162,90,77,39,40,6,23,92,28,351,334,81,70.6,59.0,84.0,59.8,1021.6,9.4,6.0,8.9,,0.0,,0,0,0,0
2023-10-01,1,10,2023,274,1,0,916,90,174,194,173,97,71,98,47,13,12,95,38,400,412,92,74.1,61.0,87.1,59.7,1024.0,10.0,4.2,8.0,,0.0,,0,0,0,0
2023-10-02,2,10,2023,275,0,0,790,94,147,188,150,71,80,53,45,17,20,79,28,331,379,75,74.0,63.0,87.1,59.8,1022.7,9.9,3.4,8.9,,0.0,,0,0,0,0
2023-10-03,3,10,2023,276,0,0,730,95,116,168,130,90,58,57,41,11,20,62,34,339,315,73,75.3,64.0,87.1,58.4,1019.3,10.0,5.0,11.1,18.1,0.0,,0,0,0,0
2023-10-04,4,10,2023,277,0,0,806,91,132,166,141,105,69,50,54,16,15,74,52,369,358,76,78.0,64.0,87.1,57.7,1014.3,10.0,9.1,15.0,24.1,0.0,,0,0,0,0
2023-10-05,5,10,2023,278,0,0,757,111,110,184,112,89,59,54,58,12,17,76,32,322,360,71,71.0,68.0,84.0,59.7,1012.5,9.0,6.0,12.0,21.0,0.3,,0,1,0,1
2023-10-06,6,10,2023,279,0,0,741,88,113,168,108,83,69,51,33,18,18,76,52,328,332,78,57.7,48.9,73.0,42.7,1013.5,9.9,8.7,15.9,28.0,0.21,,0,1,0,0
2023-10-07,7,10,2023,280,1,0,661,69,126,167,112,62,41,42,27,15,22,83,32,286,316,58,51.6,46.0,62.1,38.0,1018.5,10.0,11.0,14.0,24.1,0.02,,0,0,0,0
2023-10-08,1,10,2023,281,1,0,723,83,145,164,119,83,57,30,37,11,20,115,34,372,292,56,51.3,45.0,61.0,35.9,1015.5,10.0,6.6,8.9,,0.0,,0,0,0,0
2023-10-09,2,10,2023,282,0,0,756,87,123,160,105,94,59,50,37,20,12,113,59,357,325,70,51.2,44.1,59.0,33.9,1010.1,10.0,7.6,15.0,22.9,0.0,,0,0,0,0
2023-10-10,3,10,2023,283,0,0,706,76,94,152,109,71,56,78,41,15,12,62,42,311,315,75,51.6,42.1,64.0,31.1,1008.5,10.0,7.2,14.0,22.0,0.0,,0,0,0,0
2023-10-11,4,10,2023,284,0,0,671,81,117,170,101,64,53,44,40,8,24,80,29,265,329,74,54.6,42.1,66.9,34.0,1009.1,10.0,4.5,8.9,,0.0,,0,1,0,0
2023-10-12,5,10,2023,285,0,0,667,95,112,169,117,54,66,40,39,20,29,67,19,247,343,74,57.6,42.1,66.9,52.1,1010.8,9.0,8.2,15.0,19.0,0.25,,0,1,0,0
2023-10-13,6,10,2023,286,0,0,743,79,124,173,141,78,52,44,38,9,32,93,40,313,345,81,58.6,55.0,62.1,50.7,1012.4,9.7,11.8,15.0,22.9,0.1,,0,1,0,0
2023-10-14,7,10,2023,287,1,0,728,85,130,175,119,87,55,35,37,14,22,91,32,310,345,68,55.6,53.1,60.1,50.8,1007.6,6.6,14.6,22.0,35.0,0.76,,0,1,0,0
2023-10-15,1,10,2023,288,1,0,819,103,150,161,129,122,69,30,52,18,23,105,46,388,343,83,52.2,46.9,60.1,43.5,1017.5,9.7,11.0,14.0,20.0,0.37,,0,1,0,0
2023-10-16,2,10,2023,289,0,0,714,98,110,171,105,78,58,49,55,19,16,79,18,294,327,88,52.6,46.9,60.1,43.6,1017.3,9.9,9.4,13.0,,0.01,,0,1,0,0
2023-10-17,3,10,2023,290,0,0,751,87,118,154,116,74,92,47,50,12,22,74,51,339,343,66,51.2,41.0,64.0,40.9,1017.3,10.0,3.7,12.0,,0.0,,0,0,0,0
2023-10-18,4,10,2023,291,0,0,787,91,129,165,135,81,81,47,58,16,28,81,28,317,393,72,55.5,41.0,68.0,43.8,1013.7,10.0,6.1,12.0,22.9,0.0,,0,0,0,0
2023-10-19,5,10,2023,292,0,0,721,105,110,175,114,85,61,27,55,22,28,72,38,282,349,88,59.0,46.0,68.0,51.4,1006.6,9.9,8.0,14.0,21.0,0.04,,0,1,0,0
2023-10-20,6,10,2023,293,0,0,780,95,125,179,128,90,71,48,38,18,17,76,44,342,375,61,55.9,53.1,61.0,47.8,1004.1,9.5,8.8,15.9,22.0,0.1,,0,1,0,0
2023-10-21,7,10,2023,294,1,0,712,61,147,145,145,94,59,22,35,6,23,91,40,306,328,76,54.2,46.9,64.9,43.9,1004.8,10.0,7.1,20.0,28.0,0.0,,0,0,0,0
2023-10-22,1,10,2023,295,1,0,718,94,136,148,128,88,56,19,56,7,16,80,56,332,322,64,50.9,42.1,64.9,40.2,1018.0,9.7,8.4,18.1,21.0,0.02,,0,1,0,0
2023-10-23,2,10,2023,296,0,0,752,97,127,178,122,94,67,44,36,14,15,67,45,349,319,81,52.9,43.0,66.9,40.5,1019.6,10.0,7.0,15.0,20.0,0.0,,0,0,0,0
2023-10-24,3,10,2023,297,0,0,819,92,135,181,135,96,88,46,47,13,22,77,61,382,357,75,68.7,62.1,82.0,49.8,1015.3,10.0,11.2,18.1,28.9,0.0,,0,0,0,0
2023-10-25,4,10,2023,298,0,0,781,86,140,169,129,93,86,42,41,20,34,72,25,324,379,74,66.1,60.8,75.9,57.1,1016.6,9.1,8.1,15.0,22.9,0.06,,0,1,0,0
2023-10-26,5,10,2023,299,0,0,759,91,127,178,125,94,70,46,46,24,27,75,20,313,362,79,67.4,62.1,72.0,61.0,1014.9,8.6,7.8,15.9,27.0,0.08,,0,1,0,0
2023-10-27,6,10,2023,300,0,0,748,82,110,155,115,73,56,45,41,12,28,111,50,343,334,69,67.5,55.9,72.0,62.5,1013.5,9.2,10.4,15.9,27.0,0.08,,0,1,0,0
2023-10-28,7,10,2023,301,1,0,778,70,130,173,142,114,60,25,26,6,24,98,59,372,333,72,46.7,39.9,55.9,36.2,1023.5,9.9,9.9,14.0,21.0,0.06,,0,0,0,0
2023-10-29,1,10,2023,302,1,0,744,88,142,144,133,91,65,37,37,14,19,78,64,324,350,70,46.2,39.0,52.0,37.1,1021.3,10.0,10.6,15.9,18.1,0.01,,0,1,0,0
2023-10-30,2,10,2023,303,0,0,620,82,110,169,90,55,49,29,49,14,12,77,20,235,314,66,39.4,33.1,46.9,23.8,1021.9,10.0,9.4,13.0,19.0,0.0,,0,1,0,0
2023-10-31,3,10,2023,304,0,0,706,75,114,173,127,74,52,47,40,17,25,90,20,278,352,73,33.7,30.0,44.1,22.1,1021.0,8.5,8.3,17.1,29.9,0.0,,1,0,1,0
2023-11-01,4,11,2023,305,0,0,827,98,130,179,116,61,63,113,72,23,23,83,14,294,427,90,35.5,28.9,42.1,26.1,1026.9,9.4,8.4,18.1,29.9,0.03,,0,0,1,0
2023-11-02,5,11,2023,306,0,0,769,102,117,189,123,75,65,57,52,24,18,73,36,302,383,80,43.7,29.1,57.0,26.1,1023.6,10.0,9.0,13.0,22.9,0.0,,0,0,0,0
2023-11-03,6,11,2023,307,0,0,775,104,117,160,132,89,67,49,38,14,29,104,31,341,366,67,51.5,36.0,59.0,32.7,1017.9,10.0,10.9,14.0,25.1,0.0,,0,0,0,0
2023-11-04,7,11,2023,308,1,0,800,100,118,180,119,99,63,53,27,15,14,86,62,398,330,70,51.5,43.0,60.1,42.1,1019.5,9.7,5.1,8.9,,0.01,,0,1,0,0
2023-11-05,1,11,2023,309,1,0,720,74,136,133,125,95,68,33,36,13,17,101,29,349,291,77,48.3,37.9,62.1,37.6,1020.7,7.5,4.4,11.1,17.1,0.0,,1,0,0,0
2023-11-06,2,11,2023,310,0,0,739,79,118,177,112,86,57,41,60,14,26,60,46,316,349,74,60.1,55.9,69.1,42.3,1009.2,10.0,12.5,18.1,28.0,0.0,,0,0,0,0
2023-11-07,3,11,2023,311,0,0,762,95,110,192,98,92,61,48,45,19,28,75,28,304,390,66,51.9,41.0,69.1,40.9,1012.4,10.0,8.5,13.0,20.0,0.0,,0,0,0,0
2023-11-08,4,11,2023,312,0,0,702,101,117,147,125,64,82,49,50,19,23,61,22,279,343,76,49.8,43.0,55.9,43.4,1010.3,9.5,8.7,15.0,19.0,0.0,,0,1,0,0
2023-11-09,5,11,2023,313,0,0,704,62,113,166,114,84,66,46,37,11,33,72,21,280,356,61,49.0,39.9,55.9,37.6,1014.7,9.5,9.7,15.0,28.0,0.08,,0,1,0,0
2023-11-10,6,11,2023,314,0,0,734,91,118,168,104,84,59,52,40,19,25,84,30,302,351,77,43.7,37.9,55.9,29.4,1020.8,10.0,7.8,14.0,19.0,0.0,,0,0,0,0
2023-11-11,7,11,2023,315,1,1,715,99,129,140,118,89,52,33,40,22,19,76,48,355,297,60,39.6,30.0,51.1,28.8,1029.6,10.0,3.6,8.0,,0.0,,0,0,0,0
2023-11-12,1,11,2023,316,1,0,685,86,144,148,137,88,64,27,32,8,17,85,29,303,315,66,47.6,30.2,57.0,30.6,1028.1,10.0,9.0,15.9,22.9,0.0,,0,0,0,0
2023-11-13,2,11,2023,317,0,0,696,87,109,141,123,81,62,50,42,13,26,58,35,293,331,67,51.1,42.1,63.0,29.9,1025.7,10.0,8.5,12.0,19.0,0.0,,0,0,0,0
2023-11-14,3,11,2023,318,0,0,704,98,111,158,119,68,61,44,52,16,16,77,29,287,344,65,46.5,32.0,63.0,24.6,1028.0,10.0,4.7,12.0,21.0,0.0,,0,0,0,0
2023-11-15,4,11,2023,319,0,0,724,99,118,162,117,64,73,39,53,33,29,73,22,280,354,88,51.8,43.0,64.4,30.7,1021.6,10.0,7.6,11.1,,0.0,,0,0,0,0
2023-11-16,5,11,2023,320,0,0,757,99,133,167,128,92,65,42,43,21,30,78,27,331,356,69,53.5,44.1,66.0,40.0,1017.6,9.8,7.0,19.0,31.1,0.0,,0,0,0,0
2023-11-17,6,11,2023,321,0,0,790,94,126,213,125,83,70,38,41,18,21,83,32,316,393,77,54.3,42.1,66.0,43.2,1011.5,9.8,10.8,19.0,24.1,0.01,,0,1,0,0
2023-11-18,7,11,2023,322,1,0,694,90,140,138,119,84,55,22,43,11,32,103,34,323,305,65,40.4,30.9,60.1,22.7,1017.7,10.0,6.4,14.0,20.0,0.0,,0,0,0,0
2023-11-19,1,11,2023,323,1,0,703,73,146,130,145,100,56,31,34,13,18,82,39,336,310,56,44.6,31.1,54.0,30.1,1016.5,10.0,4.9,9.9,,0.0,,0,0,0,0
2023-11-20,2,11,2023,324,0,0,683,68,134,142,110,84,62,48,45,17,23,66,37,253,356,69,46.1,35.1,54.0,35.5,1020.2,10.0,10.7,15.9,22.9,0.0,,0,1,0,0
2023-11-21,3,11,2023,325,0,0,631,69,106,149,94,62,46,39,41,16,18,95,35,279,284,63,42.7,39.9,50.0,38.4,1013.5,8.5,10.3,15.0,20.0,0.54,,0,1,0,0
2023-11-22,4,11,2023,326,0,0,681,88,111,154,104,93,43,48,41,24,19,78,27,283,327,65,39.3,34.0,46.0,33.1,1015.7,10.0,7.1,14.0,20.0,0.05,,0,0,0,0
2023-11-23,5,11,2023,327,0,1,559,53,143,112,118,73,45,13,41,4,19,59,43,236,266,57,39.2,33.1,48.0,30.0,1014.8,10.0,8.9,12.0,,0.0,,0,0,0,0
2023-11-24,6,11,2023,328,0,0,678,74,132,155,129,80,44,32,34,6,22,71,52,250,377,48,31.2,25.0,48.0,19.7,1028.8,10.0,10.5,14.0,24.1,0.0,,0,0,0,0
2023-11-25,7,11,2023,329,1,0,707,95,125,183,111,86,49,28,43,11,20,76,36,278,366,62,30.1,24.1,39.0,15.8,1029.1,10.0,4.0,7.0,,0.0,,0,0,0,0
2023-11-26,1,11,2023,330,1,0,737,99,159,149,121,84,63,34,54,13,16,77,64,324,355,57,31.7,24.1,39.0,25.4,1016.8,5.6,3.4,12.0,20.0,0.05,1.2,1,0,1,0
2023-11-27,2,11,2023,331,0,0,662,83,106,150,74,77,58,48,55,19,26,52,42,254,337,70,26.0,21.0,33.1,17.0,1014.6,10.0,11.0,15.0,22.9,0.12,1.2,0,0,1,0
2023-11-28,3,11,2023,332,0,0,673,89,104,178,91,74,56,48,50,20,23,63,20,251,349,70,18.5,14.0,28.9,7.4,1023.2,9.8,9.3,15.0,21.0,0.0,1.2,0,0,1,0
2023-11-29,4,11,2023,333,0,0,709,90,114,173,122,73,66,49,52,18,23,66,17,269,373,61,27.0,15.1,39.9,16.7,1015.5,10.0,9.3,13.0,21.0,0.0,,0,0,0,0
2023-11-30,5,11,2023,334,0,0,713,82,97,179,113,62,56,63,52,19,28,57,29,251,373,79,39.5,20.1,51.1,30.6,1010.4,9.9,9.2,14.0,22.9,0.0,,0,0,0,0
2023-12-01,6,12,2023,335,0,0,827,97,126,214,116,71,54,87,70,16,18,71,37,280,448,93,43.9,37.0,51.1,39.3,1010.8,6.6,5.9,11.1,,0.17,,0,1,0,0
2023-12-02,7,12,2023,336,1,0,720,67,137,176,122,94,59,43,38,14,18,63,48,311,349,59,40.6,39.0,44.1,37.3,1014.1,9.4,6.6,9.9,,0.49,,0,1,0,0
2023-12-03,1,12,2023,337,1,0,665,81,142,122,139,76,53,37,36,12,18,79,48,268,344,53,39.3,37.0,43.0,35.9,1009.2,7.7,5.3,12.0,18.1,0.18,,0,1,0,0
2023-12-04,2,12,2023,338,0,0,713,97,104,175,113,77,46,44,61,18,15,68,40,286,357,65,37.0,32.0,41.0,30.4,1013.7,10.0,5.1,8.9,,0.1,,0,0,0,0
2023-12-05,3,12,2023,339,0,0,661,94,97,164,86,73,53,47,49,22,18,66,30,243,345,68,36.8,33.1,41.0,31.9,1017.0,7.2,6.9,12.0,,0.03,,0,1,1,0
2023-12-06,4,12,2023,340,0,0,662,72,105,166,115,63,62,55,34,16,18,61,31,274,327,56,35.2,32.0,41.0,26.9,1024.2,10.0,7.4,13.0,15.9,0.09,,0,0,0,0
2023-12-07,5,12,2023,341,0,0,647,71,105,135,116,71,61,49,49,13,23,57,30,250,336,51,41.0,32.0,51.1,32.0,1013.0,10.0,10.5,19.0,28.0,0.0,,0,0,0,0
2023-12-08,6,12,2023,342,0,0,745,96,106,164,125,95,69,53,32,17,23,89,23,313,349,80,49.5,37.0,55.9,40.2,1005.6,10.0,11.9,19.0,28.0,0.0,,0,0,0,0
2023-12-09,7,12,2023,343,1,0,724,82,122,188,120,80,59,39,36,17,19,80,37,299,342,82,50.0,41.0,55.9,43.0,1006.4,9.1,12.7,21.0,35.9,0.16,,0,1,0,0
2023-12-10,1,12,2023,344,1,0,664,90,124,152,126,86,62,33,29,11,14,58,36,286,325,51,35.0,32.0,54.0,26.7,1014.9,10.0,10.7,18.1,32.1,0.08,,0,0,0,0
2023-12-11,2,12,2023,345,0,0,691,82,114,156,114,79,56,51,41,20,25,70,31,273,347,62,30.7,28.0,35.1,21.7,1020.8,9.6,5.7,8.9,,0.0,,0,0,1,0
2023-12-12,3,12,2023,346,0,0,667,106,112,182,95,45,62,50,45,21,16,59,30,263,327,69,34.1,28.2,37.9,24.2,1024.0,10.0,8.6,13.0,17.1,0.0,,0,0,0,0
2023-12-13,4,12,2023,347,0,0,608,73,96,130,93,84,56,44,43,16,19,52,36,226,315,62,31.0,23.0,41.0,14.6,1036.7,10.0,4.6,8.9,,0.0,,0,0,0,0
2023-12-14,5,12,2023,348,0,0,718,92,104,192,107,68,53,56,56,15,25,58,32,255,384,77,38.2,24.3,51.1,21.8,1038.0,10.0,6.5,12.0,18.1,0.0,,0,0,0,0
2023-12-15,6,12,2023,349,0,0,703,86,102,169,107,79,50,56,50,15,16,80,19,285,351,61,42.9,32.0,53.1,29.5,1031.9,10.0,5.4,11.1,,0.0,,0,0,0,0
2023-12-16,7,12,2023,350,1,0,696,69,118,179,107,67,41,34,39,6,24,112,31,281,333,79,44.4,36.0,53.1,32.6,1023.6,9.0,7.3,12.0,,0.0,,0,1,0,0
2023-12-17,1,12,2023,351,1,0,715,97,161,149,149,100,57,22,38,15,17,85,32,302,353,58,43.1,37.9,46.0,40.3,1011.5,8.4,7.7,13.0,21.0,0.41,,0,1,0,0
2023-12-18,2,12,2023,352,0,0,703,83,142,167,120,78,72,38,52,14,21,72,26,281,355,64,33.1,25.0,44.1,23.0,1011.1,9.8,14.1,20.0,35.0,0.0,,0,1,1,0
2023-12-19,3,12,2023,353,0,0,690,78,114,191,102,92,55,45,44,13,21,59,22,247,372,64,23.3,17.1,36.0,11.8,1023.9,10.0,8.0,15.0,21.0,0.0,,0,0,0,0
2023-12-20,4,12,2023,354,0,0,714,76,130,194,112,59,72,45,41,13,26,66,43,268,379,62,34.9,18.0,45.0,21.4,1025.2,10.0,5.9,9.9,19.0,0.0,,0,0,0,0
2023-12-21,5,12,2023,355,0,0,710,67,95,193,113,58,59,54,42,15,28,78,22,270,364,66,40.1,30.2,48.0,30.6,1027.5,9.8,4.5,6.0,,0.0,,0,0,0,0
2023-12-22,6,12,2023,356,0,0,703,78,113,193,105,92,55,36,24,13,21,83,27,312,330,61,43.9,33.1,48.0,38.1,1022.4,8.9,4.7,6.0,,0.01,,0,1,0,0
2023-12-23,7,12,2023,357,1,0,737,78,141,190,126,85,50,40,39,12,19,80,43,327,353,53,45.4,43.0,48.9,43.7,1019.7,2.8,2.9,8.0,,0.5,,1,1,0,0
2023-12-24,1,12,2023,358,1,0,653,72,149,147,135,80,50,35,38,6,21,57,32,272,312,67,49.7,43.0,55.0,47.9,1020.6,2.9,5.1,13.0,15.9,0.0,,1,1,0,0
2023-12-25,2,12,2023,359,0,1,531,49,178,75,140,75,48,19,31,2,15,61,23,217,272,40,53.1,48.0,59.0,48.0,1014.9,8.7,9.0,17.1,22.9,0.0,,0,1,0,0
2023-12-26,3,12,2023,360,0,0,672,96,136,131,113,89,66,42,40,19,20,72,28,263,333,70,44.2,37.0,59.0,41.2,1013.0,7.9,9.6,17.1,25.1,0.39,,0,1,0,0
2023-12-27,4,12,2023,361,0,0,663,95,122,136,86,83,61,36,49,23,18,86,35,286,322,53,36.3,30.0,50.0,30.2,1016.1,10.0,5.3,15.0,,0.01,,0,0,0,0
2023-12-28,5,12,2023,362,0,0,660,82,102,166,83,93,57,41,46,12,20,77,24,256,338,61,37.6,30.2,42.1,33.0,1011.1,8.2,9.4,14.0,21.0,0.0,,0,1,0,0
2023-12-29,6,12,2023,363,0,0,660,74,125,160,101,70,68,51,49,11,17,55,30,248,349,57,39.1,34.0,42.1,37.6,1008.9,4.1,10.1,13.0,19.0,0.27,,0,1,0,0
2023-12-30,7,12,2023,364,1,0,743,119,145,183,125,93,63,26,33,16,27,84,35,311,374,56,31.4,27.0,39.9,28.8,1011.3,8.1,6.2,11.1,17.1,0.14,,0,0,0,0
2023-12-31,1,12,2023,365,1,0,667,92,127,128,118,96,61,28,34,12,22,74,34,271,323,69,34.0,28.2,37.0,29.8,1011.4,7.2,6.4,15.0,22.9,0.0,1.2,0,1,1,0
2024-01-01,2,1,2024,1,0,1,1025,121,277,129,232,156,61,118,69,16,21,83,28,320,601,95,31.5,30.0,36.0,24.4,1023.5,9.7,10.1,15.0,21.0,0.08,,0,0,1,0
2024-01-02,3,1,2024,2,0,0,655,110,119,141,99,88,55,46,48,14,21,63,16,261,334,59,30.4,26.1,39.0,23.5,1022.5,10.0,10.8,18.1,25.1,0.0,,0,0,0,0
2024-01-03,4,1,2024,3,0,0,676,101,123,148,93,69,66,56,53,18,17,71,29,281,316,67,32.9,27.0,39.0,27.2,1018.1,8.8,7.0,13.0,22.0,0.0,,0,1,1,0
2024-01-04,5,1,2024,4,0,0,692,122,124,154,110,86,68,55,41,29,16,60,15,286,334,69,32.1,24.1,37.0,21.4,1025.0,10.0,5.7,9.9,,0.0,,0,0,0,0
2024-01-05,6,1,2024,5,0,0,681,90,121,152,99,79,64,58,44,15,18,75,21,238,369,68,31.4,25.0,37.0,21.9,1024.7,10.0,3.9,7.0,,0.0,,0,0,0,0
2024-01-06,7,1,2024,6,1,0,638,92,116,141,101,79,58,39,47,22,21,49,25,235,350,52,32.5,27.1,37.0,28.5,1011.6,3.7,5.3,9.9,,0.14,1.2,0,0,1,0
2024-01-07,1,1,2024,7,1,0,644,100,133,121,112,76,60,35,40,22,28,51,45,272,308,63,32.3,30.2,34.0,28.6,1011.5,4.7,6.2,11.1,,0.1,2.0,1,0,1,0
2024-01-08,2,1,2024,8,0,0,658,111,119,154,118,62,53,38,58,21,19,59,14,248,350,60,33.1,30.0,36.0,27.0,1023.0,10.0,6.0,11.1,,0.02,1.2,0,0,0,0
2024-01-09,3,1,2024,9,0,0,547,94,109,127,80,41,62,30,51,22,22,54,16,209,296,38,34.5,30.2,36.0,31.9,1003.0,3.4,10.7,15.9,21.0,0.31,3.1,1,1,1,0
2024-01-10,4,1,2024,10,0,0,681,119,100,176,104,59,55,59,49,30,19,55,17,234,373,69,32.7,30.0,36.0,28.2,994.9,8.4,11.2,19.0,27.0,0.7,2.0,0,1,1,0
2024-01-11,5,1,2024,11,0,0,640,101,102,163,85,60,55,32,42,26,20,63,35,252,318,65,31.4,28.0,34.0,26.3,1007.4,8.4,8.4,15.0,24.1,0.01,1.2,0,0,1,0
2024-01-12,6,1,2024,12,0,0,555,83,108,125,92,58,49,47,49,9,17,39,26,199,303,47,32.1,27.0,36.0,28.6,1008.2,4.8,10.3,28.0,48.0,0.05,3.1,1,1,1,0
2024-01-13,7,1,2024,13,1,0,540,95,95,110,93,63,40,46,42,16,15,45,24,189,289,59,26.6,10.0,36.0,22.7,994.6,5.6,12.1,19.0,29.9,0.68,3.9,0,1,1,0
2024-01-14,1,1,2024,14,1,0,399,75,97,79,94,39,35,24,28,13,9,31,18,126,235,36,-2.5,-9.9,10.0,-9.9,1020.0,5.9,15.7,22.0,34.0,0.01,3.9,0,0,1,0
2024-01-15,2,1,2024,15,0,0,499,68,112,122,78,51,44,35,35,14,12,50,22,172,272,50,-6.9,-9.9,3.0,-14.2,1025.5,10.0,10.0,13.0,19.0,0.0,3.9,0,0,0,0
2024-01-16,3,1,2024,16,0,0,491,98,73,128,67,47,52,49,36,21,7,38,15,181,256,47,-1.5,-9.9,1.9,-9.9,1021.0,10.0,12.3,19.0,28.0,0.0,3.9,0,0,0,0
2024-01-17,4,1,2024,17,0,0,567,82,108,118,97,56,55,53,53,21,12,48,12,196,299,67,7.2,-5.1,17.1,-3.6,1015.6,10.0,13.1,17.1,28.0,0.0,3.1,0,0,0,0
2024-01-18,5,1,2024,18,0,0,595,106,105,128,92,61,57,46,54,29,26,44,16,189,331,73,20.3,1.9,28.0,11.0,1016.8,9.4,5.3,9.9,,0.02,3.1,0,0,1,0
2024-01-19,6,1,2024,19,0,0,581,95,89,127,103,56,43,56,55,17,16,47,20,204,312,58,12.4,10.0,28.0,4.5,1022.3,6.6,11.7,15.9,22.9,0.08,3.9,0,0,1,0
2024-01-20,7,1,2024,20,1,0,559,83,115,120,105,52,51,39,49,13,15,55,16,183,320,53,10.2,3.9,18.0,1.0,1031.6,9.7,10.0,13.0,20.0,0.04,3.9,0,0,1,0
2024-01-21,1,1,2024,21,1,0,542,81,132,115,102,58,52,24,49,11,13,54,15,172,324,45,9.0,1.0,19.9,-0.2,1036.1,10.0,6.8,12.0,21.0,0.0,3.9,0,0,0,0
2024-01-22,2,1,2024,22,0,0,601,90,121,128,110,60,52,36,47,15,21,44,39,213,322,61,25.4,19.0,33.1,18.0,1026.0,9.5,11.5,15.0,27.0,0.0,3.9,0,1,1,0
2024-01-23,3,1,2024,23,0,0,640,91,129,157,125,57,64,44,49,12,16,56,16,206,373,56,34.1,33.1,37.4,32.5,1024.1,2.9,4.6,9.9,,0.18,3.1,0,1,0,0
2024-01-24,4,1,2024,24,0,0,629,89,93,136,97,70,59,55,56,14,20,48,26,226,338,63,35.5,33.1,37.9,34.5,1021.6,1.9,3.9,8.9,,0.21,2.0,1,1,0,0
2024-01-25,5,1,2024,25,0,0,701,87,115,193,115,69,60,40,47,17,24,68,20,250,369,79,36.5,34.0,37.9,36.2,1018.8,0.8,6.6,11.1,,0.18,1.2,1,1,0,0
2024-01-26,6,1,2024,26,0,0,714,95,118,171,113,71,54,42,59,17,22,71,38,316,334,60,38.2,35.1,39.9,37.2,1016.6,4.1,7.4,11.1,,0.55,1.2,0,1,0,0
2024-01-27,7,1,2024,27,1,0,675,98,120,150,115,88,53,36,32,10,15,85,24,274,341,55,37.5,35.6,39.9,36.5,1022.2,4.5,4.1,13.0,,0.11,,1,1,0,0
2024-01-28,1,1,2024,28,1,0,712,107,136,156,129,73,63,30,46,16,15,95,27,303,352,57,37.3,35.1,41.0,35.1,1019.0,4.7,11.0,15.0,20.0,0.05,,1,1,0,0
2024-01-29,2,1,2024,29,0,0,684,105,105,164,110,70,61,48,46,11,18,50,44,291,333,56,33.7,30.0,39.0,29.4,1021.5,9.2,7.6,12.0,15.0,0.04,,0,0,0,0
2024-01-30,3,1,2024,30,0,0,727,94,121,190,111,74,58,45,62,12,22,58,31,284,373,68,38.2,31.1,41.0,33.7,1013.5,8.0,9.8,14.0,22.0,0.0,,0,1,0,0
2024-01-31,4,1,2024,31,0,0,704,100,118,156,111,79,70,45,64,16,16,60,24,249,384,67,37.4,37.0,41.0,31.6,1019.2,10.0,8.0,15.0,21.0,0.0,,0,0,0,0
2024-02-01,5,2,2024,32,0,0,789,121,144,167,138,65,73,94,67,24,22,58,21,263,430,92,40.3,35.1,55.0,34.6,1014.0,10.0,8.2,13.0,21.0,0.0,,0,0,0,0
2024-02-02,6,2,2024,33,0,0,695,99,121,163,132,61,41,58,48,21,22,60,25,266,367,52,37.9,34.0,55.0,32.6,1019.1,9.9,10.8,15.0,19.0,0.0,,0,0,0,0
2024-02-03,7,2,2024,34,1,0,655,87,127,127,109,72,56,45,61,18,17,69,21,271,309,74,34.1,28.9,42.1,29.2,1020.4,9.7,5.6,9.9,,0.0,,0,0,0,0
2024-02-04,1,2,2024,35,1,0,681,84,135,138,136,72,59,29,56,17,20,72,34,290,320,64,35.8,28.9,46.0,29.9,1018.1,7.2,8.4,13.0,,0.0,,0,0,0,0
2024-02-05,2,2,2024,36,0,0,724,106,129,179,120,77,71,58,42,24,16,57,22,275,382,58,34.3,28.9,46.0,30.3,1019.8,9.1,8.7,13.0,,0.0,,1,0,0,0
2024-02-06,3,2,2024,37,0,0,698,97,116,152,104,64,75,43,60,24,23,72,30,253,372,71,37.0,29.1,48.0,32.0,1022.4,8.6,5.8,8.9,,0.0,,1,0,0,0
2024-02-07,4,2,2024,38,0,0,722,103,118,199,103,68,69,45,61,18,16,58,25,264,391,63,37.5,30.0,48.9,31.2,1021.9,6.9,4.2,9.9,,0.0,,0,0,0,0
2024-02-08,5,2,2024,39,0,0,709,97,105,158,107,76,68,58,49,18,27,62,25,270,366,68,49.9,31.1,59.0,37.1,1011.9,10.0,12.1,21.0,33.0,0.0,,0,0,0,0
2024-02-09,6,2,2024,40,0,0,745,129,126,165,128,95,54,44,54,18,23,63,26,313,358,73,50.5,41.0,59.0,38.9,1006.7,10.0,14.2,21.0,35.9,0.02,,0,1,0,1
2024-02-10,7,2,2024,41,1,0,709,116,132,160,129,94,47,45,34,20,19,75,22,324,325,57,37.9,32.0,55.9,27.5,1012.5,10.0,7.9,12.0,17.1,0.0,,0,0,0,0
2024-02-11,1,2,2024,42,1,0,646,109,133,144,121,83,51,31,39,12,17,54,39,253,333,54,33.1,25.0,42.1,22.9,1018.4,10.0,5.2,8.9,,0.0,,0,0,0,0
2024-02-12,2,2,2024,43,0,0,667,103,128,134,127,69,59,47,42,17,26,64,14,253,347,58,33.6,25.0,46.0,23.7,1014.6,9.9,4.4,8.0,,0.0,,0,0,0,0
2024-02-13,3,2,2024,44,0,0,654,86,111,144,92,65,74,42,49,14,19,68,29,283,315,53,35.6,26.2,46.0,22.9,1013.6,10.0,6.7,9.9,18.1,0.0,,0,0,0,0
2024-02-14,4,2,2024,45,0,0,688,75,109,165,115,72,57,56,53,20,20,65,21,269,342,73,34.4,26.1,46.9,20.7,1022.0,10.0,3.0,8.0,,0.0,,0,0,0,0
2024-02-15,5,2,2024,46,0,0,658,93,126,150,125,73,57,34,50,18,12,57,16,255,345,55,41.0,26.2,46.9,26.4,1015.1,9.7,11.8,24.1,39.0,0.06,,0,1,0,0
2024-02-16,6,2,2024,47,0,0,705,103,114,145,118,90,67,41,55,25,21,66,17,277,364,60,30.5,27.0,44.1,14.5,1021.3,10.0,7.0,9.9,15.0,0.02,,0,0,0,0
2024-02-17,7,2,2024,48,1,0,655,97,135,118,133,74,48,35,49,18,21,84,22,257,340,58,21.7,12.9,33.1,6.5,1020.2,10.0,12.2,18.1,28.9,0.0,,0,0,1,0
2024-02-18,1,2,2024,49,1,0,681,116,157,145,118,69,53,38,56,23,15,74,30,316,312,50,30.5,12.9,46.0,15.5,1011.1,10.0,14.3,22.0,33.0,0.0,,0,0,0,0
2024-02-19,2,2,2024,50,0,0,673,95,114,126,106,80,56,34,57,15,19,70,38,297,318,54,35.2,23.0,50.0,18.2,1018.0,10.0,3.2,8.9,,0.0,,0,0,0,0
2024-02-20,3,2,2024,51,0,0,670,103,107,154,120,77,59,46,50,21,20,46,20,271,327,65,41.7,23.2,57.0,26.2,1021.0,10.0,6.6,15.9,25.1,0.0,,0,0,0,0
2024-02-21,4,2,2024,52,0,0,682,96,108,159,111,83,53,43,58,19,16,54,23,272,329,76,52.1,46.0,63.0,34.3,1015.0,10.0,9.7,15.9,25.1,0.0,,0,0,0,0
2024-02-22,5,2,2024,53,0,0,683,117,126,143,145,72,61,53,47,22,14,54,16,284,343,55,52.0,42.1,63.0,34.2,1007.2,10.0,4.5,8.0,,0.0,,0,0,0,0
2024-02-23,6,2,2024,54,0,0,643,83,120,138,108,59,52,55,53,21,13,71,17,217,347,73,45.5,34.0,61.0,29.9,1005.0,10.0,8.7,18.1,,0.0,,0,0,1,0
2024-02-24,7,2,2024,55,1,0,651,84,133,149,117,69,36,48,57,16,16,71,19,264,337,48,28.1,19.9,35.1,18.4,1016.2,8.1,11.7,24.1,31.1,0.08,1.2,1,0,1,0
2024-02-25,1,2,2024,56,1,0,703,90,159,132,149,93,79,23,49,15,11,74,16,302,341,60,40.2,19.9,61.0,23.8,1010.6,10.0,10.2,15.9,21.0,0.0,1.2,0,0,0,0
2024-02-26,2,2,2024,57,0,0,682,106,122,124,134,75,48,46,46,22,21,67,30,320,303,54,52.7,32.0,71.1,32.9,1007.8,10.0,7.4,17.1,25.1,0.0,,0,0,0,0
2024-02-27,3,2,2024,58,0,0,705,96,132,163,113,90,80,49,41,15,18,64,13,275,362,64,62.8,55.0,73.0,50.6,995.1,9.4,11.7,17.1,28.0,0.0,,0,0,0,0
2024-02-28,4,2,2024,59,0,0,666,100,122,144,118,67,73,48,50,21,24,61,14,218,377,66,39.1,19.9,66.9,28.2,1005.1,10.0,13.6,25.1,35.9,0.47,,0,1,1,1
2024-02-29,5,2,2024,60,0,0,711,98,107,167,96,85,60,58,57,24,16,70,24,264,368,74,28.4,19.9,53.1,6.3,1029.2,10.0,8.4,15.0,22.9,0.02,,0,0,0,0
2024-03-01,6,3,2024,61,0,0,812,115,133,173,106,87,68,90,59,21,22,76,32,314,402,89,39.3,20.1,46.0,18.0,1023.2,10.0,9.2,14.0,19.0,0.0,,0,0,0,0
2024-03-02,7,3,2024,62,1,0,646,106,132,142,131,68,70,35,35,15,16,62,17,267,325,52,45.7,31.1,60.1,32.2,1017.9,9.8,7.2,12.0,19.0,0.0,,0,0,0,0
2024-03-03,1,3,2024,63,1,0,676,101,154,111,145,88,73,36,35,21,21,61,18,311,311,52,54.7,37.0,73.0,41.2,1012.2,9.6,14.0,22.9,36.9,0.0,,0,0,0,0
2024-03-04,2,3,2024,64,0,0,715,113,117,148,137,75,86,49,37,24,15,60,22,284,344,84,61.8,43.0,73.0,50.8,1010.2,9.9,10.7,22.9,32.1,0.0,,0,0,0,0
2024-03-05,3,3,2024,65,0,0,702,107,129,158,133,69,73,41,57,13,22,48,25,243,377,81,47.8,39.9,72.0,42.5,1012.5,9.2,15.2,24.1,31.1,0.81,,0,1,0,1
2024-03-06,4,3,2024,66,0,0,658,85,110,140,113,73,56,47,61,16,18,50,25,247,331,77,41.8,39.0,46.9,34.9,1018.2,8.6,11.8,15.9,19.0,0.01,,0,1,0,0
2024-03-07,5,3,2024,67,0,0,665,89,105,144,119,69,76,45,49,24,19,59,16,243,346,72,41.9,36.0,51.1,32.5,1018.8,10.0,7.4,14.0,,0.0,,0,0,0,0
2024-03-08,6,3,2024,68,0,0,644,79,111,149,114,67,45,55,43,10,27,64,19,224,362,55,44.3,37.0,51.1,39.6,1014.3,7.2,8.2,15.0,,0.0,,0,1,0,0
2024-03-09,7,3,2024,69,1,0,647,110,115,152,114,80,50,29,38,23,14,65,20,257,311,78,40.9,37.9,46.0,33.5,1010.3,9.6,11.5,15.9,24.1,0.91,,0,1,0,0
2024-03-10,1,3,2024,70,1,0,627,110,134,123,145,77,34,24,39,28,14,64,25,268,303,54,37.3,30.0,46.9,18.2,1016.8,10.0,11.9,15.9,28.0,0.0,,0,0,0,0
2024-03-11,2,3,2024,71,0,0,676,106,115,133,113,84,67,44,47,22,26,58,24,275,331,67,45.3,30.2,66.9,24.6,1018.8,10.0,10.1,22.0,35.0,0.0,,0,0,0,0
2024-03-12,3,3,2024,72,0,0,733,118,103,166,117,74,74,48,56,20,23,61,22,325,333,68,58.3,33.1,71.1,36.5,1010.7,10.0,12.1,19.0,31.1,0.0,,0,0,0,0
2024-03-13,4,3,2024,73,0,0,697,102,114,176,122,77,65,42,48,12,24,42,28,263,349,85,59.1,46.9,71.1,40.9,1009.1,10.0,6.6,13.0,19.0,0.0,,0,0,0,0
2024-03-14,5,3,2024,74,0,0,645,105,111,138,108,65,57,45,48,28,21,62,18,248,330,64,51.8,44.1,69.1,43.1,1010.3,8.5,9.2,19.0,27.0,0.22,,0,1,0,1
2024-03-15,6,3,2024,75,0,0,652,96,113,133,107,90,52,48,45,15,14,54,21,254,333,62,43.1,37.0,64.0,36.2,1018.3,10.0,11.0,19.0,22.9,0.21,,0,0,0,0
2024-03-16,7,3,2024,76,1,0,784,100,151,193,152,87,67,45,30,15,17,76,51,343,375,65,46.4,37.0,57.9,34.7,1010.2,10.0,11.9,22.9,36.9,0.0,,0,0,0,0
2024-03-17,1,3,2024,77,1,0,668,97,164,124,135,105,52,36,46,14,15,67,24,280,322,62,38.8,33.1,57.9,21.0,1009.5,10.0,11.9,19.0,31.1,0.0,,0,0,1,0
2024-03-18,2,3,2024,78,0,0,647,90,115,153,114,72,61,45,47,22,22,49,24,278,317,50,30.1,24.1,42.1,14.7,1018.0,10.0,10.3,13.0,21.0,0.0,,0,0,1,0
2024-03-19,3,3,2024,79,0,0,655,81,114,144,118,68,65,39,56,15,21,54,26,258,344,50,38.2,24.1,57.9,18.8,1010.4,10.0,12.8,19.0,33.0,0.0,,0,0,0,0
2024-03-20,4,3,2024,80,0,0,721,104,140,141,126,77,61,61,63,18,24,72,21,284,370,61,40.9,29.1,57.9,16.6,1011.5,10.0,10.7,15.9,26.0,0.0,,0,0,0,0
2024-03-21,5,3,2024,81,0,0,681,94,120,141,122,86,68,43,50,17,18,51,28,268,334,76,32.7,27.0,44.1,17.9,1024.6,10.0,3.6,11.1,,0.0,,0,0,0,0
2024-03-22,6,3,2024,82,0,0,656,75,124,153,98,86,59,54,39,14,17,63,27,230,354,69,34.8,27.1,41.0,25.1,1021.4,7.9,8.7,13.0,20.0,0.01,,1,0,1,0
2024-03-23,7,3,2024,83,1,0,625,71,120,140,108,71,58,37,42,11,17,67,28,265,304,53,34.0,28.0,39.0,23.4,1024.5,9.7,11.0,15.0,19.0,0.12,,0,0,1,0
2024-03-24,1,3,2024,84,1,0,717,81,133,134,122,108,62,36,41,11,16,81,39,340,312,62,37.4,28.0,48.0,18.9,1021.7,10.0,10.6,19.0,25.1,0.0,,0,0,0,0
2024-03-25,2,3,2024,85,0,0,660,101,132,149,97,87,66,44,60,10,16,61,23,287,306,64,50.9,33.1,63.0,31.0,1008.7,10.0,12.1,21.0,35.0,0.0,,0,1,0,0
2024-03-26,3,3,2024,86,0,0,666,82,128,130,101,85,63,48,58,18,20,67,21,275,329,58,50.8,39.0,61.0,45.7,998.6,8.4,14.1,26.0,40.0,0.49,,0,1,0,0
2024-03-27,4,3,2024,87,0,0,691,101,79,145,87,101,47,62,52,29,24,61,25,300,309,80,34.3,28.9,42.1,22.9,1014.5,10.0,13.4,20.0,35.0,0.12,,0,0,0,0
2024-03-28,5,3,2024,88,0,0,656,96,101,160,90,84,58,46,37,20,19,59,22,273,324,57,38.4,28.9,50.0,23.7,1019.6,10.0,7.1,13.0,20.0,0.0,,0,0,0,0
2024-03-29,6,3,2024,89,0,0,613,88,118,154,106,67,44,33,51,12,21,50,15,234,321,55,42.3,33.1,53.1,24.7,1017.5,10.0,5.5,9.9,,0.0,,0,0,0,0
2024-03-30,7,3,2024,90,1,0,645,93,126,156,121,67,67,33,31,18,16,60,20,266,325,50,48.2,42.1,61.0,41.4,1009.5,8.1,7.3,14.0,20.0,0.43,,1,1,0,0
2024-03-31,1,3,2024,91,1,0,635,95,175,97,168,73,46,23,50,13,14,59,20,271,295,69,42.6,37.9,52.0,34.9,1014.2,10.0,8.2,13.0,19.0,0.4,,0,0,0,0
2024-04-01,2,4,2024,92,0,0,743,74,126,168,109,67,58,86,73,15,14,58,23,253,422,57,43.5,39.9,48.0,39.6,1011.5,7.2,11.7,19.0,26.0,0.28,,0,1,0,1
2024-04-02,3,4,2024,93,0,0,596,109,106,136,79,65,63,43,46,30,17,42,25,242,292,59,43.2,37.0,48.0,41.6,1000.6,3.5,12.5,20.0,28.0,0.42,,0,1,0,1
2024-04-03,4,4,2024,94,0,0,548,81,112,120,107,58,34,47,48,17,16,49,16,198,300,48,36.2,33.8,37.9,33.1,990.8,6.8,12.6,17.1,28.0,0.42,,0,1,1,0
2024-04-04,5,4,2024,95,0,0,625,83,96,144,101,51,61,58,35,24,15,52,17,210,334,76,38.1,34.0,45.0,33.9,1001.5,9.1,12.5,18.1,26.0,0.28,,0,1,1,0
2024-04-05,6,4,2024,96,0,0,655,93,104,152,117,70,55,33,56,15,23,50,30,275,322,57,41.7,36.0,48.9,31.3,1017.2,10.0,10.2,15.9,26.0,0.07,,0,0,0,0
2024-04-06,7,4,2024,97,1,0,712,88,127,169,128,86,59,45,42,14,18,72,25,306,343,62,42.4,32.0,53.1,26.5,1023.6,10.0,6.2,11.1,,0.0,,0,0,0,0
2024-04-07,1,4,2024,98,1,0,626,76,164,126,140,77,73,25,32,9,12,53,31,246,329,48,44.1,32.0,53.1,34.4,1016.9,9.6,8.9,20.0,28.0,0.0,,0,1,0,0
2024-04-08,2,4,2024,99,0,0,702,60,130,160,131,72,77,62,45,6,21,50,31,275,369,53,55.1,39.0,71.1,42.4,1010.7,10.0,9.7,19.0,27.0,0.37,,0,0,0,0
2024-04-09,3,4,2024,100,0,0,709,112,128,157,129,89,67,45,45,17,22,47,19,281,349,75,59.7,46.9,71.1,40.4,1011.1,10.0,8.4,14.0,22.0,0.0,,0,0,0,0
2024-04-10,4,4,2024,101,0,0,697,106,120,142,138,65,65,51,49,22,24,58,23,270,359,66,56.2,45.0,69.1,38.9,1013.1,10.0,3.6,12.0,,0.0,,0,0,0,0
2024-04-11,5,4,2024,102,0,0,689,90,113,155,117,59,64,58,37,19,29,58,34,252,355,79,55.6,45.0,69.1,39.3,1004.1,10.0,8.2,15.0,,0.0,,0,1,0,0
2024-04-12,6,4,2024,103,0,0,740,100,117,170,139,69,66,62,44,13,19,76,26,311,354,73,54.2,48.9,64.0,42.6,1004.5,10.0,12.5,25.1,34.0,0.01,,0,1,0,1
2024-04-13,7,4,2024,104,1,0,709,101,143,140,152,78,62,40,47,8,16,65,27,311,326,68,55.4,44.1,71.1,35.1,1016.3,10.0,6.5,11.1,21.0,0.06,,0,0,0,0
2024-04-14,1,4,2024,105,1,0,749,95,165,150,178,86,67,21,46,10,13,63,36,359,333,57,69.4,62.1,80.1,44.2,1006.6,10.0,11.6,17.1,27.0,0.0,,0,0,0,0
2024-04-15,2,4,2024,106,0,0,747,86,136,159,149,81,68,69,27,8,19,74,31,294,363,83,62.8,48.0,81.0,38.2,1012.0,10.0,6.4,11.1,,0.0,,0,0,0,0
2024-04-16,3,4,2024,107,0,0,691,98,111,137,111,80,73,49,39,19,26,63,35,258,358,73,62.8,48.0,81.0,40.3,1014.0,10.0,10.8,20.0,31.1,0.0,,0,1,0,0
2024-04-17,4,4,2024,108,0,0,691,77,127,158,118,89,69,48,46,8,12,69,20,248,372,66,65.4,51.1,81.0,55.7,1002.9,10.0,15.5,22.9,39.0,0.1,,0,1,0,1
2024-04-18,5,4,2024,109,0,0,616,93,105,154,98,64,75,41,32,16,16,40,20,235,309,71,53.6,46.9,68.0,42.6,1015.6,10.0,7.3,15.9,29.9,0.19,,0,1,0,0
2024-04-19,6,4,2024,110,0,0,702,92,133,170,139,67,61,42,56,12,22,57,19,268,362,70,49.3,41.0,57.9,34.3,1017.7,9.8,13.1,22.0,31.1,0.1,,0,1,0,0
2024-04-20,7,4,2024,111,1,0,644,83,129,139,102,79,53,40,53,7,24,51,20,254,335,54,42.6,35.1,55.9,22.7,1021.6,10.0,11.2,17.1,25.1,0.0,,0,0,0,0
2024-04-21,1,4,2024,112,1,0,683,93,154,142,133,85,70,32,41,12,18,79,17,317,323,42,43.7,33.1,57.9,24.0,1021.8,10.0,8.2,13.0,22.0,0.0,,0,0,0,0
2024-04-22,2,4,2024,113,0,0,727,105,136,165,132,74,75,47,50,18,21,46,33,302,358,60,53.4,33.1,66.9,26.9,1017.9,10.0,9.7,20.0,29.9,0.0,,0,0,0,0
2024-04-23,3,4,2024,114,0,0,672,101,126,151,119,87,66,41,51,21,28,42,16,266,344,58,59.2,41.0,66.9,37.6,1008.5,10.0,13.0,19.0,26.0,0.0,,0,1,0,0
2024-04-24,4,4,2024,115,0,0,666,94,123,135,113,78,82,46,57,13,20,53,11,235,355,75,45.2,39.0,64.0,31.6,1020.5,10.0,14.2,22.9,32.1,0.0,,0,0,0,0
2024-04-25,5,4,2024,116,0,0,615,96,111,168,93,69,55,45,45,12,21,29,29,219,327,69,43.7,33.1,57.9,29.5,1026.5,10.0,5.3,9.9,15.9,0.0,,0,0,0,0
2024-04-26,6,4,2024,117,0,0,701,89,120,184,128,73,59,42,48,19,24,48,17,253,375,72,49.2,33.1,57.9,37.4,1020.2,9.5,9.6,24.1,29.9,0.0,,0,1,0,0
2024-04-27,7,4,2024,118,1,0,681,92,161,134,151,91,56,29,52,13,18,51,30,281,335,63,65.7,43.0,79.0,58.1,1010.2,9.9,13.4,18.1,34.0,0.41,,0,1,0,1
2024-04-28,1,4,2024,119,1,0,756,87,184,143,173,115,71,35,44,11,28,57,25,297,370,89,67.3,59.0,79.0,60.8,1011.9,9.0,9.0,15.9,34.0,0.36,,0,1,0,1
2024-04-29,2,4,2024,120,0,0,686,79,126,157,136,64,83,45,49,10,21,43,23,242,370,73,66.3,60.1,75.0,59.5,1009.7,8.8,9.8,15.9,22.9,0.58,,0,1,0,1
2024-04-30,3,4,2024,121,0,0,713,88,132,165,131,65,83,40,42,19,24,61,11,298,336,75,60.5,50.0,73.9,46.7,1012.2,10.0,6.8,11.1,18.1,0.08,,0,0,0,0
2024-05-01,4,5,2024,122,0,0,862,85,169,169,142,96,81,101,85,10,25,50,34,285,495,75,69.5,64.9,75.0,47.8,1010.3,10.0,10.6,15.9,26.0,0.01,,0,1,0,0
2024-05-02,5,5,2024,123,0,0,747,104,157,167,163,80,93,54,32,15,24,31,29,253,405,81,65.6,54.0,81.0,46.9,1012.9,10.0,7.3,15.0,18.1,0.01,,0,1,0,1
2024-05-03,6,5,2024,124,0,0,674,85,114,153,120,57,62,49,41,17,30,60,31,252,330,89,64.6,54.0,81.0,53.9,1014.4,9.2,6.7,13.0,19.0,0.79,,0,1,0,1
2024-05-04,7,5,2024,125,1,0,690,74,112,158,130,68,63,47,32,7,23,73,34,292,323,73,63.1,46.9,81.0,47.5,1014.6,10.0,6.1,20.0,32.1,0.16,,0,1,0,1
2024-05-05,1,5,2024,126,1,0,690,81,173,124,162,89,62,44,37,11,19,61,27,289,337,64,58.8,51.1,64.9,49.1,1016.1,9.6,8.5,17.1,,0.22,,0,1,0,1
2024-05-06,2,5,2024,127,0,0,674,86,111,161,123,72,56,62,42,15,12,55,26,281,312,77,58.1,48.0,70.0,44.8,1015.7,10.0,6.5,12.0,17.1,0.0,,0,0,0,0
2024-05-07,3,5,2024,128,0,0,716,102,124,157,124,71,74,63,48,22,21,60,32,291,356,63,65.3,48.0,75.0,54.0,1004.4,9.7,9.2,17.1,25.1,0.0,,1,1,0,1
2024-05-08,4,5,2024,129,0,0,747,80,127,168,125,74,79,59,66,10,28,68,15,294,387,60,66.8,53.1,79.0,46.7,1004.2,10.0,5.8,14.0,20.0,0.78,,0,1,0,1
2024-05-09,5,5,2024,130,0,0,647,80,117,151,127,77,57,43,46,13,27,40,34,227,342,75,58.9,53.1,79.0,48.5,1006.0,9.5,10.3,15.9,,0.17,,0,1,0,1
2024-05-10,6,5,2024,131,0,0,684,80,122,174,126,58,56,55,45,13,24,53,21,258,358,65,55.0,46.0,66.9,46.5,1012.7,10.0,7.0,15.0,22.0,0.34,,0,0,0,0
2024-05-11,7,5,2024,132,1,0,729,90,133,158,138,87,70,40,44,13,30,64,20,293,356,78,59.8,46.0,70.0,45.4,1008.4,9.8,10.0,15.9,26.0,0.11,,0,1,0,1
2024-05-12,1,5,2024,133,1,0,731,99,206,147,179,84,74,31,40,10,23,55,25,309,366,56,63.7,48.9,82.9,46.1,1010.2,10.0,6.1,14.0,22.0,0.0,,0,0,0,0
2024-05-13,2,5,2024,134,0,0,717,93,145,159,129,77,59,36,59,17,21,71,35,291,359,66,72.4,48.9,82.9,52.2,1007.1,10.0,9.5,13.0,19.0,0.0,,0,1,0,0
2024-05-14,3,5,2024,135,0,0,729,90,142,164,130,89,77,33,44,11,33,52,24,293,366,66,58.1,51.1,81.0,53.2,1008.9,8.7,9.1,15.9,21.0,0.13,,0,1,0,0
2024-05-15,4,5,2024,136,0,0,746,107,138,186,152,42,81,56,61,15,15,54,28,271,389,81,58.0,52.0,66.9,44.1,1010.3,10.0,12.3,18.1,,0.02,,0,0,0,0
2024-05-16,5,5,2024,137,0,0,723,88,141,172,149,74,84,38,37,9,26,51,20,264,385,72,61.9,52.0,75.0,49.6,1010.1,9.6,6.6,13.0,22.9,0.0,,0,1,0,1
2024-05-17,6,5,2024,138,0,0,787,118,138,174,143,86,71,38,52,15,41,71,23,327,372,85,68.6,52.0,81.0,57.9,1007.4,8.7,5.6,11.1,17.1,0.48,,1,0,0,0
2024-05-18,7,5,2024,139,1,0,741,100,187,147,177,72,77,38,50,10,22,56,20,310,372,59,71.3,59.0,84.9,57.0,1009.5,9.8,5.0,12.0,20.0,0.0,,0,0,0,0
2024-05-19,1,5,2024,140,1,0,766,99,185,140,183,98,90,34,39,12,20,62,29,317,384,63,74.4,59.0,84.9,53.4,1013.1,10.0,8.0,13.0,20.0,0.0,,0,0,0,0
2024-05-20,2,5,2024,141,0,0,772,96,132,160,158,103,73,47,53,14,21,40,28,310,382,76,71.0,61.0,86.0,51.1,1011.6,10.0,8.3,21.0,35.9,0.0,,0,1,0,1
2024-05-21,3,5,2024,142,0,0,767,97,125,208,132,79,77,48,49,14,22,52,25,303,371,88,74.7,61.0,89.1,61.1,1008.0,9.5,9.7,21.0,35.9,0.0,,0,0,0,0
2024-05-22,4,5,2024,143,0,0,792,91,135,162,145,77,91,60,74,11,22,66,19,329,374,83,73.5,61.0,89.1,55.4,1004.4,10.0,16.5,22.9,47.0,0.0,,0,0,0,0
2024-05-23,5,5,2024,144,0,0,779,94,127,193,149,65,85,58,39,16,29,65,22,310,383,79,69.0,57.9,81.0,45.8,1012.3,10.0,5.4,14.0,,0.0,,0,0,0,0
2024-05-24,6,5,2024,145,0,0,776,116,134,188,139,82,75,34,45,22,26,63,27,308,369,93,69.4,57.9,81.0,54.6,1009.4,10.0,7.5,15.0,28.9,0.0,,0,1,0,1
2024-05-25,7,5,2024,146,1,0,788,108,152,204,147,83,71,35,43,13,30,77,17,324,379,84,67.7,55.9,77.0,51.7,1009.5,10.0,8.4,15.0,25.1,0.06,,0,1,0,1
2024-05-26,1,5,2024,147,1,0,753,122,180,155,175,79,67,26,59,10,16,69,26,333,356,63,63.3,55.9,75.9,48.4,1007.2,8.9,6.7,13.0,,0.0,,0,1,0,1
2024-05-27,2,5,2024,148,0,0,749,123,181,162,158,73,85,20,52,18,30,65,15,318,360,70,63.9,57.9,73.9,54.7,1002.1,10.0,10.5,17.1,25.1,0.74,,0,1,0,1
2024-05-28,3,5,2024,149,0,0,746,96,126,156,122,86,86,48,58,20,38,53,24,286,385,74,62.9,55.9,73.9,53.0,1012.2,9.5,5.9,14.0,21.0,0.0,,0,1,0,1
2024-05-29,4,5,2024,150,0,0,768,86,139,199,140,54,88,57,47,18,21,55,27,289,390,83,60.1,53.1,72.0,50.5,1019.7,10.0,10.2,18.1,22.9,0.21,,0,1,0,0
2024-05-30,5,5,2024,151,0,0,744,88,120,202,134,74,66,47,35,15,26,58,17,290,375,78,58.5,45.0,70.0,35.4,1023.3,10.0,6.8,11.1,,0.0,,0,0,0,0
2024-05-31,6,5,2024,152,0,0,758,85,122,183,132,99,63,60,51,13,20,60,23,307,365,82,63.9,45.0,79.0,43.8,1022.1,10.0,5.5,11.1,22.0,0.0,,0,0,0,0
2024-06-01,7,6,2024,153,1,0,895,71,162,206,121,101,77,98,72,11,21,82,29,353,447,81,66.2,57.9,79.0,52.0,1017.1,7.5,6.3,12.0,17.1,0.0,,0,1,0,0
2024-06-02,1,6,2024,154,1,0,739,93,144,140,150,78,65,38,59,7,22,78,40,319,348,68,64.9,59.0,77.0,58.0,1014.5,7.5,5.4,9.9,,0.95,,1,1,0,0
2024-06-03,2,6,2024,155,0,0,817,115,163,188,143,76,77,62,49,22,26,64,34,337,386,88,70.5,57.9,86.0,58.7,1011.6,9.9,7.1,14.0,22.0,0.0,,0,0,0,0
2024-06-04,3,6,2024,156,0,0,732,92,135,140,125,85,80,50,52,17,15,72,33,327,315,85,78.7,57.9,86.0,62.7,1007.3,10.0,7.8,12.0,18.1,0.0,,0,1,0,0
2024-06-05,4,6,2024,157,0,0,793,112,158,185,162,77,85,46,51,18,22,64,18,339,377,73,73.5,69.1,84.9,65.0,1002.5,9.5,8.3,18.1,35.0,0.43,,0,1,0,1
2024-06-06,5,6,2024,158,0,0,837,106,144,178,161,83,81,61,62,14,29,64,28,329,430,77,72.4,64.0,79.0,51.4,1002.8,10.0,10.8,20.0,36.9,0.3,,0,0,0,0
2024-06-07,6,6,2024,159,0,0,810,89,117,186,126,82,78,72,53,14,23,68,29,332,376,97,69.4,59.0,78.1,47.5,1007.4,10.0,11.2,19.0,29.9,0.0,,0,0,0,0
2024-06-08,7,6,2024,160,1,0,762,77,152,177,145,100,69,36,46,5,24,80,25,345,339,73,67.3,57.0,78.1,51.5,1009.7,9.4,5.7,21.0,27.0,0.0,,0,1,0,0
2024-06-09,1,6,2024,161,1,0,768,86,178,142,186,93,79,43,46,4,22,63,23,337,365,63,64.8,55.0,80.1,50.8,1010.6,9.7,9.1,17.1,32.1,0.07,,0,1,0,0
2024-06-10,2,6,2024,162,0,0,748,94,111,184,125,81,50,72,33,19,21,65,32,316,337,90,61.1,53.1,80.1,47.5,1013.9,9.6,11.9,20.0,28.9,0.01,,0,1,0,0
2024-06-11,3,6,2024,163,0,0,656,96,126,146,127,60,71,45,48,11,13,61,24,268,321,61,62.8,50.0,78.1,42.4,1015.4,10.0,4.6,9.9,15.9,0.0,,0,0,0,0
2024-06-12,4,6,2024,164,0,0,713,113,116,176,111,65,80,48,49,17,16,54,28,302,328,80,76.5,66.0,90.0,51.0,1011.9,10.0,7.2,11.1,15.9,0.0,,0,0,0,0
2024-06-13,5,6,2024,165,0,0,763,107,134,193,111,97,64,52,55,20,19,67,29,325,367,68,81.5,66.0,91.0,62.8,1009.4,10.0,8.6,15.0,24.1,0.0,,0,1,0,1
2024-06-14,6,6,2024,166,0,0,722,81,124,183,132,82,47,42,38,14,19,73,21,318,320,82,77.4,64.9,91.0,57.8,1012.7,10.0,6.1,17.1,22.0,0.01,,0,0,0,0
2024-06-15,7,6,2024,167,1,0,841,82,157,218,163,99,70,50,46,8,32,55,45,349,405,85,70.9,57.9,86.0,53.0,1017.8,10.0,7.9,17.1,22.9,0.0,,0,0,0,0
2024-06-16,1,6,2024,168,1,0,809,88,212,176,206,99,79,26,48,9,18,72,26,359,382,68,80.5,57.9,95.0,57.1,1012.5,10.0,12.7,17.1,27.0,0.0,,0,1,0,0
2024-06-17,2,6,2024,169,0,0,841,114,164,182,191,97,68,43,44,15,17,82,30,368,382,89,84.3,71.1,97.0,66.3,1011.6,10.0,9.0,15.0,27.0,0.01,,0,1,0,0
2024-06-18,3,6,2024,170,0,0,806,112,148,179,140,103,64,42,45,18,25,81,30,364,367,67,85.3,77.0,97.0,68.5,1013.4,10.0,13.0,18.1,31.1,0.0,,0,1,0,0
2024-06-19,4,6,2024,171,0,0,764,117,138,216,124,85,58,26,56,21,17,67,20,330,344,87,84.8,77.0,93.9,67.2,1019.1,10.0,11.0,18.1,28.9,0.0,,0,1,0,0
2024-06-20,5,6,2024,172,0,0,762,82,135,185,116,91,73,54,39,20,19,81,16,340,352,68,77.0,68.0,93.0,66.9,1023.6,9.9,6.9,12.0,,0.09,,0,1,0,1
2024-06-21,6,6,2024,173,0,0,827,118,146,231,145,93,67,47,53,12,19,67,23,361,394,70,76.2,64.0,93.9,64.3,1021.3,8.8,6.0,12.0,19.0,0.01,,1,1,0,0
2024-06-22,7,6,2024,174,1,0,787,89,161,200,162,90,78,33,38,12,17,73,23,355,360,70,82.4,66.0,93.9,65.3,1013.2,10.0,10.4,20.0,29.9,0.0,,0,1,0,1
2024-06-23,1,6,2024,175,1,0,752,121,147,180,173,80,69,23,38,17,13,72,20,341,332,76,76.5,69.1,93.0,66.8,1006.9,9.4,10.3,17.1,28.9,0.91,,0,1,0,1
2024-06-24,2,6,2024,176,0,0,792,104,145,211,139,91,78,52,41,17,21,58,21,330,368,89,75.5,64.9,88.0,62.4,1012.5,10.0,4.7,11.1,,0.0,,0,0,0,0
2024-06-25,3,6,2024,177,0,0,761,117,129,175,127,108,54,40,48,24,22,64,20,345,325,87,79.5,64.9,88.0,68.0,1007.7,9.7,11.8,22.9,36.9,0.0,,0,1,0,1
2024-06-26,4,6,2024,178,0,0,743,74,136,183,134,77,64,52,48,15,16,59,36,319,354,69,79.0,73.0,87.1,66.4,1008.5,10.0,6.6,13.0,22.0,0.45,,0,1,0,1
2024-06-27,5,6,2024,179,0,0,720,98,133,168,123,73,73,46,45,18,26,59,22,296,348,72,68.6,61.0,87.1,53.2,1014.6,10.0,10.4,18.1,,0.0,,0,0,0,0
2024-06-28,6,6,2024,180,0,0,670,93,120,171,128,68,49,37,33,10,22,66,26,260,332,75,68.0,61.0,73.9,58.4,1012.2,9.7,7.2,12.0,21.0,0.0,,0,1,0,0
2024-06-29,7,6,2024,181,1,0,768,103,148,197,153,77,64,33,35,23,19,67,36,341,347,78,78.1,64.9,88.0,70.5,1008.6,9.7,6.9,13.0,22.9,0.16,,0,1,0,0
2024-06-30,1,6,2024,182,1,0,808,95,149,194,147,86,69,53,43,14,32,68,33,360,372,74,69.0,59.0,88.0,53.7,1021.1,10.0,11.6,17.1,22.9,0.01,,0,0,0,0
2024-07-01,2,7,2024,183,0,0,852,100,143,223,131,82,76,85,63,5,21,58,33,372,399,74,65.3,54.0,75.0,47.7,1025.0,10.0,6.5,13.0,22.0,0.0,,0,0,0,0
2024-07-02,3,7,2024,184,0,0,804,121,130,221,128,94,61,47,57,17,32,54,25,351,368,81,71.7,54.0,84.9,53.8,1017.0,10.0,8.9,19.0,28.0,0.0,,0,0,0,0
2024-07-03,4,7,2024,185,0,0,823,130,138,196,135,76,77,49,78,33,26,60,31,378,376,66,79.9,66.9,88.0,62.8,1010.7,10.0,8.5,19.0,22.0,0.01,,0,1,0,0
2024-07-04,5,7,2024,186,0,1,824,159,182,152,208,119,62,24,51,18,26,35,21,351,392,80,77.3,69.1,84.9,66.1,1012.4,9.7,3.1,8.0,17.1,0.09,,0,1,0,0
2024-07-05,6,7,2024,187,0,0,877,158,176,190,188,90,84,41,55,23,18,61,27,384,406,84,76.2,70.0,84.0,63.1,1008.5,8.5,8.3,17.1,28.9,0.0,,0,0,0,0
2024-07-06,7,7,2024,188,1,0,797,150,154,200,152,68,71,44,52,22,17,65,18,362,357,76,72.4,64.0,82.9,60.5,1011.8,10.0,5.9,8.9,,0.0,,0,0,0,0
2024-07-07,1,7,2024,189,1,0,793,147,183,180,146,84,64,37,54,30,15,75,28,364,348,79,74.0,64.0,87.1,61.0,1014.9,9.0,6.2,15.0,20.0,0.0,,1,1,0,1
2024-07-08,2,7,2024,190,0,0,783,83,117,203,119,87,66,53,47,17,35,61,28,347,361,71,75.2,66.0,87.1,66.8,1013.9,9.9,6.5,11.1,17.1,1.07,,0,1,0,0
2024-07-09,3,7,2024,191,0,0,722,87,116,184,93,91,60,48,53,20,34,61,21,277,365,68,76.8,69.1,86.0,66.7,1012.8,9.8,4.0,11.1,,0.0,,0,1,0,0
2024-07-10,4,7,2024,192,0,0,678,101,112,155,106,65,67,60,45,21,25,41,25,291,330,55,73.2,66.0,84.0,65.6,1010.4,8.6,7.3,11.1,15.0,0.61,,0,1,0,0
2024-07-11,5,7,2024,193,0,0,761,91,136,229,115,74,70,47,39,19,20,64,25,333,350,75,72.6,66.0,84.0,63.5,1016.4,10.0,5.7,9.9,,0.23,,0,1,0,0
2024-07-12,6,7,2024,194,0,0,789,115,112,203,118,85,64,42,46,18,36,70,33,346,370,70,74.7,64.0,86.0,64.3,1018.8,10.0,5.8,8.9,,0.0,,0,0,0,0
2024-07-13,7,7,2024,195,1,0,816,104,157,205,138,97,87,34,43,13,21,85,31,355,385,73,78.8,64.0,91.0,66.2,1019.4,9.8,5.1,15.0,26.0,0.0,,0,1,0,1
2024-07-14,1,7,2024,196,1,0,702,113,150,169,147,72,60,24,32,10,26,56,34,313,322,66,75.7,66.2,87.1,68.1,1014.1,9.0,8.6,27.0,36.9,1.85,,1,1,0,1
2024-07-15,2,7,2024,197,0,0,721,106,149,176,114,82,63,61,43,17,17,62,25,272,369,74,78.9,66.9,90.0,70.9,1009.4,9.3,6.2,13.0,28.9,1.39,,1,1,0,1
2024-07-16,3,7,2024,198,0,0,752,104,142,188,131,98,81,36,35,15,25,61,24,314,370,67,77.4,69.1,90.0,70.7,1007.5,9.7,7.8,35.0,54.0,0.35,,0,1,0,1
2024-07-17,4,7,2024,199,0,0,759,112,143,204,120,90,71,43,46,9,25,50,30,317,350,91,76.6,69.1,84.9,63.0,1012.4,9.8,8.0,13.0,24.1,0.0,,0,0,0,0
2024-07-18,5,7,2024,200,0,0,679,96,118,176,115,72,49,50,46,13,21,60,22,298,299,81,69.1,61.0,82.0,53.6,1020.3,10.0,9.9,15.9,21.0,0.0,,0,0,0,0
2024-07-19,6,7,2024,201,0,0,795,96,122,201,136,81,55,48,29,14,43,86,39,341,357,89,69.5,60.1,80.1,53.8,1021.5,10.0,4.9,12.0,,0.0,,0,0,0,0
2024-07-20,7,7,2024,202,1,0,778,96,140,194,126,94,68,47,40,12,22,69,32,338,363,74,72.5,60.1,81.0,56.5,1019.4,10.0,4.0,9.9,,0.0,,0,0,0,0
2024-07-21,1,7,2024,203,1,0,835,125,154,209,157,90,75,36,37,21,18,80,44,407,367,59,74.5,63.0,84.0,60.3,1018.7,10.0,3.1,8.0,,0.0,,0,0,0,0
2024-07-22,2,7,2024,204,0,0,805,105,115,230,123,77,68,50,46,14,22,69,35,346,388,69,74.2,64.9,84.0,64.4,1016.7,10.0,4.5,8.9,,0.0,,0,0,0,0
2024-07-23,3,7,2024,205,0,0,743,96,136,181,120,79,62,43,47,20,31,68,27,284,383,72,76.0,64.9,84.9,63.9,1015.1,9.7,5.6,13.0,25.1,0.0,,0,1,0,1
2024-07-24,4,7,2024,206,0,0,794,110,137,217,116,91,73,31,53,18,29,73,22,345,368,79,71.7,66.9,84.9,65.1,1018.3,8.6,5.1,9.9,19.0,0.2,,0,1,0,1
2024-07-25,5,7,2024,207,0,0,748,103,103,207,110,72,57,47,49,13,28,65,30,314,368,65,70.7,62.1,78.1,59.8,1022.8,10.0,6.3,12.0,,0.0,,0,0,0,0
2024-07-26,6,7,2024,208,0,0,767,114,141,221,129,72,58,44,46,23,18,54,31,358,329,79,71.0,61.0,81.0,56.5,1022.2,10.0,5.1,9.9,,0.0,,0,0,0,0
2024-07-27,7,7,2024,209,1,0,816,109,176,196,174,89,82,35,38,15,9,60,31,343,394,77,74.8,61.0,84.9,60.1,1019.0,10.0,5.3,9.9,15.9,0.0,,0,0,0,0
2024-07-28,1,7,2024,210,1,0,792,90,168,183,174,83,69,27,44,10,32,70,29,356,376,60,76.4,66.0,84.9,65.2,1015.6,9.5,6.8,13.0,15.9,0.0,,0,1,0,0
2024-07-29,2,7,2024,211,0,0,782,92,163,201,119,84,73,51,53,24,26,75,23,334,370,76,76.3,71.1,84.9,70.7,1010.6,9.7,6.9,13.0,22.0,0.03,,0,1,0,0
2024-07-30,3,7,2024,212,0,0,725,112,124,192,117,80,66,41,37,24,20,58,31,317,323,82,78.4,70.0,90.0,69.4,1009.5,10.0,3.4,8.9,,0.11,,0,0,0,0
2024-07-31,4,7,2024,213,0,0,788,98,152,181,137,82,87,43,56,12,26,72,29,332,357,94,81.0,70.0,91.9,69.0,1011.1,10.0,4.8,8.9,,0.0,,0,0,0,0
2024-08-01,5,8,2024,214,0,0,844,102,141,221,127,73,66,108,66,17,12,64,20,338,402,91,80.7,73.0,91.9,71.0,1012.8,10.0,4.0,8.9,,0.0,,0,1,0,0
2024-08-02,6,8,2024,215,0,0,790,116,120,215,119,83,66,61,53,21,21,62,18,362,346,77,76.2,69.1,88.0,68.9,1012.4,9.5,8.1,22.9,28.9,0.51,,0,1,0,1
2024-08-03,7,8,2024,216,1,0,859,106,137,224,148,99,73,50,36,16,25,63,42,386,402,67,80.5,69.1,91.0,68.2,1013.1,10.0,4.7,9.9,,0.0,,0,0,0,0
2024-08-04,1,8,2024,217,1,0,856,129,166,193,163,91,88,41,41,28,22,69,32,433,348,72,80.4,71.1,91.0,64.3,1014.2,10.0,4.8,9.9,,0.0,,0,0,0,0
2024-08-05,2,8,2024,218,0,0,786,108,141,172,133,100,61,56,49,13,33,75,28,325,387,69,81.2,71.1,91.0,70.2,1014.4,10.0,6.1,14.0,21.0,0.0,,0,1,0,1
2024-08-06,3,8,2024,219,0,0,738,101,139,207,103,90,63,39,43,11,32,67,31,312,348,75,71.9,66.9,75.9,67.0,1013.6,9.7,10.6,18.1,27.0,0.34,,0,1,0,1
2024-08-07,4,8,2024,220,0,0,755,106,128,202,125,82,55,49,40,15,36,66,21,329,349,77,72.0,66.9,78.1,58.2,1015.3,9.8,11.0,15.9,22.0,0.0,,0,1,0,0
2024-08-08,5,8,2024,221,0,0,698,96,114,181,102,70,68,43,56,11,21,61,17,290,337,69,71.9,64.0,82.9,59.8,1012.9,10.0,4.8,8.9,,0.0,,0,0,0,0
2024-08-09,6,8,2024,222,0,0,740,110,127,172,121,69,65,46,40,20,25,79,30,317,336,81,69.3,60.1,82.9,54.8,1014.3,10.0,9.1,14.0,21.0,0.0,,0,0,0,0
2024-08-10,7,8,2024,223,1,0,785,107,125,190,144,86,59,34,39,15,28,75,22,374,322,86,65.1,55.9,75.0,50.9,1018.2,10.0,9.2,15.0,24.1,0.0,,0,0,0,0
2024-08-11,1,8,2024,224,1,0,730,92,145,159,156,85,73,27,39,18,21,60,37,339,326,64,68.5,55.9,80.1,50.9,1018.7,10.0,7.2,14.0,21.0,0.0,,0,0,0,0
2024-08-12,2,8,2024,225,0,0,688,117,113,162,110,78,66,45,43,22,18,58,24,326,287,75,71.0,61.0,82.0,53.4,1018.9,10.0,4.4,7.0,,0.0,,0,0,0,0
2024-08-13,3,8,2024,226,0,0,705,95,104,163,103,85,56,55,37,23,28,60,35,312,326,63,74.1,61.0,86.0,57.4,1019.2,10.0,4.4,8.9,,0.0,,0,0,0,0
2024-08-14,4,8,2024,227,0,0,697,99,108,157,120,84,52,46,36,14,33,52,23,314,315,63,76.2,64.0,86.0,59.3,1019.6,9.9,4.1,12.0,19.0,0.0,,0,0,0,0
2024-08-15,5,8,2024,228,0,0,704,82,114,172,86,83,69,52,45,10,31,63,27,273,353,74,73.3,66.0,86.0,65.0,1015.2,9.2,8.9,14.0,22.9,0.04,,0,1,0,0
2024-08-16,6,8,2024,229,0,0,698,63,111,196,119,85,62,42,31,5,28,70,19,285,348,64,75.4,66.9,87.1,68.3,1009.2,9.5,7.9,15.0,24.1,0.26,,0,1,0,1
2024-08-17,7,8,2024,230,1,0,749,97,139,198,146,85,67,40,27,10,18,79,20,328,345,72,74.1,66.9,87.1,66.9,1007.4,10.0,7.7,18.1,31.1,0.17,,0,1,0,1
2024-08-18,1,8,2024,231,1,0,740,77,143,163,141,98,73,32,34,4,19,81,31,340,327,70,72.0,68.0,84.0,64.9,1011.7,9.8,9.4,17.1,22.0,0.17,,0,1,0,0
2024-08-19,2,8,2024,232,0,0,697,71,119,175,126,88,52,35,49,6,29,63,22,304,325,67,70.8,63.0,80.1,58.6,1018.1,10.0,11.9,18.1,25.1,0.01,,0,0,0,0
2024-08-20,3,8,2024,233,0,0,705,87,105,208,102,67,61,51,39,5,18,61,20,284,342,76,67.0,59.0,77.0,52.7,1022.9,10.0,8.3,12.0,18.1,0.0,,0,0,0,0
2024-08-21,4,8,2024,234,0,0,678,72,108,180,112,81,54,42,38,6,19,58,24,268,327,76,65.2,55.9,75.9,52.0,1024.8,10.0,5.0,11.1,,0.0,,0,0,0,0
2024-08-22,5,8,2024,235,0,0,662,70,113,184,107,83,61,33,43,5,23,62,21,276,307,74,66.3,55.0,80.1,49.7,1024.3,10.0,3.0,8.0,,0.0,,0,0,0,0
2024-08-23,6,8,2024,236,0,0,715,83,132,197,114,77,69,45,40,6,26,61,26,302,348,61,70.5,55.0,82.0,53.7,1023.0,10.0,4.0,8.9,,0.0,,0,0,0,0
2024-08-24,7,8,2024,237,1,0,779,94,133,187,156,94,66,42,37,15,30,72,19,349,347,78,76.2,59.0,91.0,60.7,1020.8,10.0,3.7,8.9,,0.0,,0,0,0,0
2024-08-25,1,8,2024,238,1,0,708,102,136,160,148,85,54,27,31,11,21,70,29,331,300,75,81.9,64.0,93.0,67.3,1019.7,10.0,7.0,15.0,22.9,0.0,,0,0,0,0
2024-08-26,2,8,2024,239,0,0,746,118,131,162,125,89,72,42,53,24,32,67,14,326,350,67,85.8,73.9,96.1,66.8,1018.1,10.0,8.9,13.0,22.0,0.0,,0,0,0,0
2024-08-27,3,8,2024,240,0,0,713,97,131,175,136,83,63,36,49,24,22,60,21,322,312,76,87.7,78.1,99.0,73.5,1014.8,10.0,6.9,31.1,39.0,0.0,,0,1,0,1
2024-08-28,4,8,2024,241,0,0,765,125,131,202,132,70,74,44,49,22,22,60,28,314,373,71,76.9,71.1,99.0,69.9,1017.4,9.3,7.9,22.0,46.0,0.82,,0,1,0,1
2024-08-29,5,8,2024,242,0,0,713,114,126,166,122,65,71,46,51,24,21,59,12,294,340,77,76.1,71.1,88.0,68.6,1020.1,10.0,7.6,11.1,,0.18,,0,0,0,0
2024-08-30,6,8,2024,243,0,0,794,95,142,209,131,89,74,55,51,14,26,52,23,322,386,85,77.2,70.0,88.0,70.4,1016.2,9.8,6.3,19.0,27.0,0.18,,0,1,0,1
2024-08-31,7,8,2024,244,1,0,765,105,146,171,128,94,89,39,46,10,25,64,33,344,351,70,73.8,62.1,84.0,60.0,1017.0,10.0,4.8,9.9,,0.1,,0,0,0,0
2024-09-01,1,9,2024,245,1,0,940,122,192,207,171,91,73,76,76,13,25,86,28,397,462,74,72.1,62.1,84.0,58.7,1015.8,10.0,9.3,15.0,24.1,0.0,,0,0,0,0
2024-09-02,2,9,2024,246,0,0,791,126,155,162,154,99,78,47,62,22,18,59,22,328,366,95,66.4,57.9,75.9,52.3,1024.3,10.0,6.1,15.0,15.9,0.0,,0,0,0,0
2024-09-03,3,9,2024,247,0,0,775,110,117,177,129,68,70,71,54,14,29,58,28,316,376,78,67.0,57.9,78.1,49.8,1026.1,10.0,4.5,8.9,,0.0,,0,0,0,0
2024-09-04,4,9,2024,248,0,0,760,120,140,180,124,67,86,52,58,17,27,52,24,307,368,83,70.0,57.9,84.0,49.7,1024.4,10.0,4.9,9.9,,0.0,,0,0,0,0
2024-09-05,5,9,2024,249,0,0,795,117,143,201,135,91,65,41,52,18,31,57,25,332,380,80,75.1,57.9,87.1,58.8,1020.3,10.0,4.9,13.0,19.0,0.0,,0,0,0,0
2024-09-06,6,9,2024,250,0,0,778,83,110,229,132,79,68,51,38,14,26,51,30,304,384,87,68.2,61.0,87.1,57.9,1018.6,10.0,8.7,14.0,19.0,0.04,,0,0,0,0
2024-09-07,7,9,2024,251,1,0,768,87,155,190,141,82,89,36,44,11,27,52,31,299,385,82,57.9,48.0,70.0,42.7,1022.1,10.0,10.2,15.0,21.0,0.0,,0,0,0,0
2024-09-08,1,9,2024,252,1,0,747,100,157,167,133,92,62,38,65,10,28,76,25,320,363,62,59.0,48.0,72.0,44.1,1021.6,10.0,5.8,11.1,20.0,0.0,,0,0,0,0
2024-09-09,2,9,2024,253,0,0,726,91,106,181,116,61,73,57,49,23,29,50,34,284,363,74,67.3,48.9,81.0,49.3,1019.6,10.0,8.2,12.0,19.0,0.0,,0,0,0,0
2024-09-10,3,9,2024,254,0,0,729,103,124,166,141,86,76,44,65,15,19,49,10,317,343,66,69.9,57.0,82.0,49.9,1019.3,10.0,4.9,11.1,15.9,0.0,,0,0,0,0
2024-09-11,4,9,2024,255,0,0,734,103,137,180,121,69,86,39,68,19,33,47,17,298,368,65,72.7,57.9,87.1,49.6,1017.7,10.0,3.5,6.0,,0.0,,0,0,0,0
2024-09-12,5,9,2024,256,0,0,711,94,137,173,132,74,70,45,51,13,36,36,17,264,371,72,75.2,59.0,87.1,55.8,1017.4,10.0,4.7,13.0,20.0,0.0,,0,0,0,0
2024-09-13,6,9,2024,257,0,0,832,100,142,194,145,89,70,41,63,8,33,77,33,377,375,77,76.0,63.0,87.1,59.5,1017.5,10.0,7.9,14.0,21.0,0.0,,0,0,0,0
2024-09-14,7,9,2024,258,1,0,790,110,166,183,164,91,74,27,46,9,23,76,17,375,356,57,77.0,66.0,88.0,61.6,1018.5,10.0,4.9,8.9,,0.0,,0,0,0,0
2024-09-15,1,9,2024,259,1,0,808,123,174,160,192,94,81,29,47,7,25,59,25,397,337,70,77.3,66.9,90.0,61.4,1019.6,10.0,5.0,11.1,15.0,0.0,,0,0,0,0
2024-09-16,2,9,2024,260,0,0,744,98,122,170,123,99,59,44,56,14,29,55,34,313,354,75,76.6,64.9,90.0,56.1,1020.2,10.0,5.5,14.0,,0.0,,0,0,0,0
2024-09-17,3,9,2024,261,0,0,782,102,125,182,119,85,75,60,69,25,36,58,22,307,377,95,74.2,62.1,90.0,52.8,1018.7,10.0,4.2,12.0,17.1,0.0,,0,0,0,0
2024-09-18,4,9,2024,262,0,0,740,82,124,198,124,81,66,45,62,9,20,49,20,309,355,74,72.5,61.0,88.0,56.4,1015.4,9.6,3.5,12.0,,0.0,,0,0,0,0
2024-09-19,5,9,2024,263,0,0,757,108,113,168,141,79,77,52,47,20,18,50,27,324,355,75,75.3,61.0,89.1,55.3,1013.2,10.0,3.6,9.9,,0.0,,0,0,0,0
2024-09-20,6,9,2024,264,0,0,822,98,138,194,144,86,71,61,60,15,32,58,27,334,394,92,78.8,62.1,91.0,58.6,1009.0,10.0,7.7,12.0,18.1,0.02,,0,1,0,1
2024-09-21,7,9,2024,265,1,0,806,111,173,178,173,95,72,36,43,8,27,64,33,350,393,62,77.4,63.0,91.9,53.6,1011.5,10.0,3.7,8.9,14.0,0.0,,0,0,0,0
2024-09-22,1,9,2024,266,1,0,731,82,157,151,151,103,62,25,30,16,26,79,26,332,327,72,73.7,63.0,91.9,61.2,1010.6,8.4,5.3,13.0,19.0,0.0,,0,1,0,0
2024-09-23,2,9,2024,267,0,0,747,94,136,185,129,82,72,46,55,14,44,52,25,306,375,60,64.6,60.1,78.1,55.5,1014.3,10.0,10.1,19.0,,0.8,,0,1,0,0
2024-09-24,3,9,2024,268,0,0,611,76,100,155,104,69,45,40,46,11,23,53,27,242,306,59,64.4,61.0,66.9,61.4,1009.0,5.4,4.8,12.0,,0.04,,0,1,0,0
2024-09-25,4,9,2024,269,0,0,759,96,113,195,124,68,71,41,55,17,30,69,28,302,389,66,65.5,57.0,77.0,55.2,1011.9,10.0,5.4,9.9,,0.41,,0,0,0,0
2024-09-26,5,9,2024,270,0,0,752,109,110,162,141,73,63,46,58,19,22,69,27,316,343,92,66.5,57.0,77.0,53.9,1016.0,10.0,4.5,12.0,17.1,0.0,,0,0,0,0
2024-09-27,6,9,2024,271,0,0,758,97,141,188,124,89,63,42,39,15,33,86,26,309,360,86,68.6,57.0,77.0,57.3,1012.2,10.0,13.9,27.0,34.0,0.0,,0,0,0,0
2024-09-28,7,9,2024,272,1,0,765,100,150,180,150,87,63,28,50,7,31,94,18,323,364,78,68.9,64.9,72.0,59.6,1009.3,9.7,17.8,26.0,34.0,0.0,,0,1,0,0
2024-09-29,1,9,2024,273,1,0,748,105,173,156,148,99,74,20,44,17,33,68,33,339,355,51,70.0,64.9,73.9,62.3,1014.2,9.8,12.5,17.1,22.0,0.0,,0,1,0,0
2024-09-30,2,9,2024,274,0,0,776,102,137,176,143,83,71,54,45,11,27,82,34,314,377,83,70.9,63.0,79.0,61.7,1015.1,10.0,6.5,12.0,,0.01,,0,0,0,0
2024-10-01,3,10,2024,275,0,0,849,105,142,212,114,66,91,103,65,20,19,52,37,295,456,89,66.6,61.0,79.0,52.4,1016.0,10.0,9.0,17.1,26.0,0.0,,0,0,0,0
2024-10-02,4,10,2024,276,0,0,722,99,126,185,135,65,66,37,59,24,21,41,21,277,351,92,59.4,48.0,72.0,36.6,1018.3,10.0,5.5,13.0,18.1,0.0,,0,0,0,0
2024-10-03,5,10,2024,277,0,0,713,119,111,196,100,63,78,57,37,15,28,42,27,279,362,71,63.9,48.9,80.1,41.8,1015.7,10.0,5.5,12.0,,0.0,,0,0,0,0
2024-10-04,6,10,2024,278,0,0,758,91,121,190,128,91,78,51,36,8,37,49,25,276,398,81,63.9,54.0,80.1,53.5,1022.2,10.0,8.1,15.0,22.0,0.01,,0,1,0,0
2024-10-05,7,10,2024,279,1,0,769,83,133,198,137,93,66,41,35,5,30,65,27,325,371,70,66.7,57.9,84.9,52.0,1021.2,10.0,9.0,17.1,27.0,0.0,,0,0,0,0
2024-10-06,1,10,2024,280,1,0,737,91,157,157,159,93,74,19,33,12,29,80,26,333,339,64,71.9,57.9,84.9,48.5,1012.3,10.0,12.8,18.1,28.9,0.0,,0,0,0,0
2024-10-07,2,10,2024,281,0,0,760,96,120,173,130,77,60,64,46,23,28,72,27,303,384,69,58.1,48.0,75.0,35.5,1019.3,10.0,6.5,9.9,15.9,0.0,,0,0,0,0
2024-10-08,3,10,2024,282,0,0,667,86,108,182,106,66,57,47,39,23,18,53,26,256,335,72,59.4,48.0,73.9,35.8,1017.3,10.0,6.1,13.0,15.0,0.0,,0,0,0,0
2024-10-09,4,10,2024,283,0,0,689,85,107,191,106,62,68,53,49,14,23,40,27,251,354,83,60.2,50.0,73.9,47.2,1017.6,10.0,4.9,12.0,17.1,0.0,,0,0,0,0
2024-10-10,5,10,2024,284,0,0,731,89,142,182,112,72,76,59,44,11,25,54,37,265,385,77,61.7,51.1,73.0,43.5,1021.3,10.0,5.5,12.0,,0.0,,0,0,0,0
2024-10-11,6,10,2024,285,0,0,772,105,122,204,135,70,85,38,36,21,40,66,24,308,370,90,65.4,53.1,82.9,45.2,1019.6,10.0,6.3,13.0,22.0,0.0,,0,0,0,0
2024-10-12,7,10,2024,286,1,0,740,90,143,183,143,105,69,25,41,10,26,52,27,320,361,59,66.2,55.0,82.9,50.9,1016.0,10.0,11.0,22.0,28.9,0.0,,0,0,0,0
2024-10-13,1,10,2024,287,1,0,653,81,142,153,123,85,57,31,41,10,28,53,31,258,316,77,60.1,55.9,68.0,49.8,1009.9,10.0,10.8,22.0,35.0,0.0,,0,1,0,1
2024-10-14,2,10,2024,288,0,0,639,95,131,165,118,73,58,23,45,14,26,57,15,248,339,51,51.4,45.0,66.9,37.5,1016.7,9.9,12.9,22.0,34.0,0.02,,0,1,0,0
2024-10-15,3,10,2024,289,0,0,620,77,112,154,93,65,47,58,33,27,28,62,19,218,333,65,45.0,41.0,57.0,37.6,1022.1,9.2,11.3,21.0,28.0,0.13,,0,1,0,0
2024-10-16,4,10,2024,290,0,0,677,110,108,185,90,71,70,35,52,28,22,43,23,246,365,62,46.1,37.0,57.9,30.2,1028.7,10.0,7.1,13.0,,0.14,,0,0,0,0
2024-10-17,5,10,2024,291,0,0,697,118,123,163,117,62,80,43,58,21,30,53,14,259,363,70,49.4,37.0,64.0,29.9,1026.6,10.0,5.3,11.1,17.1,0.0,,0,0,0,0
2024-10-18,6,10,2024,292,0,0,690,95,88,173,101,79,74,43,46,13,21,54,25,290,309,87,54.7,37.9,69.1,32.3,1028.2,10.0,6.3,13.0,18.1,0.0,,0,0,0,0
2024-10-19,7,10,2024,293,1,0,722,73,127,179,125,93,62,32,40,8,24,72,31,288,354,78,57.8,42.1,71.1,37.7,1030.9,10.0,5.0,8.9,,0.0,,0,0,0,0
2024-10-20,1,10,2024,294,1,0,786,125,170,164,179,104,71,36,38,23,22,59,23,319,379,86,62.1,45.0,79.0,39.2,1026.7,10.0,7.3,12.0,19.0,0.0,,0,0,0,0
2024-10-21,2,10,2024,295,0,0,737,90,134,170,133,92,80,45,39,12,18,67,23,324,332,77,66.9,51.1,81.0,40.3,1022.6,10.0,7.2,11.1,18.1,0.0,,0,0,0,0
2024-10-22,3,10,2024,296,0,0,734,89,120,175,128,100,62,42,49,13,15,63,32,318,334,79,65.1,54.0,81.0,42.0,1017.5,10.0,8.1,15.9,27.0,0.0,,0,1,0,0
2024-10-23,4,10,2024,297,0,0,667,107,111,170,117,59,63,48,52,22,25,47,18,256,342,62,62.3,55.0,73.0,43.8,1015.2,10.0,8.7,12.0,20.0,0.01,,0,0,0,0
2024-10-24,5,10,2024,298,0,0,671,112,104,169,110,57,43,58,55,20,25,47,27,274,329,63,51.9,39.9,64.9,35.1,1021.2,10.0,4.5,11.1,15.9,0.0,,0,0,0,0
2024-10-25,6,10,2024,299,0,0,737,96,115,152,151,87,80,55,36,19,36,49,24,280,374,78,56.3,39.9,66.9,44.2,1017.8,9.1,7.2,12.0,19.0,0.83,,0,1,0,1
2024-10-26,7,10,2024,300,1,0,771,98,157,186,154,96,69,40,55,10,34,56,18,308,387,76,51.4,43.0,66.9,32.8,1029.1,10.0,7.1,9.9,,0.01,,0,0,0,0
2024-10-27,1,10,2024,301,1,0,719,100,151,166,133,111,74,20,44,10,24,58,25,297,358,64,47.8,37.0,59.0,33.6,1028.9,10.0,3.1,8.0,,0.0,,0,0,0,0
2024-10-28,2,10,2024,302,0,0,727,86,108,158,125,85,82,53,46,15,34,61,20,296,358,71,52.3,37.0,66.9,33.3,1021.1,10.0,7.1,12.0,20.0,0.0,,0,0,0,0
2024-10-29,3,10,2024,303,0,0,762,111,149,201,135,72,67,39,46,20,44,67,15,311,383,67,71.3,64.0,82.0,54.1,1012.0,10.0,13.8,20.0,34.0,0.0,,0,0,0,0
2024-10-30,4,10,2024,304,0,0,802,101,137,198,150,92,70,50,46,13,25,67,27,335,372,90,73.5,66.0,82.0,56.4,1014.1,10.0,16.2,20.0,34.0,0.0,,0,0,0,0
2024-10-31,5,10,2024,305,0,0,774,104,129,178,148,93,67,33,51,24,34,54,30,320,390,64,65.7,48.0,80.1,53.9,1009.0,10.0,14.5,22.9,41.0,0.0,,0,1,0,0
2024-11-01,6,11,2024,306,0,0,900,101,147,208,131,87,79,103,56,19,38,59,44,297,518,79,45.6,39.0,53.1,32.5,1021.8,10.0,9.8,25.1,41.0,0.03,,0,0,0,0
2024-11-02,7,11,2024,307,1,0,672,105,119,145,134,81,59,39,32,17,25,61,30,293,308,68,46.1,37.9,59.0,36.2,1028.2,10.0,4.6,8.9,,0.0,,0,0,0,0
2024-11-03,1,11,2024,308,1,0,689,103,149,141,125,105,60,27,41,17,28,77,25,301,324,63,53.2,37.9,62.1,38.8,1021.2,10.0,8.5,14.0,21.0,0.0,,0,1,0,0
2024-11-04,2,11,2024,309,0,0,680,95,124,130,132,73,55,47,40,22,22,62,45,291,319,69,64.8,48.9,68.0,59.2,1011.4,9.5,10.8,17.1,28.0,0.3,,0,1,0,0
2024-11-05,3,11,2024,310,0,0,570,89,108,135,93,45,60,35,53,16,19,53,23,199,307,62,64.8,62.6,66.9,62.1,1006.4,7.9,12.2,21.0,33.0,1.01,,0,1,0,0
2024-11-06,4,11,2024,311,0,0,674,99,101,162,106,67,62,47,55,15,32,57,21,263,339,70,55.2,50.0,66.9,49.7,1014.3,10.0,7.6,12.0,18.1,0.57,,0,1,0,0
2024-11-07,5,11,2024,312,0,0,714,94,104,182,116,77,65,47,42,24,20,55,32,300,345,64,51.0,44.1,60.1,39.6,1025.6,10.0,5.6,9.9,,0.0,,0,0,0,0
2024-11-08,6,11,2024,313,0,0,733,100,119,161,121,100,77,41,54,22,20,55,20,285,362,81,51.3,44.1,62.1,38.6,1024.3,10.0,6.6,11.1,17.1,0.0,,0,0,0,0
2024-11-09,7,11,2024,314,1,0,713,107,139,174,124,83,67,43,42,13,28,53,29,288,357,67,50.9,44.1,62.1,41.3,1024.3,10.0,7.9,11.1,19.0,0.0,,0,1,0,0
2024-11-10,1,11,2024,315,1,0,645,109,139,149,122,80,48,41,36,20,25,51,28,276,314,53,53.3,46.0,63.0,47.8,1012.0,7.3,8.5,20.0,35.0,0.28,,0,1,0,0
2024-11-11,2,11,2024,316,0,1,665,117,125,154,141,72,65,35,38,25,20,41,25,262,338,63,52.9,45.0,63.0,42.7,1012.1,10.0,11.2,17.1,27.0,0.08,,0,0,0,0
2024-11-12,3,11,2024,317,0,0,725,100,103,179,108,71,54,52,51,28,34,71,15,290,356,74,45.0,39.9,57.9,34.4,1024.3,10.0,9.4,13.0,15.0,0.0,,0,0,0,0
2024-11-13,4,11,2024,318,0,0,652,116,101,154,119,66,60,39,38,23,27,49,26,240,328,82,45.0,39.9,52.0,34.5,1022.0,10.0,8.2,9.9,,0.0,,0,1,0,0
2024-11-14,5,11,2024,319,0,0,754,82,128,200,122,73,70,60,43,19,24,58,33,284,393,74,50.6,39.9,54.0,48.0,1009.0,5.8,6.8,14.0,19.0,0.67,,0,1,0,0
2024-11-15,6,11,2024,320,0,0,712,92,117,163,126,61,64,54,62,23,21,50,27,262,373,72,49.7,46.9,55.9,43.2,1018.1,9.7,5.1,9.9,,0.01,,0,1,0,0
2024-11-16,7,11,2024,321,1,0,697,108,122,157,126,80,64,32,35,17,24,67,33,295,327,75,47.2,42.1,55.9,39.5,1020.1,9.9,5.2,11.1,19.0,0.0,,0,0,0,0
2024-11-17,1,11,2024,322,1,0,629,89,130,129,131,93,46,27,38,9,18,63,30,263,306,59,50.5,46.0,57.9,43.8,1013.3,10.0,8.2,11.1,17.1,0.0,,0,1,0,0
2024-11-18,2,11,2024,323,0,0,632,87,119,148,110,83,66,40,33,18,27,36,27,250,332,49,53.2,48.9,57.0,51.7,1012.7,4.5,4.8,13.0,19.0,0.03,,1,1,0,0
2024-11-19,3,11,2024,324,0,0,638,111,123,152,109,73,62,46,41,29,22,40,17,244,333,59,59.5,57.0,63.0,52.8,1001.5,8.4,14.3,20.0,34.0,0.48,,0,1,0,0
2024-11-20,4,11,2024,325,0,0,646,91,97,170,98,69,51,38,46,23,26,48,24,231,336,76,45.4,35.1,54.0,34.0,1008.4,10.0,10.3,20.0,33.0,0.06,,0,1,1,0
2024-11-21,5,11,2024,326,0,0,582,94,96,164,84,49,47,44,50,21,27,42,13,196,330,54,33.1,30.0,39.0,27.3,1005.8,6.6,13.5,22.0,29.9,0.0,3.1,1,1,1,0
2024-11-22,6,11,2024,327,0,0,655,104,127,159,128,62,53,50,38,14,22,48,25,242,347,62,41.6,30.2,48.0,36.1,1013.6,10.0,11.3,18.1,26.0,0.28,,0,1,0,0
2024-11-23,7,11,2024,328,1,0,649,92,137,186,135,73,52,25,34,18,20,47,19,234,351,63,41.3,36.0,48.0,34.8,1016.8,10.0,8.2,14.0,18.1,0.0,,0,0,0,0
2024-11-24,1,11,2024,329,1,0,637,106,135,150,137,89,43,28,34,20,15,47,27,264,310,62,41.4,37.0,50.0,35.9,1013.9,8.8,6.6,11.1,,0.0,,0,0,0,0
2024-11-25,2,11,2024,330,0,0,663,98,106,169,95,81,59,44,45,24,34,53,22,264,319,73,49.3,37.0,52.0,43.5,1009.7,9.2,6.0,15.9,25.1,0.0,,0,1,0,0
2024-11-26,3,11,2024,331,0,0,662,99,113,168,105,55,54,46,44,24,43,52,28,220,366,72,34.2,25.0,52.0,22.8,1019.7,10.0,10.7,17.1,27.0,0.0,,0,0,0,0
2024-11-27,4,11,2024,332,0,0,633,94,108,148,99,70,49,37,37,18,45,67,26,245,338,50,37.9,26.2,44.1,24.6,1015.3,10.0,3.7,8.0,,0.0,,0,0,0,0
2024-11-28,5,11,2024,333,0,1,418,65,137,70,108,47,44,21,31,2,10,30,18,146,241,31,31.8,26.1,44.1,23.2,1013.8,10.0,10.4,18.1,22.9,0.0,,0,0,0,0
2024-11-29,6,11,2024,334,0,0,553,81,118,156,85,66,44,34,35,13,19,34,11,182,327,44,25.0,21.0,35.1,13.1,1019.7,9.6,11.6,17.1,25.1,0.0,,0,0,1,0
2024-11-30,7,11,2024,335,1,0,542,96,100,130,85,60,39,38,46,20,24,41,14,201,297,41,19.2,14.0,28.0,7.8,1021.7,10.0,10.0,15.0,25.1,0.0,,0,0,0,0
2024-12-01,1,12,2024,336,1,0,667,88,157,133,137,66,39,63,48,18,28,49,24,235,370,58,21.1,14.0,27.0,7.5,1023.1,10.0,7.9,11.1,17.1,0.0,,0,0,0,0
2024-12-02,2,12,2024,337,0,0,658,95,115,164,100,65,53,52,56,23,21,55,20,232,361,64,19.4,14.0,27.0,11.6,1027.9,10.0,5.0,9.9,15.9,0.0,,0,0,0,0
2024-12-03,3,12,2024,338,0,0,675,97,111,180,113,66,65,45,40,24,23,50,21,224,379,70,21.2,14.0,30.9,14.7,1031.7,10.0,6.6,11.1,21.0,0.0,,0,0,0,0
2024-12-04,4,12,2024,339,0,0,630,94,107,170,93,49,51,67,35,14,29,38,31,212,357,57,29.5,19.0,39.0,21.3,1012.4,10.0,13.8,22.9,41.0,0.0,,0,0,0,0
2024-12-05,5,12,2024,340,0,0,644,76,103,191,96,69,53,50,44,19,30,32,20,198,371,73,20.3,12.0,39.0,5.7,1020.4,9.6,15.8,28.0,42.9,0.0,,0,0,1,0
2024-12-06,6,12,2024,341,0,0,640,87,120,159,118,57,51,44,44,19,27,54,16,242,336,58,22.2,12.0,32.0,9.3,1027.9,10.0,7.6,12.0,24.1,0.0,,0,0,0,0
2024-12-07,7,12,2024,342,1,0,721,94,131,181,125,102,43,41,32,19,35,68,36,298,355,68,32.7,15.1,50.0,15.5,1018.3,10.0,10.0,18.1,28.9,0.0,,0,0,0,0
2024-12-08,1,12,2024,343,1,0,691,108,143,131,125,120,69,29,40,23,15,56,28,304,331,54,46.3,25.2,55.0,32.0,1007.9,10.0,9.7,15.9,27.0,0.0,,0,0,0,0
2024-12-09,2,12,2024,344,0,0,702,99,129,162,123,82,61,50,44,26,20,49,28,268,362,70,48.9,39.9,55.0,38.9,1005.2,9.5,9.6,14.0,25.1,0.0,,0,1,0,0
2024-12-10,3,12,2024,345,0,0,709,110,114,152,129,75,63,62,52,22,30,49,23,274,366,65,37.5,30.9,53.1,25.5,1012.3,10.0,7.9,11.1,19.0,0.0,,0,0,1,0
2024-12-11,4,12,2024,346,0,0,653,96,136,165,123,69,60,40,43,15,28,43,17,210,373,68,29.1,21.0,42.1,17.7,1013.2,10.0,10.0,19.0,34.0,0.0,,0,0,1,0
2024-12-12,5,12,2024,347,0,0,545,79,96,158,90,52,49,37,42,15,15,38,11,183,310,49,11.1,3.9,32.0,-3.6,1025.7,10.0,11.9,18.1,29.9,0.0,,0,0,1,0
2024-12-13,6,12,2024,348,0,0,620,96,110,145,123,57,56,45,44,22,16,57,9,223,331,64,14.5,3.9,27.0,2.0,1036.7,10.0,6.1,9.9,,0.0,,0,0,0,0
2024-12-14,7,12,2024,349,1,0,658,85,129,172,123,65,50,30,55,15,16,61,35,253,349,54,30.0,25.0,37.9,19.2,1035.5,10.0,9.6,13.0,,0.04,,0,1,1,0
2024-12-15,1,12,2024,350,1,0,626,103,146,163,156,68,45,26,42,14,14,38,18,230,335,61,40.3,25.2,45.0,38.5,1022.7,2.8,6.1,14.0,,0.38,,1,1,0,0
2024-12-16,2,12,2024,351,0,0,627,96,110,152,102,68,61,40,47,20,25,39,27,216,350,61,45.3,37.9,51.1,43.5,1015.1,5.1,8.2,15.0,27.0,0.03,,1,1,0,0
2024-12-17,3,12,2024,352,0,0,606,103,110,155,91,71,55,38,43,20,27,41,20,232,318,54,37.0,34.0,51.1,30.5,1020.6,10.0,9.7,14.0,24.1,0.0,,0,0,0,0
2024-12-18,4,12,2024,353,0,0,653,94,109,164,115,65,42,39,52,20,42,44,21,230,369,54,32.8,28.9,39.0,25.6,1025.3,9.7,7.1,13.0,20.0,0.0,,0,0,0,0
2024-12-19,5,12,2024,354,0,0,585,85,90,146,100,54,52,43,42,18,25,41,18,204,321,58,27.9,25.0,35.1,17.4,1026.0,10.0,6.9,15.0,22.0,0.01,,1,0,1,0
2024-12-20,6,12,2024,355,0,0,654,109,122,161,104,65,55,48,49,20,28,49,16,228,355,69,32.4,25.0,35.1,27.7,1021.4,5.9,10.8,21.0,29.9,0.17,2.0,1,1,1,0
2024-12-21,7,12,2024,356,1,0,607,97,118,144,116,73,57,23,33,13,27,43,35,215,335,57,21.5,14.0,35.1,11.5,1031.6,10.0,7.1,15.0,20.0,0.0,1.2,0,0,0,0
2024-12-22,1,12,2024,357,1,0,617,102,138,136,121,62,50,33,42,10,24,55,20,231,329,57,22.2,14.0,33.1,14.5,1029.7,10.0,5.0,11.1,,0.0,1.2,0,0,0,0
2024-12-23,2,12,2024,358,0,0,684,119,122,176,121,61,54,43,45,28,32,53,20,265,360,58,34.7,32.0,39.0,25.5,1020.3,10.0,11.1,15.9,25.1,0.0,1.2,0,0,0,0
2024-12-24,3,12,2024,359,0,0,567,81,106,131,105,65,47,44,35,5,25,43,14,178,327,56,36.0,32.0,39.0,28.8,1025.2,8.8,7.3,14.0,,0.0,,0,0,0,0
2024-12-25,4,12,2024,360,0,1,507,65,176,74,140,69,58,12,39,4,26,32,19,162,290,54,34.5,30.0,39.0,27.7,1026.2,9.4,5.1,8.9,,0.0,,0,0,0,0
2024-12-26,5,12,2024,361,0,0,546,85,111,122,81,51,49,35,44,18,24,44,25,221,272,53,41.4,32.0,48.0,39.5,1022.6,2.9,5.2,11.1,,0.02,,1,1,0,0
2024-12-27,6,12,2024,362,0,0,566,89,108,147,88,55,44,26,40,16,28,49,18,218,302,44,47.2,37.9,50.0,44.1,1014.8,6.8,6.7,12.0,,0.05,,0,1,0,0
2024-12-28,7,12,2024,363,1,0,663,118,143,141,132,92,54,27,44,8,25,49,27,292,319,52,49.8,45.0,52.0,45.1,1010.4,8.2,11.9,22.0,32.1,0.26,,0,1,0,0
2024-12-29,1,12,2024,364,1,0,644,101,174,145,142,75,45,22,49,14,33,50,26,253,337,54,43.9,39.9,51.1,41.5,1009.7,6.5,7.1,13.0,15.9,0.0,,0,1,0,0
2024-12-30,2,12,2024,365,0,0,642,104,123,160,111,93,42,31,47,22,20,51,18,253,329,59,36.6,32.0,46.0,33.3,1007.0,8.9,6.5,12.0,,0.47,,0,0,0,0
2024-12-31,3,12,2024,366,0,0,36,2,9,5,2,7,2,4,3,0,3,5,1,14,18,3,38.9,33.1,42.1,35.5,1005.7,8.0,10.7,21.0,29.9,0.23,,0,1,0,0
